ticker,price,stage,technical_stage,pattern,formation_score,technical_score,risk_score,decision,market_regime_state,market_regime_score,market_regime_reason,rs20_vs_spy,rsi14,rvol,max_up_day_30d_pct,ten_pct_up_days_30d,explosive_move_30d,atr_pct,avg_dollar_volume,ema20,ema50,ema200,daily_support,daily_resistance,weekly_support,weekly_resistance,monthly_support,monthly_resistance,entry_trigger,entry_model,entry_condition,entry_buffer_pct,retest_reference,retest_distance_pct,retest_quality_score,retest_quality_reasons,ema20_slope5_pct,support_touch_count,higher_low,bullish_close,stop,stop_basis,stop_anchor,stop_anchor_distance_pct,risk_pct,swing5_low,swing10_low,target_5,target_8,target_10,rr_to_8pct,next_higher_resistance,runway_to_next_resistance_pct,runway_ok,min_runway_required_pct,effective_target,effective_target_pct,effective_rr,effective_rr_ok,min_effective_rr_required,distance_to_20d_high_pct,extension_above_20d_high_pct,source,theme,theme_rotation_score,rotation_leader_score,rotation_leader,broad_breakout_score,last,day_change_pct,move_30m_pct,intraday_volume,rel_vs_spy_pct,broad_rvol,last_bar_et,v3_discovery_source,v3_discovered_at_utc,market_hunt_score,v3_rank_source,v3_market_data_source,v3_market_data_refreshed_at_utc,v3_provider_coverage,v3_analyzable_coverage,live_stage_priority,live_status,live_session_date,live_bar_at_et,live_bar_high,live_bar_low,live_price,session_high,session_low,live_vwap,live_above_vwap,opening_range_high,opening_range_low,live_above_or_high,intraday_rvol,volume_vs_9ma,opening_30m_rvol,opening_volume_spike_2x,quote_bid,quote_ask,bid_ask_spread_pct,spread_gate_passed,spread_gate_source,live_trigger_reached,live_retest_touched,live_confirmation_score,premarket_price,premarket_gap_pct,premarket_volume,premarket_status,live_trade_action,order_flow_mode,order_flow_score,order_flow_state,buy_pressure_pct,sell_pressure_pct,signed_volume_proxy,volume_imbalance_proxy,close_location_value,volume_impulse,vwap_pressure,previous_state,monitor_state,state_changed,checked_at_et
AUR,6.51,FORMING,FORMING,"20/50 uptrend, rising EMA50, compressed below 20d resistance, tight range, 20d volume expansion",68,78,35,WATCHLIST,NEUTRAL,69.0,price>EMA20; EMA20>EMA50; EMA20 falling,3.06,70.6,1.64,8.03,0,False,5.01,194702349.0,6.32,6.31,5.87,5.4,6.76,5.4,7.66,3.82,8.56,6.79,RESISTANCE_BREAKOUT,BREAKOUT,0.39,,,0,,,0,False,False,6.38,ATR_FALLBACK,6.3,7.22,6.0,6.24,6.16,7.13,7.33,7.46,1.33,7.66,12.88,True,5.0,7.33,8.0,1.33,False,2.5,3.84,0.0,BROAD_BREAKOUT,UNCLASSIFIED / BROAD BREAKOUT,0.0,69.8,True,69.8,6.51,3.33,0.0,32663634.0,1.77,2.74,2026-09-21T14:25:00-04:00,POSTGRES_WAREHOUSE_DISCOVERY,2026-09-21T22:22:18.314695+00:00,67.9,V3_NATIVE_POSTGRES_WAREHOUSE,POSTGRES_WAREHOUSE,2026-09-21T22:22:25.194015+00:00,1.0,1.0,2,MARKET CLOSED,2026-09-21,2026-09-21 14:25:00-04:00,6.52,6.5,6.51,6.61,6.03,6.39,True,6.58,6.09,False,2.74,0.21,1.99,False,,,,True,LIQUIDITY_PROXY,False,False,45,,,,NO PREMARKET DATA,WAIT / MARKET NOT LIVE,BAR_PROXY,54.9,BALANCED,58.3,41.7,3916403.0,11.99,0.094,0.44,2.01,NEW,FORMING,True,2026-09-21T18:22:50-04:00
RBLX,51.25,FORMING,FORMING,"20/50 uptrend, rising EMA50, compressed below 20d resistance, bull flag/pullback",56,74,55,WATCHLIST,NEUTRAL,69.0,price>EMA20; EMA20>EMA50; EMA20 falling,32.3,75.5,0.95,12.73,1,True,4.64,441416058.0,45.2,44.63,61.27,37.31,51.3,33.88,58.43,33.88,69.91,51.49,RESISTANCE_BREAKOUT,BREAKOUT,0.37,,,0,,,0,False,False,48.4,ATR_FALLBACK,47.92,6.93,6.0,46.26,41.31,54.06,55.61,56.64,1.33,58.43,13.48,True,5.0,55.61,8.0,1.33,False,2.5,0.1,0.0,BROAD_BREAKOUT,UNCLASSIFIED / BROAD BREAKOUT,0.0,77.3,True,77.3,50.89,6.4,-0.29,4965758.0,4.84,1.49,2026-09-21T14:25:00-04:00,POSTGRES_WAREHOUSE_DISCOVERY,2026-09-21T22:22:18.314695+00:00,62.4,V3_NATIVE_POSTGRES_WAREHOUSE,POSTGRES_WAREHOUSE,2026-09-21T22:22:25.194015+00:00,1.0,1.0,2,MARKET CLOSED,2026-09-21,2026-09-21 14:25:00-04:00,50.94,50.88,50.89,51.38,49.67,50.75,True,51.19,49.67,False,1.36,0.43,1.67,False,,,,True,LIQUIDITY_PROXY,False,False,45,,,,NO PREMARKET DATA,WAIT / MARKET NOT LIVE,BAR_PROXY,44.9,BALANCED,49.9,50.1,-308717.0,-6.22,-0.298,1.01,0.27,NEW,FORMING,True,2026-09-21T18:22:50-04:00
BTBT,1.82,FORMING,CONFIRMED,"20/50 uptrend, rising EMA50, near EMA200 pivot, 20d volume expansion, fresh breakout, effective R/R 1.33 < 2.50",44,56,35,WATCHLIST,NEUTRAL,69.0,price>EMA20; EMA20>EMA50; EMA20 falling,17.69,66.7,1.67,17.27,3,True,7.12,49791542.0,1.57,1.56,1.86,1.31,1.76,1.18,2.02,1.18,2.39,1.82,CONFIRMED_MARKET,BREAKOUT,0.0,,,0,,,0,False,False,1.71,ATR_FALLBACK,1.63,10.68,6.0,1.41,1.41,1.91,1.97,2.0,1.33,2.02,10.99,True,5.0,1.97,8.0,1.33,False,2.5,-3.3,3.41,BROAD_BREAKOUT,UNCLASSIFIED / BROAD BREAKOUT,0.0,93.3,True,93.3,1.88,8.7,1.36,34363656.0,7.13,1.62,2026-09-21T14:25:00-04:00,POSTGRES_WAREHOUSE_DISCOVERY,2026-09-21T22:22:18.314695+00:00,58.1,V3_NATIVE_POSTGRES_WAREHOUSE,POSTGRES_WAREHOUSE,2026-09-21T22:22:25.194015+00:00,1.0,1.0,2,MARKET CLOSED,2026-09-21,2026-09-21 14:25:00-04:00,1.88,1.87,1.88,1.88,1.75,1.83,True,1.83,1.75,True,1.95,0.05,2.77,True,,,,False,NONE,True,False,100,,,,NO PREMARKET DATA,WAIT / MARKET NOT LIVE,BAR_PROXY,62.0,BUYING PRESSURE,52.3,47.7,993097.0,2.89,-0.031,1.84,2.3,NEW,FORMING,True,2026-09-21T18:22:50-04:00
COHU,60.62,FORMING,CONFIRMED,"20/50 uptrend, rising EMA50, 20d volume expansion, fresh breakout, effective R/R 1.33 < 2.50",34,46,35,WATCHLIST,NEUTRAL,69.0,price>EMA20; EMA20>EMA50; EMA20 falling,10.22,69.9,1.39,10.31,1,True,5.93,51622689.0,53.33,52.87,44.28,43.27,58.71,39.2,74.6,26.63,74.6,60.62,CONFIRMED_MARKET,BREAKOUT,0.0,,,0,,,0,False,False,56.98,ATR_FALLBACK,55.22,8.9,6.0,48.14,46.93,63.65,65.46,66.68,1.33,74.6,23.07,True,5.0,65.46,8.0,1.33,False,2.5,-3.14,3.24,BROAD_BREAKOUT,UNCLASSIFIED / BROAD BREAKOUT,0.0,80.4,True,80.4,60.93,5.43,0.69,732578.0,3.87,1.97,2026-09-21T14:25:00-04:00,POSTGRES_WAREHOUSE_DISCOVERY,2026-09-21T22:22:18.314695+00:00,51.3,V3_NATIVE_POSTGRES_WAREHOUSE,POSTGRES_WAREHOUSE,2026-09-21T22:22:25.194015+00:00,1.0,1.0,2,MARKET CLOSED,2026-09-21,2026-09-21 14:25:00-04:00,61.07,60.93,60.93,61.14,58.08,60.06,True,59.91,58.08,True,1.58,0.2,1.77,False,,,,False,NONE,True,False,95,,,,NO PREMARKET DATA,WAIT / MARKET NOT LIVE,BAR_PROXY,51.9,BALANCED,43.9,56.1,6216.0,0.85,0.307,0.38,1.45,NEW,FORMING,True,2026-09-21T18:22:50-04:00
QUBT,8.96,FORMING,CONFIRMED,"20d volume expansion, fresh breakout, effective R/R 1.36 < 2.50",8,8,35,WATCHLIST,NEUTRAL,69.0,price>EMA20; EMA20>EMA50; EMA20 falling,-0.82,64.0,1.31,9.58,0,False,3.99,52681405.0,8.29,8.5,10.52,7.63,8.78,7.3,10.1,6.18,14.45,8.96,CONFIRMED_MARKET,BREAKOUT,0.0,,,0,,,0,False,False,8.43,EMA50,8.5,5.15,5.87,7.63,7.63,9.41,9.68,9.86,1.36,10.1,12.72,True,5.0,9.68,8.0,1.36,False,2.5,-0.11,0.11,BROAD_BREAKOUT,UNCLASSIFIED / BROAD BREAKOUT,0.0,71.5,True,71.5,9.06,4.2,0.5,5861144.0,2.64,1.31,2026-09-21T14:25:00-04:00,POSTGRES_WAREHOUSE_DISCOVERY,2026-09-21T22:22:18.314695+00:00,29.6,V3_NATIVE_POSTGRES_WAREHOUSE,POSTGRES_WAREHOUSE,2026-09-21T22:22:25.194015+00:00,1.0,1.0,2,MARKET CLOSED,2026-09-21,2026-09-21 14:25:00-04:00,9.07,9.03,9.06,9.13,8.85,9.01,True,9.06,8.85,False,1.46,1.18,1.86,False,,,,False,NONE,True,False,70,,,,NO PREMARKET DATA,WAIT / MARKET NOT LIVE,BAR_PROXY,51.3,BALANCED,43.0,57.0,-93648.0,-1.6,0.094,0.95,0.58,NEW,FORMING,True,2026-09-21T18:22:50-04:00
GDDY,104.77,DISCOVER,DISCOVER,"20/50 uptrend, rising EMA50, compressed below 20d resistance, volume expanding",48,68,35,WATCHLIST,NEUTRAL,69.0,price>EMA20; EMA20>EMA50; EMA20 falling,6.67,58.1,1.3,9.45,0,False,4.19,202581167.0,98.8,95.66,99.06,91.6,106.0,73.1,106.0,71.59,106.0,106.35,RESISTANCE_BREAKOUT,BREAKOUT,0.33,,,0,,,0,False,False,99.97,ATR_FALLBACK,99.76,6.19,6.0,95.8,91.6,111.67,114.86,116.99,1.33,,,False,5.0,114.86,8.0,1.33,False,2.5,1.17,0.0,BROAD_BREAKOUT,UNCLASSIFIED / BROAD BREAKOUT,0.0,82.6,True,82.6,103.78,6.54,0.07,970575.0,4.98,1.42,2026-09-21T14:25:00-04:00,POSTGRES_WAREHOUSE_DISCOVERY,2026-09-21T22:22:18.314695+00:00,63.6,V3_NATIVE_POSTGRES_WAREHOUSE,POSTGRES_WAREHOUSE,2026-09-21T22:22:25.194015+00:00,1.0,1.0,1,MARKET CLOSED,2026-09-21,2026-09-21 14:25:00-04:00,103.78,103.38,103.78,104.38,97.75,102.1,True,99.31,97.75,True,1.48,0.66,0.54,False,,,,True,LIQUIDITY_PROXY,False,False,70,,,,NO PREMARKET DATA,WAIT / MARKET NOT LIVE,BAR_PROXY,54.1,BALANCED,54.1,45.9,126748.0,13.06,-0.242,0.89,1.64,NEW,DISCOVER,True,2026-09-21T18:22:50-04:00
GLXY,26.07,DISCOVER,DISCOVER,"above EMA50, rising EMA50, near EMA200 pivot, volume expanding",42,62,35,WATCHLIST,NEUTRAL,69.0,price>EMA20; EMA20>EMA50; EMA20 falling,9.01,55.2,1.3,10.82,2,True,6.63,129878402.0,23.99,24.04,25.95,21.61,27.52,18.22,29.63,16.43,36.1,27.66,RESISTANCE_BREAKOUT,BREAKOUT,0.5,,,0,,,0,False,False,26.0,ATR_FALLBACK,25.07,9.37,6.0,21.61,21.61,29.04,29.87,30.42,1.33,29.63,7.13,True,5.0,29.63,7.13,1.19,False,2.5,5.56,0.0,BROAD_BREAKOUT,UNCLASSIFIED / BROAD BREAKOUT,0.0,80.9,True,80.9,26.18,6.01,0.73,4104842.0,4.45,1.56,2026-09-21T14:25:00-04:00,POSTGRES_WAREHOUSE_DISCOVERY,2026-09-21T22:22:18.314695+00:00,59.7,V3_NATIVE_POSTGRES_WAREHOUSE,POSTGRES_WAREHOUSE,2026-09-21T22:22:25.194015+00:00,1.0,1.0,1,MARKET CLOSED,2026-09-21,2026-09-21 14:25:00-04:00,26.2,26.16,26.18,26.22,25.33,25.89,True,26.08,25.33,True,1.52,0.27,1.95,False,,,,True,LIQUIDITY_PROXY,False,False,70,,,,NO PREMARKET DATA,WAIT / MARKET NOT LIVE,BAR_PROXY,55.6,BALANCED,56.8,43.2,657515.0,16.02,0.133,0.52,1.13,NEW,DISCOVER,True,2026-09-21T18:22:50-04:00
SG,7.48,DISCOVER,DISCOVER,"20/50 uptrend, rising EMA50, tight range, volume expanding",42,62,35,WATCHLIST,NEUTRAL,69.0,price>EMA20; EMA20>EMA50; EMA20 falling,5.74,57.8,1.18,10.31,1,True,6.11,32925892.0,6.87,6.86,7.07,6.38,7.4,5.0,9.49,4.49,10.63,7.48,RESISTANCE_BREAKOUT,BREAKOUT,1.08,,,0,,,0,False,False,7.03,ATR_FALLBACK,6.79,9.16,6.0,6.61,6.47,7.85,8.08,8.23,1.33,9.49,26.87,True,5.0,8.08,8.0,1.33,False,2.5,-1.07,1.08,BROAD_BREAKOUT,UNCLASSIFIED / BROAD BREAKOUT,0.0,76.5,True,76.5,7.59,5.06,0.13,3089611.0,3.49,1.53,2026-09-21T14:25:00-04:00,POSTGRES_WAREHOUSE_DISCOVERY,2026-09-21T22:22:18.314695+00:00,59.7,V3_NATIVE_POSTGRES_WAREHOUSE,POSTGRES_WAREHOUSE,2026-09-21T22:22:25.194015+00:00,1.0,1.0,1,MARKET CLOSED,2026-09-21,2026-09-21 14:25:00-04:00,7.61,7.59,7.59,7.62,7.23,7.47,True,7.44,7.23,True,1.6,0.52,1.38,False,,,,False,NONE,True,False,95,,,,NO PREMARKET DATA,WAIT / MARKET NOT LIVE,BAR_PROXY,56.1,BALANCED,50.4,49.6,-96024.0,-3.11,-0.318,1.99,1.57,NEW,DISCOVER,True,2026-09-21T18:22:50-04:00
WIX,83.53,DISCOVER,DISCOVER,"20/50 uptrend, rising EMA50, near EMA200 pivot, volume contraction, low-volume pullback",46,56,35,WATCHLIST,NEUTRAL,69.0,price>EMA20; EMA20>EMA50; EMA20 falling,0.51,43.5,0.77,16.45,1,True,6.56,110942030.0,79.14,72.64,82.38,69.27,96.8,44.0,96.8,40.16,94.83,97.24,RESISTANCE_BREAKOUT,BREAKOUT,0.45,,,0,,,0,False,False,91.4,ATR_FALLBACK,89.02,8.45,6.0,77.75,69.27,102.1,105.02,106.96,1.33,,,False,5.0,105.02,8.0,1.33,False,2.5,15.89,0.0,BROAD_BREAKOUT,UNCLASSIFIED / BROAD BREAKOUT,0.0,68.9,True,68.9,82.22,4.78,-0.02,387120.0,3.22,1.26,2026-09-21T14:25:00-04:00,POSTGRES_WAREHOUSE_DISCOVERY,2026-09-21T22:22:18.314695+00:00,55.7,V3_NATIVE_POSTGRES_WAREHOUSE,POSTGRES_WAREHOUSE,2026-09-21T22:22:25.194015+00:00,1.0,1.0,1,MARKET CLOSED,2026-09-21,2026-09-21 14:25:00-04:00,82.22,81.97,82.22,82.87,77.1,80.81,True,80.0,77.1,True,1.41,0.08,1.99,False,,,,True,LIQUIDITY_PROXY,False,False,70,,,,NO PREMARKET DATA,WAIT / MARKET NOT LIVE,BAR_PROXY,54.1,BALANCED,57.3,42.7,66969.0,17.3,-0.389,0.91,1.74,NEW,DISCOVER,True,2026-09-21T18:22:50-04:00
