ticker,price,stage,technical_stage,pattern,formation_score,technical_score,risk_score,decision,market_regime_state,market_regime_score,market_regime_reason,rs20_vs_spy,rsi14,rvol,max_up_day_30d_pct,ten_pct_up_days_30d,explosive_move_30d,atr_pct,avg_dollar_volume,ema20,ema50,ema200,daily_support,daily_resistance,weekly_support,weekly_resistance,monthly_support,monthly_resistance,entry_trigger,entry_model,entry_condition,entry_buffer_pct,retest_reference,retest_distance_pct,retest_quality_score,retest_quality_reasons,ema20_slope5_pct,support_touch_count,higher_low,bullish_close,stop,stop_basis,stop_anchor,stop_anchor_distance_pct,risk_pct,swing5_low,swing10_low,target_5,target_8,target_10,rr_to_8pct,next_higher_resistance,runway_to_next_resistance_pct,runway_ok,min_runway_required_pct,effective_target,effective_target_pct,effective_rr,effective_rr_ok,min_effective_rr_required,distance_to_20d_high_pct,extension_above_20d_high_pct,avg_share_volume20,median_dollar_volume20,adr20_pct,liquidity_gate_passed,volatility_gate_passed,company_name,rank_score,theme,theme_etf,theme_score,theme_state,theme_bonus,theme_match_confidence,theme_match_source,theme_match_reason,sector_regime_ok,catalyst_score,catalyst_status,catalyst_type,catalyst_bias,catalyst_headline,catalyst_provider,catalyst_age_hours,catalyst_relevance,catalyst_fresh,news_freshness_status,catalyst_materiality,rejected_news_count,earnings_days,negative_catalyst_risk,final_score,final_decision,live_status,live_session_date,live_bar_at_et,live_bar_high,live_bar_low,live_price,session_high,session_low,live_vwap,live_above_vwap,opening_range_high,opening_range_low,live_above_or_high,intraday_rvol,volume_vs_9ma,opening_30m_rvol,opening_volume_spike_2x,quote_bid,quote_ask,bid_ask_spread_pct,spread_gate_passed,spread_gate_source,live_trigger_reached,live_retest_touched,live_confirmation_score,premarket_price,premarket_gap_pct,premarket_volume,premarket_status,live_trade_action,order_flow_mode,order_flow_score,order_flow_state,buy_pressure_pct,sell_pressure_pct,signed_volume_proxy,volume_imbalance_proxy,close_location_value,volume_impulse,vwap_pressure,market_hunt_score,universal_10pct_gate
MSTR,132.66,DISCOVER,DISCOVER,"20/50 uptrend, rising EMA50, tight range, volume contraction",42,60,35,WATCHLIST,WEAK,37.0,price<EMA20; EMA20>EMA50; EMA20 falling,28.17,47.3,0.43,17.56,3,True,6.74,3484504123.0,126.54,119.14,151.58,108.35,144.92,81.81,144.92,81.81,197.0,145.64,RESISTANCE_BREAKOUT,BREAKOUT,0.49,,,0,,,0,False,False,136.9,ATR_FALLBACK,132.21,9.22,6.0,123.33,121.38,152.92,157.29,160.2,1.33,197.0,35.27,True,5.0,157.29,8.0,1.33,False,2.5,9.24,0.0,26991461.0,2891926163.0,5.98,True,True,Strategy Inc - Class A Common Stock,52.2,UNCLASSIFIED,,0.0,NONE,0.0,0.0,NONE,,True,0,NOT CHECKED,NONE,NEUTRAL,,,,NOT CHECKED,False,NOT CHECKED,NONE,0,,False,52.2,WATCHLIST,NOT CHECKED,,,,,,,,,False,,,False,,,,False,,,,False,NONE,False,False,0,,,,NOT CHECKED,NO LIVE SIGNAL,BAR_PROXY,0.0,NO DATA,,,,,,,,52.2,True
HOOD,107.66,DISCOVER,DISCOVER,"above EMA50, rising EMA50, bull flag/pullback",40,58,35,WATCHLIST,WEAK,37.0,price<EMA20; EMA20>EMA50; EMA20 falling,13.33,48.1,0.58,16.57,2,True,6.41,2609022420.0,108.8,103.79,99.7,93.65,125.25,83.68,125.25,63.51,120.05,125.8,RESISTANCE_BREAKOUT,BREAKOUT,0.44,,,0,,,0,False,False,118.25,ATR_FALLBACK,115.45,8.22,6.0,101.71,101.71,132.09,135.87,138.38,1.33,,,False,5.0,135.87,8.0,1.33,False,2.5,16.34,0.0,23555492.0,2258026966.0,5.91,True,True,"Robinhood Markets, Inc. - Class A Common Stock",47.1,UNCLASSIFIED,,0.0,NONE,0.0,0.0,NONE,,True,0,NOT CHECKED,NONE,NEUTRAL,,,,NOT CHECKED,False,NOT CHECKED,NONE,0,,False,47.1,WATCHLIST,NOT CHECKED,,,,,,,,,False,,,False,,,,False,,,,False,NONE,False,False,0,,,,NOT CHECKED,NO LIVE SIGNAL,BAR_PROXY,0.0,NO DATA,,,,,,,,47.1,True
ASST,29.16,FORMING,FORMING,"20/50 uptrend, rising EMA50, compressed below 20d resistance, tight range, volume contraction",58,76,35,WATCHLIST,WEAK,37.0,price<EMA20; EMA20>EMA50; EMA20 falling,98.88,72.5,0.53,15.08,4,True,7.32,262577030.0,24.38,19.72,21.39,15.14,29.6,10.53,29.04,7.66,24.48,29.77,RESISTANCE_BREAKOUT,BREAKOUT,0.58,,,0,,,0,False,False,27.98,ATR_FALLBACK,26.57,10.76,6.0,25.82,22.3,31.26,32.15,32.75,1.33,,,False,5.0,32.15,8.0,1.33,False,2.5,1.51,0.0,10908255.0,251360514.0,8.33,True,True,"Strive, Inc. - Class A Common Stock",65.8,UNCLASSIFIED,,0.0,NONE,0.0,0.0,NONE,,True,30,ACTIVE,FRESH NEWS,NEUTRAL,"Strive's Bitcoin Stash Hits an Even 25,000 BTC After $36.6 Million Buy",decrypt,56.5,COMPANY_NAME,True,FRESH_72H,LOW,5,53.8,False,71.8,WATCHLIST,LIVE,2026-09-17,2026-09-17T13:30:00-04:00,29.16,29.16,29.16,29.23,27.61,28.53,True,28.54,27.61,True,1.17,0.0,1.1,False,,,,True,LIQUIDITY_PROXY,False,False,50,28.12,1.88,0.0,AVAILABLE,WATCH / NOT ARMED,BAR_PROXY,71.1,STRONG BUYING PRESSURE,71.7,28.3,925801.0,15.95,0.276,1.97,2.22,76.8,True
MGNI,25.32,FORMING,FORMING,"20/50 uptrend, rising EMA50, compressed below 20d resistance, volume contraction, 20d volume expansion",56,76,35,WATCHLIST,WEAK,37.0,price<EMA20; EMA20>EMA50; EMA20 falling,7.08,65.1,1.85,17.66,1,True,4.33,49563212.0,23.75,22.21,18.66,22.44,25.79,17.28,25.79,11.36,25.45,25.88,RESISTANCE_BREAKOUT,BREAKOUT,0.34,,,0,,,0,False,False,24.33,ATR_FALLBACK,24.23,6.35,6.0,23.1,22.44,27.17,27.95,28.47,1.33,,,False,5.0,27.95,8.0,1.33,False,2.5,1.86,0.0,2063160.0,39245081.0,3.84,True,True,"Magnite, Inc. - Common Stock",58.9,UNCLASSIFIED,,0.0,NONE,0.0,0.0,NONE,,True,38,ACTIVE,FRESH NEWS,NEUTRAL,Why Magnite Stock Rocketed Higher Today,Motley Fool,1.4,COMPANY_NAME,True,FRESH_24H,LOW,6,48.1,False,66.5,WATCHLIST,NOT CHECKED,,,,,,,,,False,,,False,,,,False,,,,False,NONE,False,False,0,,,,NOT CHECKED,NO LIVE SIGNAL,BAR_PROXY,0.0,NO DATA,,,,,,,,66.5,True
HNGE,94.81,FORMING,FORMING,"20/50 uptrend, rising EMA50, compressed below 20d resistance, tight range, volume contraction",58,78,35,WATCHLIST,WEAK,37.0,price<EMA20; EMA20>EMA50; EMA20 falling,8.09,52.9,0.49,11.55,1,True,4.62,169283535.0,90.76,85.45,66.57,84.23,95.62,67.86,95.57,34.64,95.57,95.97,RESISTANCE_BREAKOUT,BREAKOUT,0.37,,,0,,,0,False,False,90.21,EMA20,90.76,5.42,6.0,86.29,86.29,100.77,103.65,105.57,1.33,,,False,5.0,103.65,8.0,1.33,False,2.5,0.85,0.0,1864452.0,162011133.0,4.94,True,True,"Hinge Health, Inc. Class A Common Stock",61.1,UNCLASSIFIED,,0.0,NONE,0.0,0.0,NONE,,True,22,WEAK,CONTEXT NEWS,NEUTRAL,Jim Cramer Explains Why He Added Hinge Health (HNGE) to His Fantasy Lineup,Insider Monkey,126.5,COMPANY_NAME,False,CONTEXT_7D,LOW,6,47.1,False,65.5,WATCHLIST,NOT CHECKED,,,,,,,,,False,,,False,,,,False,,,,False,NONE,False,False,0,,,,NOT CHECKED,NO LIVE SIGNAL,BAR_PROXY,0.0,NO DATA,,,,,,,,65.5,True
HALO,109.92,FORMING,FORMING,"20/50 uptrend, rising EMA50, compressed below 20d resistance, tight range, volume contraction",58,74,35,WATCHLIST,WEAK,37.0,price<EMA20; EMA20>EMA50; EMA20 falling,3.05,58.8,0.67,20.24,1,True,2.5,153076445.0,106.18,97.52,80.84,103.47,111.15,68.27,111.15,61.33,109.66,111.37,RESISTANCE_BREAKOUT,BREAKOUT,0.2,,,0,,,0,False,False,105.68,EMA20,106.18,4.66,5.11,105.5,105.48,116.94,120.28,122.51,1.57,,,False,5.0,120.28,8.0,1.57,False,2.5,1.12,0.0,1417671.0,162047552.0,2.36,True,True,"Halozyme Therapeutics, Inc. - Common Stock",56.0,Biotechnology,XBI,57.7,NEUTRAL,0.88,0.95,INDUSTRY,biotechnology -> biotechnology,True,38,ACTIVE,FRESH NEWS,NEUTRAL,Is Halozyme Therapeutics (HALO) Fully Priced Ahead Of Its September Conference Run?,Simply Wall St.,22.3,COMPANY_NAME,True,FRESH_24H,LOW,4,46.1,False,64.5,WATCHLIST,NOT CHECKED,,,,,,,,,False,,,False,,,,False,,,,False,NONE,False,False,0,,,,NOT CHECKED,NO LIVE SIGNAL,BAR_PROXY,0.0,NO DATA,,,,,,,,64.5,True
INSM,123.6,FORMING,FORMING,"above EMA50, rising EMA50, near EMA50 support, near EMA200 pivot, tight range",60,72,35,WATCHLIST,WEAK,37.0,price<EMA20; EMA20>EMA50; EMA20 falling,-4.49,53.2,0.43,33.86,1,True,4.12,230536604.0,123.92,120.44,130.68,117.15,130.83,95.27,137.7,90.39,166.19,131.24,RESISTANCE_BREAKOUT,BREAKOUT,0.31,,,0,,,0,False,False,123.36,EMA20,123.92,5.57,6.0,118.34,118.34,137.8,141.74,144.36,1.33,137.7,4.92,False,5.0,137.7,4.92,0.82,False,2.5,6.07,0.0,1852796.0,224008212.0,3.79,True,True,Insmed Incorporated - Common Stock,51.3,Biotechnology,XBI,57.7,NEUTRAL,0.88,0.95,INDUSTRY,biotechnology -> biotechnology,True,30,ACTIVE,FRESH NEWS,NEUTRAL,The Fund Exited Insmed (INSM) After the Investment Thesis Played Out,Insider Monkey,26.8,COMPANY_NAME,True,FRESH_72H,LOW,3,41.8,False,58.2,WATCHLIST,NOT CHECKED,,,,,,,,,False,,,False,,,,False,,,,False,NONE,False,False,0,,,,NOT CHECKED,NO LIVE SIGNAL,BAR_PROXY,0.0,NO DATA,,,,,,,,58.2,True
OKTA,190.38,DISCOVER,DISCOVER,"20/50 uptrend, rising EMA50, compressed below 20d resistance, volume contraction",48,72,35,WATCHLIST,WEAK,37.0,price<EMA20; EMA20>EMA50; EMA20 falling,35.74,61.8,0.5,28.63,2,True,4.8,716975750.0,169.16,153.1,117.46,127.6,191.99,113.87,179.44,62.66,174.85,192.72,RESISTANCE_BREAKOUT,BREAKOUT,0.38,,,0,,,0,False,False,181.16,ATR_FALLBACK,179.0,7.12,6.0,166.17,157.73,202.36,208.14,211.99,1.33,,,False,5.0,208.14,8.0,1.33,False,2.5,0.85,0.0,4315468.0,601569482.0,5.21,True,True,"Okta, Inc. - Class A Common Stock",61.2,Cybersecurity,HACK,100.0,LEADING,6.0,1.0,STATIC_CONSTITUENT,verified theme membership,True,38,ACTIVE,FRESH NEWS,NEUTRAL,Okta Just Rallied 28% in a Month and Cybersecurity Stocks Are Red-Hot Now. Is $200 Coming Soon?,24/7 Wall St.,22.4,COMPANY_NAME,True,FRESH_24H,LOW,4,75.1,False,74.8,WATCHLIST,NOT CHECKED,,,,,,,,,False,,,False,,,,False,,,,False,NONE,False,False,0,,,,NOT CHECKED,NO LIVE SIGNAL,BAR_PROXY,0.0,NO DATA,,,,,,,,74.8,True
VRNS,47.47,DISCOVER,DISCOVER,"20/50 uptrend, rising EMA50, compressed below 20d resistance, tight range",52,76,35,WATCHLIST,WEAK,37.0,price<EMA20; EMA20>EMA50; EMA20 falling,13.19,59.9,0.27,10.41,1,True,4.26,84211564.0,45.3,43.19,38.84,39.88,48.39,32.04,49.54,19.7,49.54,48.55,RESISTANCE_BREAKOUT,BREAKOUT,0.33,,,0,,,0,False,False,45.64,ATR_FALLBACK,45.52,6.24,6.0,44.17,40.89,50.98,52.44,53.41,1.33,49.54,2.04,False,5.0,49.54,2.04,0.34,False,2.5,1.94,0.0,1860960.0,71232177.0,4.25,True,True,"Varonis Systems, Inc. - Common Stock",61.1,Cybersecurity,HACK,100.0,LEADING,6.0,1.0,STATIC_CONSTITUENT,verified theme membership,True,0,NOT CHECKED,NONE,NEUTRAL,,,,NOT CHECKED,False,NOT CHECKED,NONE,0,,False,67.1,WATCHLIST,NOT CHECKED,,,,,,,,,False,,,False,,,,False,,,,False,NONE,False,False,0,,,,NOT CHECKED,NO LIVE SIGNAL,BAR_PROXY,0.0,NO DATA,,,,,,,,67.1,True
CRM,243.14,DISCOVER,DISCOVER,"20/50 uptrend, rising EMA50, bull flag/pullback, volume contraction, low-volume pullback",50,68,35,WATCHLIST,WEAK,37.0,price<EMA20; EMA20>EMA50; EMA20 falling,18.89,43.5,0.54,22.58,1,True,3.96,3894031955.0,239.51,216.06,203.93,198.95,268.27,146.32,268.27,146.32,263.53,269.04,RESISTANCE_BREAKOUT,BREAKOUT,0.29,,,0,,,0,False,False,252.9,ATR_FALLBACK,254.59,5.37,6.0,241.75,241.75,282.49,290.56,295.94,1.33,,,False,5.0,290.56,8.0,1.33,False,2.5,10.34,0.0,15854442.0,2917445093.0,3.52,True,True,"Salesforce, Inc. Common Stock",58.4,Cloud Computing,SKYY,98.0,LEADING,5.76,1.0,STATIC_CONSTITUENT,verified theme membership,True,0,NOT CHECKED,NONE,NEUTRAL,,,,NOT CHECKED,False,NOT CHECKED,NONE,0,,False,64.2,WATCHLIST,NOT CHECKED,,,,,,,,,False,,,False,,,,False,,,,False,NONE,False,False,0,,,,NOT CHECKED,NO LIVE SIGNAL,BAR_PROXY,0.0,NO DATA,,,,,,,,64.2,True
TH,20.27,DISCOVER,DISCOVER,"20/50 uptrend, rising EMA50, compressed below 20d resistance, volume contraction",48,72,35,WATCHLIST,WEAK,37.0,price<EMA20; EMA20>EMA50; EMA20 falling,19.87,59.7,0.59,12.99,1,True,4.64,37214886.0,18.62,17.84,14.47,16.7,20.47,14.08,20.85,7.48,20.85,20.55,RESISTANCE_BREAKOUT,BREAKOUT,0.37,,,0,,,0,False,False,19.31,ATR_FALLBACK,19.13,6.87,6.0,18.43,17.86,21.57,22.19,22.6,1.33,20.85,1.48,False,5.0,20.85,1.48,0.25,False,2.5,0.99,0.0,1978818.0,27987842.0,5.01,True,True,Target Hospitality Corp. - Common Stock,61.1,UNCLASSIFIED,,0.0,NONE,0.0,0.55,SUMMARY_KEYWORD,construction,True,0,NOT CHECKED,NONE,NEUTRAL,,,,NOT CHECKED,False,NOT CHECKED,NONE,0,,False,61.1,WATCHLIST,NOT CHECKED,,,,,,,,,False,,,False,,,,False,,,,False,NONE,False,False,0,,,,NOT CHECKED,NO LIVE SIGNAL,BAR_PROXY,0.0,NO DATA,,,,,,,,61.1,True
BMNR,24.31,DISCOVER,DISCOVER,"20/50 uptrend, rising EMA50, near EMA200 pivot, bull flag/pullback",50,68,35,WATCHLIST,WEAK,37.0,price<EMA20; EMA20>EMA50; EMA20 falling,21.0,46.2,0.56,14.7,2,True,7.69,1132922249.0,23.47,21.28,24.95,20.62,26.97,12.8,26.97,12.8,26.91,27.12,RESISTANCE_BREAKOUT,BREAKOUT,0.55,,,0,,,0,False,False,25.49,ATR_FALLBACK,24.32,10.33,6.0,22.16,22.16,28.48,29.29,29.83,1.33,,,False,5.0,29.29,8.0,1.33,False,2.5,10.96,0.0,46625322.0,1154668741.0,6.48,True,True,"BitMine Immersion Technologies, Inc. Common Stock",59.0,UNCLASSIFIED,,0.0,NONE,0.0,0.55,SUMMARY_KEYWORD,gas,True,0,NOT CHECKED,NONE,NEUTRAL,,,,NOT CHECKED,False,NOT CHECKED,NONE,0,,False,59.0,WATCHLIST,NOT CHECKED,,,,,,,,,False,,,False,,,,False,,,,False,NONE,False,False,0,,,,NOT CHECKED,NO LIVE SIGNAL,BAR_PROXY,0.0,NO DATA,,,,,,,,59.0,True
ANF,138.6,DISCOVER,DISCOVER,"20/50 uptrend, rising EMA50, bull flag/pullback, volume contraction, low-volume pullback",50,68,35,WATCHLIST,WEAK,37.0,price<EMA20; EMA20>EMA50; EMA20 falling,32.35,43.8,0.1,35.67,1,True,4.35,351627834.0,135.53,120.62,100.22,102.3,155.22,83.98,155.22,69.68,154.58,155.7,RESISTANCE_BREAKOUT,BREAKOUT,0.31,,,0,,,0,False,False,146.36,ATR_FALLBACK,146.66,5.81,6.0,134.7,134.7,163.49,168.16,171.27,1.33,,,False,5.0,168.16,8.0,1.33,False,2.5,12.0,0.0,2482234.0,220709229.0,4.78,True,True,Abercrombie & Fitch Company Common Stock,59.0,UNCLASSIFIED,,0.0,NONE,0.0,0.0,NONE,,True,0,NOT CHECKED,NONE,NEUTRAL,,,,NOT CHECKED,False,NOT CHECKED,NONE,0,,False,59.0,WATCHLIST,NOT CHECKED,,,,,,,,,False,,,False,,,,False,,,,False,NONE,False,False,0,,,,NOT CHECKED,NO LIVE SIGNAL,BAR_PROXY,0.0,NO DATA,,,,,,,,59.0,True
BTDR,11.57,DISCOVER,DISCOVER,"rising EMA50, near EMA50 support, bull flag/pullback, volume contraction, low-volume pullback",46,70,55,WATCHLIST,WEAK,37.0,price<EMA20; EMA20>EMA50; EMA20 falling,21.06,51.6,0.45,10.89,1,True,7.37,128699781.0,11.28,11.59,12.86,10.07,12.95,8.44,19.32,6.92,20.72,13.02,RESISTANCE_BREAKOUT,BREAKOUT,0.53,,,0,,,0,False,False,12.24,ATR_FALLBACK,11.74,9.83,6.0,10.7,10.14,13.67,14.06,14.32,1.33,19.32,48.41,True,5.0,14.06,8.0,1.33,False,2.5,11.93,0.0,11432973.0,119845350.0,7.26,True,True,Bitdeer Technologies Group - Ordinary Shares,56.4,Crypto & Digital Infrastructure,WGMI,65.6,STRONG,1.87,1.0,STATIC_CONSTITUENT,verified theme membership,True,0,NOT CHECKED,NONE,NEUTRAL,,,,NOT CHECKED,False,NOT CHECKED,NONE,0,,False,58.3,WATCHLIST,NOT CHECKED,,,,,,,,,False,,,False,,,,False,,,,False,NONE,False,False,0,,,,NOT CHECKED,NO LIVE SIGNAL,BAR_PROXY,0.0,NO DATA,,,,,,,,58.3,True
AUGO,89.58,DISCOVER,DISCOVER,"20/50 uptrend, rising EMA50, compressed below 20d resistance, tight range",52,72,35,WATCHLIST,WEAK,37.0,price<EMA20; EMA20>EMA50; EMA20 falling,6.3,50.8,0.93,12.95,2,True,5.61,87551580.0,84.03,77.21,66.64,78.59,90.64,47.61,90.64,47.61,108.18,91.04,RESISTANCE_BREAKOUT,BREAKOUT,0.44,,,0,,,0,False,False,85.58,ATR_FALLBACK,83.51,8.28,6.0,82.22,82.09,95.59,98.33,100.15,1.33,108.18,18.83,True,5.0,98.33,8.0,1.33,False,2.5,1.18,0.0,1017496.0,79717210.0,4.7,True,True,Aura Minerals Inc. - Common Shares,55.1,Gold Miners,GDX,77.3,NEUTRAL,3.11,0.95,INDUSTRY,gold -> gold,True,0,NOT CHECKED,NONE,NEUTRAL,,,,NOT CHECKED,False,NOT CHECKED,NONE,0,,False,58.2,WATCHLIST,NOT CHECKED,,,,,,,,,False,,,False,,,,False,,,,False,NONE,False,False,0,,,,NOT CHECKED,NO LIVE SIGNAL,BAR_PROXY,0.0,NO DATA,,,,,,,,58.2,True
SMCI,40.64,DISCOVER,DISCOVER,"20/50 uptrend, rising EMA50, compressed below 20d resistance, volume expanding",48,72,35,WATCHLIST,WEAK,37.0,price<EMA20; EMA20>EMA50; EMA20 falling,12.02,55.3,1.27,19.02,2,True,5.77,1410176340.0,37.38,35.14,34.19,34.09,41.53,23.38,42.31,19.48,51.4,41.72,RESISTANCE_BREAKOUT,BREAKOUT,0.45,,,0,,,0,False,False,39.21,ATR_FALLBACK,38.2,8.43,6.0,35.36,35.36,43.8,45.05,45.89,1.33,42.31,1.42,False,5.0,42.31,1.42,0.24,False,2.5,2.19,0.0,37166115.0,1331204712.0,5.55,True,True,"Super Micro Computer, Inc. - Common Stock",57.2,UNCLASSIFIED,,0.0,NONE,0.0,0.55,SUMMARY_KEYWORD,cloud computing,True,0,NOT CHECKED,NONE,NEUTRAL,,,,NOT CHECKED,False,NOT CHECKED,NONE,0,,False,57.2,WATCHLIST,NOT CHECKED,,,,,,,,,False,,,False,,,,False,,,,False,NONE,False,False,0,,,,NOT CHECKED,NO LIVE SIGNAL,BAR_PROXY,0.0,NO DATA,,,,,,,,57.2,True
TWLO,241.94,DISCOVER,DISCOVER,"20/50 uptrend, rising EMA50, compressed below 20d resistance, tight range",52,72,35,WATCHLIST,WEAK,37.0,price<EMA20; EMA20>EMA50; EMA20 falling,9.96,50.4,0.36,24.89,1,True,4.09,367841809.0,231.88,221.52,178.5,215.79,244.89,179.2,258.35,112.99,258.35,245.68,RESISTANCE_BREAKOUT,BREAKOUT,0.32,,,0,,,0,False,False,230.94,EMA20,231.88,5.62,6.0,222.63,221.86,257.96,265.34,270.25,1.33,258.35,5.16,True,5.0,258.35,5.16,0.86,False,2.5,1.22,0.0,1586156.0,344751380.0,3.9,True,True,Twilio Inc. Class A Common Stock,56.9,Infrastructure,PAVE,40.7,WEAK,0.0,0.75,INDUSTRY_KEYWORD,infrastructure,False,0,NOT CHECKED,NONE,NEUTRAL,,,,NOT CHECKED,False,NOT CHECKED,NONE,0,,False,56.9,WATCHLIST,NOT CHECKED,,,,,,,,,False,,,False,,,,False,,,,False,NONE,False,False,0,,,,NOT CHECKED,NO LIVE SIGNAL,BAR_PROXY,0.0,NO DATA,,,,,,,,56.9,True
TEAM,192.1,DISCOVER,DISCOVER,"20/50 uptrend, rising EMA50, compressed below 20d resistance, volume contraction",48,72,35,WATCHLIST,WEAK,37.0,price<EMA20; EMA20>EMA50; EMA20 falling,11.17,55.0,0.36,35.31,2,True,4.83,640867441.0,178.74,152.12,123.94,160.96,198.6,74.41,198.6,56.01,197.3,199.34,RESISTANCE_BREAKOUT,BREAKOUT,0.37,,,0,,,0,False,False,187.38,ATR_FALLBACK,185.43,6.98,6.0,174.46,174.21,209.31,215.29,219.28,1.33,,,False,5.0,215.29,8.0,1.33,False,2.5,3.38,0.0,3502389.0,639145873.0,4.64,True,True,Atlassian Corporation  - Class A Common Stock,56.7,UNCLASSIFIED,,0.0,NONE,0.0,0.55,SUMMARY_KEYWORD,cloud platform,True,0,NOT CHECKED,NONE,NEUTRAL,,,,NOT CHECKED,False,NOT CHECKED,NONE,0,,False,56.7,WATCHLIST,NOT CHECKED,,,,,,,,,False,,,False,,,,False,,,,False,NONE,False,False,0,,,,NOT CHECKED,NO LIVE SIGNAL,BAR_PROXY,0.0,NO DATA,,,,,,,,56.7,True
BE,278.67,DISCOVER,DISCOVER,"20/50 uptrend, rising EMA50, compressed below 20d resistance",42,66,35,WATCHLIST,WEAK,37.0,price<EMA20; EMA20>EMA50; EMA20 falling,35.78,69.2,0.73,12.29,1,True,6.25,3119704080.0,246.91,238.2,203.86,185.93,283.83,157.33,351.28,116.5,351.28,285.22,RESISTANCE_BREAKOUT,BREAKOUT,0.49,,,0,,,0,False,False,268.11,ATR_FALLBACK,259.1,9.16,6.0,249.05,204.3,299.48,308.04,313.75,1.33,351.28,23.16,True,5.0,308.04,8.0,1.33,False,2.5,1.85,0.0,12963931.0,2881507320.0,6.18,True,True,Bloom Energy Corporation Class A Common Stock,56.0,UNCLASSIFIED,,0.0,NONE,0.0,0.55,SUMMARY_KEYWORD,gas,True,0,NOT CHECKED,NONE,NEUTRAL,,,,NOT CHECKED,False,NOT CHECKED,NONE,0,,False,56.0,WATCHLIST,NOT CHECKED,,,,,,,,,False,,,False,,,,False,,,,False,NONE,False,False,0,,,,NOT CHECKED,NO LIVE SIGNAL,BAR_PROXY,0.0,NO DATA,,,,,,,,56.0,True
NTSK,17.53,DISCOVER,DISCOVER,"20/50 uptrend, rising EMA50, compressed below 20d resistance",42,66,35,WATCHLIST,WEAK,37.0,price<EMA20; EMA20>EMA50; EMA20 falling,20.17,66.0,0.53,15.65,2,True,6.36,93731209.0,15.38,14.18,14.04,13.14,17.9,8.69,16.58,7.66,16.58,17.99,RESISTANCE_BREAKOUT,BREAKOUT,0.5,,,0,,,0,False,False,16.91,ATR_FALLBACK,16.32,9.29,6.0,14.2,13.26,18.89,19.43,19.79,1.33,,,False,5.0,19.43,8.0,1.33,False,2.5,2.11,0.0,6148079.0,81867959.0,6.61,True,True,"Netskope, Inc. - Class A Common Stock",56.0,Infrastructure,PAVE,40.7,WEAK,0.0,0.75,INDUSTRY_KEYWORD,infrastructure,False,0,NOT CHECKED,NONE,NEUTRAL,,,,NOT CHECKED,False,NOT CHECKED,NONE,0,,False,56.0,WATCHLIST,NOT CHECKED,,,,,,,,,False,,,False,,,,False,,,,False,NONE,False,False,0,,,,NOT CHECKED,NO LIVE SIGNAL,BAR_PROXY,0.0,NO DATA,,,,,,,,56.0,True
SG,6.87,DISCOVER,DISCOVER,"above EMA50, rising EMA50, near EMA50 support, near EMA200 pivot, tight range",52,72,35,WATCHLIST,WEAK,37.0,price<EMA20; EMA20>EMA50; EMA20 falling,7.93,51.4,0.37,10.31,1,True,6.38,31220165.0,6.76,6.82,7.07,6.38,7.4,5.0,9.49,4.49,10.63,7.44,RESISTANCE_BREAKOUT,BREAKOUT,0.47,,,0,,,0,False,False,6.99,ATR_FALLBACK,6.78,8.85,6.0,6.58,6.38,7.81,8.03,8.18,1.33,9.49,27.64,True,5.0,8.03,8.0,1.33,False,2.5,7.71,0.0,4560947.0,29894839.0,5.64,True,True,"Sweetgreen, Inc. Class A Common Stock",55.9,UNCLASSIFIED,,0.0,NONE,0.0,0.0,NONE,,True,0,NOT CHECKED,NONE,NEUTRAL,,,,NOT CHECKED,False,NOT CHECKED,NONE,0,,False,55.9,WATCHLIST,NOT CHECKED,,,,,,,,,False,,,False,,,,False,,,,False,NONE,False,False,0,,,,NOT CHECKED,NO LIVE SIGNAL,BAR_PROXY,0.0,NO DATA,,,,,,,,55.9,True
HPE,61.2,DISCOVER,DISCOVER,"20/50 uptrend, rising EMA50, compressed below 20d resistance",42,66,35,WATCHLIST,WEAK,37.0,price<EMA20; EMA20>EMA50; EMA20 falling,16.11,58.6,0.47,12.44,1,True,6.74,1372142137.0,55.61,52.22,39.17,45.7,62.15,40.72,63.44,20.41,64.06,62.48,RESISTANCE_BREAKOUT,BREAKOUT,0.53,,,0,,,0,False,False,58.73,ATR_FALLBACK,56.3,9.9,6.0,55.02,45.7,65.6,67.48,68.73,1.33,63.44,1.54,False,5.0,63.44,1.54,0.26,False,2.5,1.55,0.0,24979657.0,1197698461.0,5.52,True,True,Hewlett Packard Enterprise Company Common Stock,54.1,UNCLASSIFIED,,0.0,NONE,0.0,0.0,NONE,,True,0,NOT CHECKED,NONE,NEUTRAL,,,,NOT CHECKED,False,NOT CHECKED,NONE,0,,False,54.1,WATCHLIST,NOT CHECKED,,,,,,,,,False,,,False,,,,False,,,,False,NONE,False,False,0,,,,NOT CHECKED,NO LIVE SIGNAL,BAR_PROXY,0.0,NO DATA,,,,,,,,54.1,True
MARA,11.74,DISCOVER,DISCOVER,"rising EMA50, near EMA200 pivot, tight range",44,62,35,WATCHLIST,WEAK,37.0,price<EMA20; EMA20>EMA50; EMA20 falling,22.57,49.0,0.88,15.54,2,True,6.88,566226041.0,11.25,11.37,12.1,9.96,12.47,8.68,16.43,7.63,16.43,12.53,RESISTANCE_BREAKOUT,BREAKOUT,0.52,,,0,,,0,False,False,11.78,ATR_FALLBACK,11.32,9.66,6.0,10.77,9.99,13.16,13.54,13.79,1.33,16.43,31.08,True,5.0,13.54,8.0,1.33,False,2.5,6.22,0.0,49813942.0,525951931.0,7.56,True,True,"MARA Holdings, Inc. - Common Stock",53.9,UNCLASSIFIED,,0.0,NONE,0.0,0.0,NONE,,True,0,NOT CHECKED,NONE,NEUTRAL,,,,NOT CHECKED,False,NOT CHECKED,NONE,0,,False,53.9,WATCHLIST,NOT CHECKED,,,,,,,,,False,,,False,,,,False,,,,False,NONE,False,False,0,,,,NOT CHECKED,NO LIVE SIGNAL,BAR_PROXY,0.0,NO DATA,,,,,,,,53.9,True
NET,330.92,DISCOVER,DISCOVER,"20/50 uptrend, rising EMA50, compressed below 20d resistance",42,66,35,WATCHLIST,WEAK,37.0,price<EMA20; EMA20>EMA50; EMA20 falling,14.29,58.0,0.5,10.51,1,True,5.02,893098819.0,305.51,288.75,244.7,269.3,334.6,212.32,332.22,164.05,332.22,335.93,RESISTANCE_BREAKOUT,BREAKOUT,0.4,,,0,,,0,False,False,315.77,ATR_FALLBACK,311.03,7.41,6.0,302.88,269.3,352.72,362.8,369.52,1.33,,,False,5.0,362.8,8.0,1.33,False,2.5,1.11,0.0,2972084.0,848128256.0,5.22,True,True,"Cloudflare, Inc. Class A Common Stock",53.2,UNCLASSIFIED,,0.0,NONE,0.0,0.0,NONE,,True,0,NOT CHECKED,NONE,NEUTRAL,,,,NOT CHECKED,False,NOT CHECKED,NONE,0,,False,53.2,WATCHLIST,NOT CHECKED,,,,,,,,,False,,,False,,,,False,,,,False,NONE,False,False,0,,,,NOT CHECKED,NO LIVE SIGNAL,BAR_PROXY,0.0,NO DATA,,,,,,,,53.2,True
NVAX,10.11,DISCOVER,DISCOVER,"20/50 uptrend, rising EMA50, volume contraction",40,64,35,WATCHLIST,WEAK,37.0,price<EMA20; EMA20>EMA50; EMA20 falling,15.99,63.8,0.97,10.84,1,True,6.45,52504420.0,9.42,9.03,8.75,8.02,10.75,7.15,10.75,7.15,11.61,10.8,RESISTANCE_BREAKOUT,BREAKOUT,0.49,,,0,,,0,False,False,10.15,ATR_FALLBACK,9.82,9.07,6.0,9.11,9.11,11.34,11.67,11.88,1.33,11.61,7.48,True,5.0,11.61,7.48,1.25,False,2.5,6.28,0.0,5505276.0,51340618.0,6.29,True,True,"Novavax, Inc. - Common Stock",52.3,UNCLASSIFIED,,0.0,NONE,0.0,0.0,NONE,,True,0,NOT CHECKED,NONE,NEUTRAL,,,,NOT CHECKED,False,NOT CHECKED,NONE,0,,False,52.3,WATCHLIST,NOT CHECKED,,,,,,,,,False,,,False,,,,False,,,,False,NONE,False,False,0,,,,NOT CHECKED,NO LIVE SIGNAL,BAR_PROXY,0.0,NO DATA,,,,,,,,52.3,True
SWKS,90.49,DISCOVER,DISCOVER,"20/50 uptrend, rising EMA50, compressed below 20d resistance",42,60,35,WATCHLIST,WEAK,37.0,price<EMA20; EMA20>EMA50; EMA20 falling,33.06,71.6,0.45,13.55,1,True,6.19,542028169.0,77.3,71.67,67.23,63.06,92.3,55.43,92.3,51.48,85.18,92.75,RESISTANCE_BREAKOUT,BREAKOUT,0.49,,,0,,,0,False,False,87.18,ATR_FALLBACK,84.35,9.05,6.0,74.79,66.39,97.39,100.17,102.02,1.33,,,False,5.0,100.17,8.0,1.33,False,2.5,2.0,0.0,7137113.0,361173098.0,5.85,True,True,"Skyworks Solutions, Inc. - Common Stock",52.2,UNCLASSIFIED,,0.0,NONE,0.0,0.0,NONE,,True,0,NOT CHECKED,NONE,NEUTRAL,,,,NOT CHECKED,False,NOT CHECKED,NONE,0,,False,52.2,WATCHLIST,NOT CHECKED,,,,,,,,,False,,,False,,,,False,,,,False,NONE,False,False,0,,,,NOT CHECKED,NO LIVE SIGNAL,BAR_PROXY,0.0,NO DATA,,,,,,,,52.2,True
SIG,101.75,DISCOVER,DISCOVER,"20/50 uptrend, rising EMA50, compressed below 20d resistance",42,60,35,WATCHLIST,WEAK,37.0,price<EMA20; EMA20>EMA50; EMA20 falling,20.28,73.9,0.29,23.96,1,True,4.73,99138801.0,93.0,90.24,89.45,79.01,104.75,79.01,103.49,71.34,100.41,105.13,RESISTANCE_BREAKOUT,BREAKOUT,0.37,,,0,,,0,False,False,98.83,ATR_FALLBACK,97.92,6.87,6.0,95.33,80.0,110.39,113.55,115.65,1.33,,,False,5.0,113.55,8.0,1.33,False,2.5,2.95,0.0,1074383.0,67326133.0,4.04,True,True,Signet Jewelers Limited Common Shares,52.2,UNCLASSIFIED,,0.0,NONE,0.0,0.0,NONE,,True,0,NOT CHECKED,NONE,NEUTRAL,,,,NOT CHECKED,False,NOT CHECKED,NONE,0,,False,52.2,WATCHLIST,NOT CHECKED,,,,,,,,,False,,,False,,,,False,,,,False,NONE,False,False,0,,,,NOT CHECKED,NO LIVE SIGNAL,BAR_PROXY,0.0,NO DATA,,,,,,,,52.2,True
S,23.64,DISCOVER,DISCOVER,"20/50 uptrend, rising EMA50, compressed below 20d resistance",42,66,35,WATCHLIST,WEAK,37.0,price<EMA20; EMA20>EMA50; EMA20 falling,11.8,54.8,0.89,14.48,2,True,5.27,186712610.0,21.35,20.29,17.66,19.07,23.92,14.4,23.95,11.81,23.95,24.02,RESISTANCE_BREAKOUT,BREAKOUT,0.42,,,0,,,0,False,False,22.57,ATR_FALLBACK,22.15,7.78,6.0,19.16,19.07,25.22,25.94,26.42,1.33,,,False,5.0,25.94,8.0,1.33,False,2.5,1.17,0.0,8747841.0,136737612.0,5.04,True,True,"SentinelOne, Inc. Class A Common Stock",52.0,UNCLASSIFIED,,0.0,NONE,0.0,0.0,NONE,,True,0,NOT CHECKED,NONE,NEUTRAL,,,,NOT CHECKED,False,NOT CHECKED,NONE,0,,False,52.0,WATCHLIST,NOT CHECKED,,,,,,,,,False,,,False,,,,False,,,,False,NONE,False,False,0,,,,NOT CHECKED,NO LIVE SIGNAL,BAR_PROXY,0.0,NO DATA,,,,,,,,52.0,True
DOCN,132.93,DISCOVER,DISCOVER,"compressed below 20d resistance, bull flag/pullback, volume contraction, low-volume pullback",40,64,35,WATCHLIST,WEAK,37.0,price<EMA20; EMA20>EMA50; EMA20 falling,14.86,57.5,0.57,12.64,2,True,6.73,268718259.0,121.53,124.3,105.41,101.73,136.44,101.73,174.93,51.68,187.5,137.16,RESISTANCE_BREAKOUT,BREAKOUT,0.52,,,0,,,0,False,False,128.93,ATR_FALLBACK,123.74,9.78,6.0,114.31,101.73,144.01,148.13,150.87,1.33,174.93,27.54,True,5.0,148.13,8.0,1.33,False,2.5,2.64,0.0,2259293.0,233800921.0,6.38,True,True,"DigitalOcean Holdings, Inc. Common Stock",51.8,UNCLASSIFIED,,0.0,NONE,0.0,0.0,NONE,,True,0,NOT CHECKED,NONE,NEUTRAL,,,,NOT CHECKED,False,NOT CHECKED,NONE,0,,False,51.8,WATCHLIST,NOT CHECKED,,,,,,,,,False,,,False,,,,False,,,,False,NONE,False,False,0,,,,NOT CHECKED,NO LIVE SIGNAL,BAR_PROXY,0.0,NO DATA,,,,,,,,51.8,True
DOCU,70.41,DISCOVER,DISCOVER,"20/50 uptrend, rising EMA50, volume contraction",40,64,35,WATCHLIST,WEAK,37.0,price<EMA20; EMA20>EMA50; EMA20 falling,14.28,65.7,0.51,10.31,1,True,4.22,224485278.0,65.76,60.44,57.62,58.73,74.07,42.25,70.4,41.37,66.33,74.3,RESISTANCE_BREAKOUT,BREAKOUT,0.32,,,0,,,0,False,False,69.84,ATR_FALLBACK,69.85,5.99,6.0,63.82,63.63,78.02,80.25,81.73,1.33,,,False,5.0,80.25,8.0,1.33,False,2.5,5.19,0.0,3415948.0,204876584.0,3.89,True,True,"DocuSign, Inc. - Common Stock",51.5,UNCLASSIFIED,,0.0,NONE,0.0,0.0,NONE,,True,0,NOT CHECKED,NONE,NEUTRAL,,,,NOT CHECKED,False,NOT CHECKED,NONE,0,,False,51.5,WATCHLIST,NOT CHECKED,,,,,,,,,False,,,False,,,,False,,,,False,NONE,False,False,0,,,,NOT CHECKED,NO LIVE SIGNAL,BAR_PROXY,0.0,NO DATA,,,,,,,,51.5,True
SBET,8.48,DISCOVER,DISCOVER,"20/50 uptrend, rising EMA50, bull flag/pullback",40,58,35,WATCHLIST,WEAK,37.0,price<EMA20; EMA20>EMA50; EMA20 falling,20.69,46.5,0.55,12.56,2,True,7.53,77525128.0,8.2,7.42,8.25,7.17,9.49,4.46,9.49,4.46,9.06,9.54,RESISTANCE_BREAKOUT,BREAKOUT,0.54,,,0,,,0,False,False,8.97,ATR_FALLBACK,8.58,10.03,6.0,7.81,7.81,10.02,10.3,10.5,1.33,,,False,5.0,10.3,8.0,1.33,False,2.5,11.91,0.0,9213799.0,66497760.0,6.27,True,True,"Sharplink, Inc. - Common Stock",50.4,UNCLASSIFIED,,0.0,NONE,0.0,0.0,NONE,,True,0,NOT CHECKED,NONE,NEUTRAL,,,,NOT CHECKED,False,NOT CHECKED,NONE,0,,False,50.4,WATCHLIST,NOT CHECKED,,,,,,,,,False,,,False,,,,False,,,,False,NONE,False,False,0,,,,NOT CHECKED,NO LIVE SIGNAL,BAR_PROXY,0.0,NO DATA,,,,,,,,50.4,True
HTFL,49.41,DISCOVER,DISCOVER,"20/50 uptrend, rising EMA50, tight range",44,64,35,WATCHLIST,WEAK,37.0,price<EMA20; EMA20>EMA50; EMA20 falling,9.44,54.4,0.28,35.7,1,True,4.89,90140771.0,46.6,40.52,33.09,45.41,51.78,23.87,51.78,20.41,51.19,51.97,RESISTANCE_BREAKOUT,BREAKOUT,0.37,,,0,,,0,False,False,48.85,ATR_FALLBACK,48.35,6.98,6.0,45.41,45.41,54.57,56.13,57.17,1.33,,,False,5.0,56.13,8.0,1.33,False,2.5,4.79,0.0,1846789.0,87423832.0,4.84,True,True,"Heartflow, Inc. - Common Stock",49.9,UNCLASSIFIED,,0.0,NONE,0.0,0.0,NONE,,True,0,NOT CHECKED,NONE,NEUTRAL,,,,NOT CHECKED,False,NOT CHECKED,NONE,0,,False,49.9,WATCHLIST,NOT CHECKED,,,,,,,,,False,,,False,,,,False,,,,False,NONE,False,False,0,,,,NOT CHECKED,NO LIVE SIGNAL,BAR_PROXY,0.0,NO DATA,,,,,,,,49.9,True
CLMT,58.9,DISCOVER,DISCOVER,"20/50 uptrend, rising EMA50, compressed below 20d resistance",42,60,55,WATCHLIST,WEAK,37.0,price<EMA20; EMA20>EMA50; EMA20 falling,20.66,95.7,0.61,15.17,1,True,4.08,62405492.0,53.27,47.85,35.84,45.73,59.08,31.7,58.4,26.41,51.5,59.27,RESISTANCE_BREAKOUT,BREAKOUT,0.33,,,0,,,0,False,False,55.72,ATR_FALLBACK,55.67,6.08,6.0,54.91,51.77,62.24,64.01,65.2,1.33,,,False,5.0,64.01,8.0,1.33,False,2.5,0.3,0.0,1180394.0,61646262.0,4.28,True,True,"Calumet, Inc - Common Stock",49.2,UNCLASSIFIED,,0.0,NONE,0.0,0.0,NONE,,True,0,NOT CHECKED,NONE,NEUTRAL,,,,NOT CHECKED,False,NOT CHECKED,NONE,0,,False,49.2,WATCHLIST,NOT CHECKED,,,,,,,,,False,,,False,,,,False,,,,False,NONE,False,False,0,,,,NOT CHECKED,NO LIVE SIGNAL,BAR_PROXY,0.0,NO DATA,,,,,,,,49.2,True
AVAH,14.1,DISCOVER,DISCOVER,"20/50 uptrend, rising EMA50, volume contraction, low-volume pullback",44,64,35,WATCHLIST,WEAK,37.0,price<EMA20; EMA20>EMA50; EMA20 falling,8.06,55.0,0.36,24.75,1,True,3.79,46155915.0,13.44,11.86,9.32,12.39,14.71,7.76,14.54,5.93,14.0,14.75,RESISTANCE_BREAKOUT,BREAKOUT,0.29,,,0,,,0,False,False,13.87,ATR_FALLBACK,13.95,5.44,6.0,13.68,13.02,15.49,15.93,16.23,1.33,,,False,5.0,15.93,8.0,1.33,False,2.5,4.33,0.0,3373948.0,40993374.0,4.06,True,True,Aveanna Healthcare Holdings Inc. - Common Stock,49.2,UNCLASSIFIED,,0.0,NONE,0.0,0.0,NONE,,True,0,NOT CHECKED,NONE,NEUTRAL,,,,NOT CHECKED,False,NOT CHECKED,NONE,0,,False,49.2,WATCHLIST,NOT CHECKED,,,,,,,,,False,,,False,,,,False,,,,False,NONE,False,False,0,,,,NOT CHECKED,NO LIVE SIGNAL,BAR_PROXY,0.0,NO DATA,,,,,,,,49.2,True
SNDK,1595.18,DISCOVER,DISCOVER,"20/50 uptrend, rising EMA50, near EMA50 support, volume contraction, low-volume pullback",50,66,35,WATCHLIST,WEAK,37.0,price<EMA20; EMA20>EMA50; EMA20 falling,2.59,58.3,0.56,13.67,2,True,6.0,16325158286.0,1577.2,1549.9,1155.73,1416.56,1807.38,998.19,2354.39,517.0,2354.39,1815.03,RESISTANCE_BREAKOUT,BREAKOUT,0.42,,,0,,,0,False,False,1706.13,ATR_FALLBACK,1671.55,7.91,6.0,1504.2,1504.2,1905.78,1960.24,1996.54,1.33,2354.39,29.72,True,5.0,1960.24,8.0,1.33,False,2.5,13.3,0.0,10289333.0,14337551324.0,5.29,True,True,Sandisk Corporation - Common Stock When-Issued,48.9,UNCLASSIFIED,,0.0,NONE,0.0,0.0,NONE,,True,0,NOT CHECKED,NONE,NEUTRAL,,,,NOT CHECKED,False,NOT CHECKED,NONE,0,,False,48.9,WATCHLIST,NOT CHECKED,,,,,,,,,False,,,False,,,,False,,,,False,NONE,False,False,0,,,,NOT CHECKED,NO LIVE SIGNAL,BAR_PROXY,0.0,NO DATA,,,,,,,,48.9,True
ASO,49.81,DISCOVER,DISCOVER,"20/50 uptrend, rising EMA50, near EMA200 pivot",44,64,35,WATCHLIST,WEAK,37.0,price<EMA20; EMA20>EMA50; EMA20 falling,5.89,68.1,0.25,14.4,1,True,4.62,111070620.0,48.46,48.06,50.03,41.9,56.71,41.9,56.71,41.9,61.27,56.89,RESISTANCE_BREAKOUT,BREAKOUT,0.32,,,0,,,0,False,False,53.48,ATR_FALLBACK,53.45,6.06,6.0,49.76,42.91,59.74,61.45,62.58,1.33,61.27,7.69,True,5.0,61.27,7.69,1.28,False,2.5,13.85,0.0,2332869.0,83922965.0,3.94,True,True,"Academy Sports and Outdoors, Inc. - Common Stock",48.1,UNCLASSIFIED,,0.0,NONE,0.0,0.0,NONE,,True,0,NOT CHECKED,NONE,NEUTRAL,,,,NOT CHECKED,False,NOT CHECKED,NONE,0,,False,48.1,WATCHLIST,NOT CHECKED,,,,,,,,,False,,,False,,,,False,,,,False,NONE,False,False,0,,,,NOT CHECKED,NO LIVE SIGNAL,BAR_PROXY,0.0,NO DATA,,,,,,,,48.1,True
RBRK,107.03,DISCOVER,DISCOVER,"20/50 uptrend, rising EMA50, compressed below 20d resistance",42,62,35,WATCHLIST,WEAK,37.0,price<EMA20; EMA20>EMA50; EMA20 falling,8.18,50.0,0.56,15.64,2,True,5.89,354796696.0,95.76,89.67,75.79,85.78,107.91,67.31,107.91,42.25,107.91,108.41,RESISTANCE_BREAKOUT,BREAKOUT,0.47,,,0,,,0,False,False,101.91,ATR_FALLBACK,98.96,8.72,6.0,85.78,85.78,113.84,117.09,119.26,1.33,,,False,5.0,117.09,8.0,1.33,False,2.5,0.83,0.0,3692669.0,279528013.0,6.15,True,True,"Rubrik, Inc. Class A Common Stock",47.5,UNCLASSIFIED,,0.0,NONE,0.0,0.0,NONE,,True,0,NOT CHECKED,NONE,NEUTRAL,,,,NOT CHECKED,False,NOT CHECKED,NONE,0,,False,47.5,WATCHLIST,NOT CHECKED,,,,,,,,,False,,,False,,,,False,,,,False,NONE,False,False,0,,,,NOT CHECKED,NO LIVE SIGNAL,BAR_PROXY,0.0,NO DATA,,,,,,,,47.5,True
ZS,194.79,DISCOVER,DISCOVER,"20/50 uptrend, rising EMA50, compressed below 20d resistance",42,62,35,WATCHLIST,WEAK,37.0,price<EMA20; EMA20>EMA50; EMA20 falling,6.44,54.3,0.51,16.52,1,True,5.13,607500167.0,178.52,168.97,179.18,159.2,196.57,121.72,190.97,114.62,191.25,197.37,RESISTANCE_BREAKOUT,BREAKOUT,0.41,,,0,,,0,False,False,185.53,ATR_FALLBACK,182.38,7.6,6.0,160.75,159.2,207.24,213.16,217.11,1.33,,,False,5.0,213.16,8.0,1.33,False,2.5,0.92,0.0,3405410.0,458541631.0,5.18,True,True,"Zscaler, Inc. - Common Stock",46.7,UNCLASSIFIED,,0.0,NONE,0.0,0.0,NONE,,True,0,NOT CHECKED,NONE,NEUTRAL,,,,NOT CHECKED,False,NOT CHECKED,NONE,0,,False,46.7,WATCHLIST,NOT CHECKED,,,,,,,,,False,,,False,,,,False,,,,False,NONE,False,False,0,,,,NOT CHECKED,NO LIVE SIGNAL,BAR_PROXY,0.0,NO DATA,,,,,,,,46.7,True
FA,21.14,DISCOVER,DISCOVER,"20/50 uptrend, rising EMA50, volume contraction",48,64,35,WATCHLIST,WEAK,37.0,price<EMA20; EMA20>EMA50; EMA20 falling,0.92,51.7,0.39,17.32,1,True,3.82,26358098.0,21.09,20.41,17.03,19.9,22.37,15.82,25.15,10.28,25.15,22.43,RESISTANCE_BREAKOUT,BREAKOUT,0.29,,,0,,,0,False,False,21.09,EMA20,21.09,5.98,6.0,20.37,19.9,23.56,24.23,24.68,1.33,25.15,12.1,True,5.0,24.23,8.0,1.33,False,2.5,5.82,0.0,1260435.0,25208293.0,3.4,True,True,First Advantage Corporation - Common Stock,46.4,UNCLASSIFIED,,0.0,NONE,0.0,0.0,NONE,,True,0,NOT CHECKED,NONE,NEUTRAL,,,,NOT CHECKED,False,NOT CHECKED,NONE,0,,False,46.4,WATCHLIST,NOT CHECKED,,,,,,,,,False,,,False,,,,False,,,,False,NONE,False,False,0,,,,NOT CHECKED,NO LIVE SIGNAL,BAR_PROXY,0.0,NO DATA,,,,,,,,46.4,True
LITE,909.74,DISCOVER,DISCOVER,"20/50 uptrend, rising EMA50, bull flag/pullback",40,58,35,WATCHLIST,WEAK,37.0,price<EMA20; EMA20>EMA50; EMA20 falling,10.84,45.7,0.69,13.63,2,True,6.6,3625589850.0,892.39,865.39,710.41,784.47,1026.76,594.84,1026.76,548.24,1085.68,1031.56,RESISTANCE_BREAKOUT,BREAKOUT,0.47,,,0,,,0,False,False,969.67,ATR_FALLBACK,941.53,8.73,6.0,832.11,818.89,1083.14,1114.09,1134.72,1.33,1085.68,5.25,True,5.0,1085.68,5.25,0.87,False,2.5,12.86,0.0,4009319.0,3213100770.0,6.19,True,True,Lumentum Holdings Inc. - Common Stock,45.9,UNCLASSIFIED,,0.0,NONE,0.0,0.0,NONE,,True,0,NOT CHECKED,NONE,NEUTRAL,,,,NOT CHECKED,False,NOT CHECKED,NONE,0,,False,45.9,WATCHLIST,NOT CHECKED,,,,,,,,,False,,,False,,,,False,,,,False,NONE,False,False,0,,,,NOT CHECKED,NO LIVE SIGNAL,BAR_PROXY,0.0,NO DATA,,,,,,,,45.9,True
BTG,5.39,DISCOVER,DISCOVER,"20/50 uptrend, rising EMA50, tight range, volume contraction, low-volume pullback",46,56,35,WATCHLIST,WEAK,37.0,price<EMA20; EMA20>EMA50; EMA20 falling,3.56,40.1,0.33,22.98,1,True,4.46,160092131.0,5.3,4.96,4.66,5.07,5.88,3.56,5.88,3.56,6.2,5.9,RESISTANCE_BREAKOUT,BREAKOUT,0.33,,,0,,,0,False,False,5.54,ATR_FALLBACK,5.54,6.12,6.0,5.07,5.07,6.19,6.37,6.49,1.33,6.2,5.16,True,5.0,6.2,5.16,0.86,False,2.5,9.07,0.0,29049249.0,142669348.0,3.51,True,True,B2Gold Corp Common shares (Canada),42.1,UNCLASSIFIED,,0.0,NONE,0.0,0.0,NONE,,True,0,NOT CHECKED,NONE,NEUTRAL,,,,NOT CHECKED,False,NOT CHECKED,NONE,0,,False,42.1,WATCHLIST,NOT CHECKED,,,,,,,,,False,,,False,,,,False,,,,False,NONE,False,False,0,,,,NOT CHECKED,NO LIVE SIGNAL,BAR_PROXY,0.0,NO DATA,,,,,,,,42.1,True
PANW,374.53,DISCOVER,DISCOVER,"20/50 uptrend, rising EMA50, compressed below 20d resistance",42,56,35,WATCHLIST,WEAK,37.0,price<EMA20; EMA20>EMA50; EMA20 falling,5.02,47.1,0.5,13.09,2,True,5.31,2277534957.0,356.64,343.62,270.1,321.39,387.33,282.52,398.88,143.5,398.88,388.92,RESISTANCE_BREAKOUT,BREAKOUT,0.41,,,0,,,0,False,False,365.59,ATR_FALLBACK,359.1,7.67,6.0,327.05,321.39,408.37,420.03,427.81,1.33,398.88,2.56,False,5.0,398.88,2.56,0.43,False,2.5,3.42,0.0,6424414.0,1943351350.0,4.94,True,True,"Palo Alto Networks, Inc. - Common Stock",42.1,UNCLASSIFIED,,0.0,NONE,0.0,0.0,NONE,,True,0,NOT CHECKED,NONE,NEUTRAL,,,,NOT CHECKED,False,NOT CHECKED,NONE,0,,False,42.1,WATCHLIST,NOT CHECKED,,,,,,,,,False,,,False,,,,False,,,,False,NONE,False,False,0,,,,NOT CHECKED,NO LIVE SIGNAL,BAR_PROXY,0.0,NO DATA,,,,,,,,42.1,True
ESTC,88.29,DISCOVER,DISCOVER,"20/50 uptrend, rising EMA50, tight range, volume contraction",42,58,35,WATCHLIST,WEAK,37.0,price<EMA20; EMA20>EMA50; EMA20 falling,2.01,54.5,0.31,19.31,2,True,6.61,260833864.0,85.67,78.46,69.57,78.79,108.0,53.04,108.0,42.05,108.0,108.47,RESISTANCE_BREAKOUT,BREAKOUT,0.43,,,0,,,0,False,False,101.96,ATR_FALLBACK,99.71,8.08,6.0,82.15,82.15,113.89,117.14,119.31,1.33,,,False,5.0,117.14,8.0,1.33,False,2.5,22.32,0.0,2894072.0,188482127.0,4.65,True,True,Elastic N.V. Ordinary Shares,41.9,UNCLASSIFIED,,0.0,NONE,0.0,0.0,NONE,,True,0,NOT CHECKED,NONE,NEUTRAL,,,,NOT CHECKED,False,NOT CHECKED,NONE,0,,False,41.9,WATCHLIST,NOT CHECKED,,,,,,,,,False,,,False,,,,False,,,,False,NONE,False,False,0,,,,NOT CHECKED,NO LIVE SIGNAL,BAR_PROXY,0.0,NO DATA,,,,,,,,41.9,True
GNRC,208.18,DISCOVER,DISCOVER,"near EMA50 support, near EMA200 pivot, compressed below 20d resistance, 20d volume expansion",48,52,20,WATCHLIST,WEAK,37.0,price<EMA20; EMA20>EMA50; EMA20 falling,-0.33,56.2,5.04,18.89,1,True,5.08,239879913.0,191.14,205.65,211.38,173.25,212.14,178.19,296.44,183.0,296.44,212.99,RESISTANCE_BREAKOUT,BREAKOUT,0.4,,,0,,,0,False,False,203.75,EMA50,205.65,3.44,4.34,173.25,173.25,223.64,230.03,234.29,1.84,296.44,39.18,True,5.0,230.03,8.0,1.84,False,2.5,2.12,0.0,1239146.0,154483759.0,4.14,True,True,Generac Holdlings Inc. Common Stock,40.2,UNCLASSIFIED,,0.0,NONE,0.0,0.0,NONE,,True,0,NOT CHECKED,NONE,NEUTRAL,,,,NOT CHECKED,False,NOT CHECKED,NONE,0,,False,40.2,WATCHLIST,NOT CHECKED,,,,,,,,,False,,,False,,,,False,,,,False,NONE,False,False,0,,,,NOT CHECKED,NO LIVE SIGNAL,BAR_PROXY,0.0,NO DATA,,,,,,,,40.2,True
DOCS,25.95,DISCOVER,DISCOVER,"20/50 uptrend, rising EMA50, volume contraction",40,56,35,WATCHLIST,WEAK,37.0,price<EMA20; EMA20>EMA50; EMA20 falling,1.69,52.2,0.22,32.62,1,True,3.97,61175401.0,25.47,24.42,31.04,23.95,27.32,19.75,40.0,17.15,40.0,27.4,RESISTANCE_BREAKOUT,BREAKOUT,0.3,,,0,,,0,False,False,25.76,ATR_FALLBACK,25.86,5.64,6.0,24.07,23.95,28.77,29.59,30.14,1.33,40.0,45.97,True,5.0,29.59,8.0,1.33,False,2.5,5.28,0.0,2382323.0,63372956.0,3.63,True,True,"Doximity, Inc. Class A Common Stock",40.0,UNCLASSIFIED,,0.0,NONE,0.0,0.0,NONE,,True,0,NOT CHECKED,NONE,NEUTRAL,,,,NOT CHECKED,False,NOT CHECKED,NONE,0,,False,40.0,WATCHLIST,NOT CHECKED,,,,,,,,,False,,,False,,,,False,,,,False,NONE,False,False,0,,,,NOT CHECKED,NO LIVE SIGNAL,BAR_PROXY,0.0,NO DATA,,,,,,,,40.0,True
WIX,80.77,DISCOVER,DISCOVER,"20/50 uptrend, rising EMA50, near EMA200 pivot, volume contraction",42,52,35,WATCHLIST,WEAK,37.0,price<EMA20; EMA20>EMA50; EMA20 falling,4.61,42.2,0.15,16.45,1,True,6.31,109062314.0,78.78,71.98,82.33,69.27,96.8,40.16,96.8,40.16,94.83,97.21,RESISTANCE_BREAKOUT,BREAKOUT,0.42,,,0,,,0,False,False,91.38,ATR_FALLBACK,89.57,7.86,6.0,72.82,69.27,102.07,104.98,106.93,1.33,,,False,5.0,104.98,8.0,1.33,False,2.5,19.85,0.0,1323396.0,91324256.0,5.72,True,True,Wix.com Ltd. - Ordinary Shares,39.3,UNCLASSIFIED,,0.0,NONE,0.0,0.0,NONE,,True,0,NOT CHECKED,NONE,NEUTRAL,,,,NOT CHECKED,False,NOT CHECKED,NONE,0,,False,39.3,WATCHLIST,NOT CHECKED,,,,,,,,,False,,,False,,,,False,,,,False,NONE,False,False,0,,,,NOT CHECKED,NO LIVE SIGNAL,BAR_PROXY,0.0,NO DATA,,,,,,,,39.3,True
FLR,53.98,DISCOVER,DISCOVER,"above EMA50, rising EMA50, near EMA50 support, volume contraction, low-volume pullback",42,52,35,WATCHLIST,WEAK,37.0,price<EMA20; EMA20>EMA50; EMA20 falling,0.77,49.6,0.25,16.92,1,True,3.54,116399682.0,53.98,52.79,49.02,50.65,58.35,46.77,58.35,41.6,57.93,58.5,RESISTANCE_BREAKOUT,BREAKOUT,0.26,,,0,,,0,False,False,55.29,ATR_FALLBACK,55.63,4.91,5.49,51.24,51.24,61.43,63.18,64.35,1.46,,,False,5.0,63.18,8.0,1.46,False,2.5,8.1,0.0,2145265.0,111610124.0,3.45,True,True,Fluor Corporation Common Stock,37.3,UNCLASSIFIED,,0.0,NONE,0.0,0.0,NONE,,True,0,NOT CHECKED,NONE,NEUTRAL,,,,NOT CHECKED,False,NOT CHECKED,NONE,0,,False,37.3,WATCHLIST,NOT CHECKED,,,,,,,,,False,,,False,,,,False,,,,False,NONE,False,False,0,,,,NOT CHECKED,NO LIVE SIGNAL,BAR_PROXY,0.0,NO DATA,,,,,,,,37.3,True
ASAN,9.85,DISCOVER,DISCOVER,"20/50 uptrend, rising EMA50, volume expanding",40,50,35,WATCHLIST,WEAK,37.0,price<EMA20; EMA20>EMA50; EMA20 falling,3.89,46.6,1.19,10.15,1,True,5.99,62488026.0,9.33,8.84,9.02,8.09,10.51,6.21,10.51,5.38,10.51,10.56,RESISTANCE_BREAKOUT,BREAKOUT,0.45,,,0,,,0,False,False,9.92,ATR_FALLBACK,9.67,8.38,6.0,8.09,8.09,11.09,11.4,11.61,1.33,,,False,5.0,11.4,8.0,1.33,False,2.5,6.65,0.0,6598848.0,51013385.0,4.84,True,True,"Asana, Inc. Class A Common Stock",37.2,UNCLASSIFIED,,0.0,NONE,0.0,0.0,NONE,,True,0,NOT CHECKED,NONE,NEUTRAL,,,,NOT CHECKED,False,NOT CHECKED,NONE,0,,False,37.2,WATCHLIST,NOT CHECKED,,,,,,,,,False,,,False,,,,False,,,,False,NONE,False,False,0,,,,NOT CHECKED,NO LIVE SIGNAL,BAR_PROXY,0.0,NO DATA,,,,,,,,37.2,True
IOT,39.84,DISCOVER,DISCOVER,"20/50 uptrend, rising EMA50, volume contraction",40,50,35,WATCHLIST,WEAK,37.0,price<EMA20; EMA20>EMA50; EMA20 falling,2.55,44.3,0.17,11.8,1,True,6.2,303647070.0,39.8,38.34,35.48,36.67,45.12,28.77,45.12,25.1,42.68,45.32,RESISTANCE_BREAKOUT,BREAKOUT,0.44,,,0,,,0,False,False,42.6,ATR_FALLBACK,41.61,8.18,6.0,37.76,36.67,47.58,48.94,49.85,1.33,,,False,5.0,48.94,8.0,1.33,False,2.5,13.25,0.0,7604257.0,226136573.0,5.46,True,True,Samsara Inc. Class A Common Stock,36.5,UNCLASSIFIED,,0.0,NONE,0.0,0.0,NONE,,True,0,NOT CHECKED,NONE,NEUTRAL,,,,NOT CHECKED,False,NOT CHECKED,NONE,0,,False,36.5,WATCHLIST,NOT CHECKED,,,,,,,,,False,,,False,,,,False,,,,False,NONE,False,False,0,,,,NOT CHECKED,NO LIVE SIGNAL,BAR_PROXY,0.0,NO DATA,,,,,,,,36.5,True
EQX,12.16,DISCOVER,DISCOVER,"above EMA50, rising EMA50, near EMA200 pivot, volume contraction, low-volume pullback",46,52,35,WATCHLIST,WEAK,37.0,price<EMA20; EMA20>EMA50; EMA20 falling,-2.99,37.6,0.59,10.79,1,True,4.88,146358352.0,12.24,11.78,12.18,11.42,14.08,8.47,14.08,8.47,18.86,14.13,RESISTANCE_BREAKOUT,BREAKOUT,0.34,,,0,,,0,False,False,13.28,ATR_FALLBACK,13.24,6.3,6.0,11.42,11.42,14.83,15.26,15.54,1.33,18.86,33.51,True,5.0,15.26,8.0,1.33,False,2.5,15.74,0.0,11401890.0,144029953.0,3.54,True,True,Equinox Gold Corp. Common Shares,36.3,UNCLASSIFIED,,0.0,NONE,0.0,0.0,NONE,,True,0,NOT CHECKED,NONE,NEUTRAL,,,,NOT CHECKED,False,NOT CHECKED,NONE,0,,False,36.3,WATCHLIST,NOT CHECKED,,,,,,,,,False,,,False,,,,False,,,,False,NONE,False,False,0,,,,NOT CHECKED,NO LIVE SIGNAL,BAR_PROXY,0.0,NO DATA,,,,,,,,36.3,True
