trader,legendary_setup,ticker,company_name,price,stage,theme,market_hunt_score,technical_score,formation_score,rs20_vs_spy,rsi14,atr_pct,adr20_pct,entry_trigger,entry_model,stop,effective_target,effective_rr,runway_to_next_resistance_pct,catalyst_status,catalyst_score,max_up_day_30d_pct,ten_pct_up_days_30d,explosive_move_30d,ema20,ema50,ema200,daily_support,daily_resistance,weekly_support,weekly_resistance,monthly_support,monthly_resistance,target_5,target_8,target_10,next_higher_resistance,intraday_rvol,pattern,legendary_score,setup_match,setup_reason,rsi_state,momentum_grade,superstock_grade,superstock_action,brownmoose_confluence_score,brown_b1,brown_b1_source,brown_b2,brown_b2_source,brown_invalidation,brown_t1,brown_t2,brown_t3,brown_rr_to_t1,brown_b1_distance_pct,brown_b2_distance_pct,brownmoose_state,brownmoose_grade,venu_mode,venu_trend_stack,venu_theme_leadership,venu_fundamental_proxy_score,venu_grade
Top-500 Swing Agent,2–7 Day Liquid Swing Ideas,MSTR,Strategy Inc - Class A Common Stock,126.29,FORMING,UNCLASSIFIED,79.0,84,60,37.46,51.6,7.52,6.31,145.68,RESISTANCE_BREAKOUT,136.94,157.33,1.33,35.23,ACTIVE,38,17.56,3,True,125.91,118.59,152.21,94.3,144.92,81.81,144.92,81.81,197.0,152.96,157.33,160.25,197.0,0.78,"20/50 uptrend, rising EMA50, tight range, bull flag/pullback, volume contraction, low-volume pullback",100.0,STRONG,"Top-500 liquid swing candidate ranked on trend/structure, relative strength, volatility, R/R, resistance runway, catalyst and risk",NEUTRAL / RESET,,,,,,,,,,,,,,,,,,,,,,
High Momentum / High Beta Agent,Fast-Mover Momentum + Beta/Volatility,MSTR,Strategy Inc - Class A Common Stock,126.29,FORMING,UNCLASSIFIED,79.0,84,60,37.46,51.6,7.52,6.31,145.68,RESISTANCE_BREAKOUT,136.94,157.33,1.33,35.23,ACTIVE,38,17.56,3,True,125.91,118.59,152.21,94.3,144.92,81.81,144.92,81.81,197.0,152.96,157.33,160.25,197.0,0.78,"20/50 uptrend, rising EMA50, tight range, bull flag/pullback, volume contraction, low-volume pullback",100.0,STRONG,"Fast-mover discovery: strong relative strength/RVOL plus high ATR/ADR; reported beta is rewarded when available, with R/R and runway used for ranking",NEUTRAL / RESET,GOOD SETUP,,,,,,,,,,,,,,,,,,,,,
Superstock Agent,Explosive Leader / Early Supertrend Candidate,MSTR,Strategy Inc - Class A Common Stock,126.29,FORMING,UNCLASSIFIED,79.0,84,60,37.46,51.6,7.52,6.31,145.68,RESISTANCE_BREAKOUT,136.94,157.33,1.33,35.23,ACTIVE,38,17.56,3,True,125.91,118.59,152.21,94.3,144.92,81.81,144.92,81.81,197.0,152.96,157.33,160.25,197.0,0.78,"20/50 uptrend, rising EMA50, tight range, bull flag/pullback, volume contraction, low-volume pullback",100.0,STRONG,Explosive 30-day behavior + liquid leadership + high relative strength + constructive structure + catalyst/theme support + asymmetric runway,NEUTRAL / RESET,,B WATCH,MONITOR ONLY,,,,,,,,,,,,,,,,,,,
Superstock Agent,Explosive Leader / Early Supertrend Candidate,SIG,Signet Jewelers Limited Common Shares,102.62,FORMING,UNCLASSIFIED,70.1,74,56,22.03,72.4,4.56,4.01,103.86,RESISTANCE_BREAKOUT,97.63,112.17,1.33,,ACTIVE,30,23.96,1,True,92.04,89.76,89.16,79.01,103.49,79.01,103.49,71.34,100.41,109.06,112.17,114.25,,,"20/50 uptrend, rising EMA50, compressed below 20d resistance, bull flag/pullback",100.0,STRONG,Explosive 30-day behavior + liquid leadership + high relative strength + constructive structure + catalyst/theme support + asymmetric runway,STRONG / EXTENDED WATCH,,B WATCH,MONITOR ONLY,,,,,,,,,,,,,,,,,,,
Superstock Agent,Explosive Leader / Early Supertrend Candidate,NOW,"ServiceNow, Inc. Common Stock",141.04,DISCOVER,Cloud Computing,68.0,74,50,19.0,61.0,5.18,4.15,150.18,RESISTANCE_BREAKOUT,141.17,162.2,1.33,,NOT CHECKED,0,10.04,1,True,134.69,125.13,124.96,118.51,149.6,89.39,149.6,81.24,149.6,157.69,162.2,165.2,,,"20/50 uptrend, rising EMA50, tight range, volume contraction",100.0,STRONG,Explosive 30-day behavior + liquid leadership + high relative strength + constructive structure + catalyst/theme support + asymmetric runway,MOMENTUM SWEET SPOT,,B WATCH,MONITOR ONLY,,,,,,,,,,,,,,,,,,,
Superstock Agent,Explosive Leader / Early Supertrend Candidate,DK,"Delek US Holdings, Inc. Common Stock",79.03,DISCOVER,Energy,66.7,76,52,16.81,69.5,5.31,5.84,79.49,RESISTANCE_BREAKOUT,74.72,85.84,1.33,,NOT CHECKED,0,11.6,1,True,72.8,66.51,50.57,63.13,79.15,40.74,78.43,36.68,75.24,83.46,85.84,87.43,,,"20/50 uptrend, rising EMA50, compressed below 20d resistance, tight range",100.0,STRONG,Explosive 30-day behavior + liquid leadership + high relative strength + constructive structure + catalyst/theme support + asymmetric runway,MOMENTUM SWEET SPOT,,B WATCH,MONITOR ONLY,,,,,,,,,,,,,,,,,,,
High Momentum / High Beta Agent,Fast-Mover Momentum + Beta/Volatility,SG,"Sweetgreen, Inc. Class A Common Stock",6.82,FORMING,UNCLASSIFIED,66.1,74,56,18.06,49.3,6.13,5.89,7.43,RESISTANCE_BREAKOUT,6.99,8.03,1.33,27.67,ACTIVE,30,10.31,1,True,6.77,6.82,7.09,5.95,7.4,5.0,9.49,4.49,10.63,7.81,8.03,8.18,9.49,,"rising EMA50, near EMA50 support, near EMA200 pivot, tight range, bull flag/pullback",100.0,STRONG,"Fast-mover discovery: strong relative strength/RVOL plus high ATR/ADR; reported beta is rewarded when available, with R/R and runway used for ranking",NEUTRAL / RESET,GOOD SETUP,,,,,,,,,,,,,,,,,,,,,
Superstock Agent,Explosive Leader / Early Supertrend Candidate,SG,"Sweetgreen, Inc. Class A Common Stock",6.82,FORMING,UNCLASSIFIED,66.1,74,56,18.06,49.3,6.13,5.89,7.43,RESISTANCE_BREAKOUT,6.99,8.03,1.33,27.67,ACTIVE,30,10.31,1,True,6.77,6.82,7.09,5.95,7.4,5.0,9.49,4.49,10.63,7.81,8.03,8.18,9.49,,"rising EMA50, near EMA50 support, near EMA200 pivot, tight range, bull flag/pullback",100.0,STRONG,Explosive 30-day behavior + liquid leadership + high relative strength + constructive structure + catalyst/theme support + asymmetric runway,NEUTRAL / RESET,,B WATCH,MONITOR ONLY,,,,,,,,,,,,,,,,,,,
High Momentum / High Beta Agent,Fast-Mover Momentum + Beta/Volatility,SMMT,Summit Therapeutics Inc.  - Common Stock,17.49,DISCOVER,Biotechnology,63.6,74,50,37.39,69.3,5.66,5.55,18.91,RESISTANCE_BREAKOUT,17.77,20.42,1.33,54.58,NOT CHECKED,0,17.33,1,True,16.0,15.21,16.24,12.22,18.83,12.07,18.32,12.07,29.23,19.85,20.42,20.8,29.23,,"20/50 uptrend, rising EMA50, bull flag/pullback, volume contraction, low-volume pullback",100.0,STRONG,"Fast-mover discovery: strong relative strength/RVOL plus high ATR/ADR; reported beta is rewarded when available, with R/R and runway used for ranking",MOMENTUM SWEET SPOT,GOOD SETUP,,,,,,,,,,,,,,,,,,,,,
Superstock Agent,Explosive Leader / Early Supertrend Candidate,SMMT,Summit Therapeutics Inc.  - Common Stock,17.49,DISCOVER,Biotechnology,63.6,74,50,37.39,69.3,5.66,5.55,18.91,RESISTANCE_BREAKOUT,17.77,20.42,1.33,54.58,NOT CHECKED,0,17.33,1,True,16.0,15.21,16.24,12.22,18.83,12.07,18.32,12.07,29.23,19.85,20.42,20.8,29.23,,"20/50 uptrend, rising EMA50, bull flag/pullback, volume contraction, low-volume pullback",100.0,STRONG,Explosive 30-day behavior + liquid leadership + high relative strength + constructive structure + catalyst/theme support + asymmetric runway,MOMENTUM SWEET SPOT,,B WATCH,MONITOR ONLY,,,,,,,,,,,,,,,,,,,
Superstock Agent,Explosive Leader / Early Supertrend Candidate,NVAX,"Novavax, Inc. - Common Stock",9.3,DISCOVER,Biotechnology,62.8,74,50,18.17,51.3,6.38,6.22,10.8,RESISTANCE_BREAKOUT,10.15,11.61,1.25,7.53,NOT CHECKED,0,10.84,1,True,9.34,8.98,8.75,8.02,10.75,7.15,10.75,7.15,11.61,11.34,11.66,11.88,11.61,,"above EMA50, rising EMA50, bull flag/pullback, volume contraction, low-volume pullback",100.0,STRONG,Explosive 30-day behavior + liquid leadership + high relative strength + constructive structure + catalyst/theme support + asymmetric runway,NEUTRAL / RESET,,B WATCH,MONITOR ONLY,,,,,,,,,,,,,,,,,,,
Superstock Agent,Explosive Leader / Early Supertrend Candidate,TEAM,Atlassian Corporation  - Class A Common Stock,189.42,DISCOVER,UNCLASSIFIED,61.4,74,50,17.17,63.2,5.16,4.8,199.38,RESISTANCE_BREAKOUT,187.42,215.33,1.33,,NOT CHECKED,0,35.31,2,True,177.25,150.45,123.23,160.96,198.6,74.41,198.6,56.01,197.3,209.35,215.33,219.32,,,"20/50 uptrend, rising EMA50, tight range, volume contraction",100.0,STRONG,Explosive 30-day behavior + liquid leadership + high relative strength + constructive structure + catalyst/theme support + asymmetric runway,MOMENTUM SWEET SPOT,,B WATCH,MONITOR ONLY,,,,,,,,,,,,,,,,,,,
High Momentum / High Beta Agent,Fast-Mover Momentum + Beta/Volatility,BE,Bloom Energy Corporation Class A Common Stock,270.1,DISCOVER,UNCLASSIFIED,61.2,72,48,30.19,67.2,6.32,6.23,285.2,RESISTANCE_BREAKOUT,268.08,308.01,1.33,23.17,NOT CHECKED,0,12.29,1,True,243.57,236.55,202.59,185.93,283.83,157.33,351.28,116.5,351.28,299.46,308.01,313.72,351.28,,"20/50 uptrend, rising EMA50, bull flag/pullback",100.0,STRONG,"Fast-mover discovery: strong relative strength/RVOL plus high ATR/ADR; reported beta is rewarded when available, with R/R and runway used for ranking",MOMENTUM SWEET SPOT,GOOD SETUP,,,,,,,,,,,,,,,,,,,,,
Superstock Agent,Explosive Leader / Early Supertrend Candidate,BE,Bloom Energy Corporation Class A Common Stock,270.1,DISCOVER,UNCLASSIFIED,61.2,72,48,30.19,67.2,6.32,6.23,285.2,RESISTANCE_BREAKOUT,268.08,308.01,1.33,23.17,NOT CHECKED,0,12.29,1,True,243.57,236.55,202.59,185.93,283.83,157.33,351.28,116.5,351.28,299.46,308.01,313.72,351.28,,"20/50 uptrend, rising EMA50, bull flag/pullback",100.0,STRONG,Explosive 30-day behavior + liquid leadership + high relative strength + constructive structure + catalyst/theme support + asymmetric runway,MOMENTUM SWEET SPOT,,B WATCH,MONITOR ONLY,,,,,,,,,,,,,,,,,,,
Superstock Agent,Explosive Leader / Early Supertrend Candidate,SMTC,Semtech Corporation - Common Stock,168.01,DISCOVER,UNCLASSIFIED,61.2,72,48,25.2,63.5,6.64,7.05,171.32,RESISTANCE_BREAKOUT,161.04,175.69,0.42,2.55,NOT CHECKED,0,11.33,3,True,146.95,140.02,116.44,115.0,170.43,103.1,175.69,69.16,177.35,179.89,185.03,188.46,175.69,,"20/50 uptrend, rising EMA50, compressed below 20d resistance, volume contraction",100.0,STRONG,Explosive 30-day behavior + liquid leadership + high relative strength + constructive structure + catalyst/theme support + asymmetric runway,MOMENTUM SWEET SPOT,,B WATCH,MONITOR ONLY,,,,,,,,,,,,,,,,,,,
Superstock Agent,Explosive Leader / Early Supertrend Candidate,CAI,"Caris Life Sciences, Inc. - Common Stock",28.63,DISCOVER,UNCLASSIFIED,61.2,72,48,37.49,60.7,4.6,5.65,28.78,RESISTANCE_BREAKOUT,27.05,31.08,1.33,,NOT CHECKED,0,21.58,2,True,25.02,22.44,22.01,21.92,28.67,15.11,28.32,14.19,28.32,30.22,31.08,31.66,,,"20/50 uptrend, rising EMA50, compressed below 20d resistance, volume contraction",100.0,STRONG,Explosive 30-day behavior + liquid leadership + high relative strength + constructive structure + catalyst/theme support + asymmetric runway,MOMENTUM SWEET SPOT,,B WATCH,MONITOR ONLY,,,,,,,,,,,,,,,,,,,
High Momentum / High Beta Agent,Fast-Mover Momentum + Beta/Volatility,BLSH,Bullish Ordinary Shares,32.87,DISCOVER,UNCLASSIFIED,59.0,68,50,34.45,49.3,6.83,6.22,39.73,RESISTANCE_BREAKOUT,37.35,42.91,1.33,23.14,NOT CHECKED,0,11.57,2,True,32.85,30.17,34.38,24.9,39.56,20.55,37.1,20.55,48.93,41.72,42.91,43.71,48.93,,"20/50 uptrend, rising EMA50, near EMA200 pivot, bull flag/pullback",100.0,STRONG,"Fast-mover discovery: strong relative strength/RVOL plus high ATR/ADR; reported beta is rewarded when available, with R/R and runway used for ranking",NEUTRAL / RESET,GOOD SETUP,,,,,,,,,,,,,,,,,,,,,
Superstock Agent,Explosive Leader / Early Supertrend Candidate,ANF,Abercrombie & Fitch Company Common Stock,141.42,DISCOVER,UNCLASSIFIED,59.0,68,50,37.76,44.7,4.54,4.83,155.73,RESISTANCE_BREAKOUT,146.39,168.19,1.33,,NOT CHECKED,0,35.67,1,True,135.35,119.95,99.96,102.3,155.22,83.98,155.22,69.68,154.58,163.52,168.19,171.31,,,"20/50 uptrend, rising EMA50, bull flag/pullback, volume contraction, low-volume pullback",100.0,STRONG,Explosive 30-day behavior + liquid leadership + high relative strength + constructive structure + catalyst/theme support + asymmetric runway,WEAK MOMENTUM,,B WATCH,MONITOR ONLY,,,,,,,,,,,,,,,,,,,
Superstock Agent,Explosive Leader / Early Supertrend Candidate,BLSH,Bullish Ordinary Shares,32.87,DISCOVER,UNCLASSIFIED,59.0,68,50,34.45,49.3,6.83,6.22,39.73,RESISTANCE_BREAKOUT,37.35,42.91,1.33,23.14,NOT CHECKED,0,11.57,2,True,32.85,30.17,34.38,24.9,39.56,20.55,37.1,20.55,48.93,41.72,42.91,43.71,48.93,,"20/50 uptrend, rising EMA50, near EMA200 pivot, bull flag/pullback",100.0,STRONG,Explosive 30-day behavior + liquid leadership + high relative strength + constructive structure + catalyst/theme support + asymmetric runway,NEUTRAL / RESET,,B WATCH,MONITOR ONLY,,,,,,,,,,,,,,,,,,,
Superstock Agent,Explosive Leader / Early Supertrend Candidate,TXG,"10x Genomics, Inc. - Common Stock",74.6,DISCOVER,UNCLASSIFIED,57.2,66,48,35.06,70.8,5.28,5.88,75.92,RESISTANCE_BREAKOUT,71.37,82.0,1.33,,NOT CHECKED,0,14.1,3,True,65.04,56.19,35.72,57.83,75.61,31.3,69.67,15.9,66.94,79.72,82.0,83.52,,,"20/50 uptrend, rising EMA50, compressed below 20d resistance, volume contraction",100.0,STRONG,Explosive 30-day behavior + liquid leadership + high relative strength + constructive structure + catalyst/theme support + asymmetric runway,MOMENTUM SWEET SPOT,,B WATCH,MONITOR ONLY,,,,,,,,,,,,,,,,,,,
Superstock Agent,Explosive Leader / Early Supertrend Candidate,DELL,Dell Technologies Inc. Class C Common Stock ,568.29,DISCOVER,UNCLASSIFIED,56.0,66,42,22.22,66.2,6.26,5.87,571.51,RESISTANCE_BREAKOUT,537.22,617.24,1.33,,NOT CHECKED,0,15.81,2,True,504.71,460.43,315.7,421.89,568.67,358.88,567.75,136.85,514.0,600.09,617.24,628.67,,,"20/50 uptrend, rising EMA50, compressed below 20d resistance",100.0,STRONG,Explosive 30-day behavior + liquid leadership + high relative strength + constructive structure + catalyst/theme support + asymmetric runway,MOMENTUM SWEET SPOT,,B WATCH,MONITOR ONLY,,,,,,,,,,,,,,,,,,,
High Momentum / High Beta Agent,Fast-Mover Momentum + Beta/Volatility,TEM,"Tempus AI, Inc. - Class A Common Stock",69.95,DISCOVER,UNCLASSIFIED,54.4,64,40,42.67,52.4,6.18,7.57,73.31,RESISTANCE_BREAKOUT,68.91,79.17,1.33,,NOT CHECKED,0,24.09,3,True,62.66,58.49,59.3,54.81,72.96,40.77,72.96,40.77,72.96,76.97,79.17,80.64,,,"20/50 uptrend, rising EMA50, volume contraction",100.0,STRONG,"Fast-mover discovery: strong relative strength/RVOL plus high ATR/ADR; reported beta is rewarded when available, with R/R and runway used for ranking",NEUTRAL / RESET,WEAK SETUP,,,,,,,,,,,,,,,,,,,,,
Superstock Agent,Explosive Leader / Early Supertrend Candidate,TEM,"Tempus AI, Inc. - Class A Common Stock",69.95,DISCOVER,UNCLASSIFIED,54.4,64,40,42.67,52.4,6.18,7.57,73.31,RESISTANCE_BREAKOUT,68.91,79.17,1.33,,NOT CHECKED,0,24.09,3,True,62.66,58.49,59.3,54.81,72.96,40.77,72.96,40.77,72.96,76.97,79.17,80.64,,,"20/50 uptrend, rising EMA50, volume contraction",100.0,STRONG,Explosive 30-day behavior + liquid leadership + high relative strength + constructive structure + catalyst/theme support + asymmetric runway,NEUTRAL / RESET,,B WATCH,MONITOR ONLY,,,,,,,,,,,,,,,,,,,
Superstock Agent,Explosive Leader / Early Supertrend Candidate,CLSK,"CleanSpark, Inc. - Common Stock",12.97,DISCOVER,UNCLASSIFIED,53.9,72,48,11.49,54.9,6.87,7.03,14.1,RESISTANCE_BREAKOUT,13.26,15.23,1.33,35.09,NOT CHECKED,0,11.03,1,True,12.7,13.01,12.98,10.77,14.03,10.77,19.05,8.0,19.17,14.81,15.23,15.51,19.05,,"near EMA50 support, near EMA200 pivot, bull flag/pullback, volume contraction, low-volume pullback",100.0,STRONG,Explosive 30-day behavior + liquid leadership + high relative strength + constructive structure + catalyst/theme support + asymmetric runway,NEUTRAL / RESET,,B WATCH,MONITOR ONLY,,,,,,,,,,,,,,,,,,,
Brownmoose Agent,B1/B2 Confluence + Retest + Multi-Target Plan,CLSK,"CleanSpark, Inc. - Common Stock",12.97,DISCOVER,UNCLASSIFIED,53.9,72,48,11.49,54.9,6.87,7.03,14.1,RESISTANCE_BREAKOUT,13.26,15.23,1.33,35.09,NOT CHECKED,0,11.03,1,True,12.7,13.01,12.98,10.77,14.03,10.77,19.05,8.0,19.17,14.81,15.23,15.51,19.05,,"near EMA50 support, near EMA200 pivot, bull flag/pullback, volume contraction, low-volume pullback",100.0,STRONG,"Staged B1/B2 plan from clustered EMA/support references, breakout/retest structure and mapped T1/T2/T3 resistance targets",NEUTRAL / RESET,,,,33.0,13.01,EMA50,12.7,EMA20,12.51,14.03,14.81,15.23,2.04,-0.31,2.13,B2 READY,A PLAN,,,,,
Superstock Agent,Explosive Leader / Early Supertrend Candidate,MARA,"MARA Holdings, Inc. - Common Stock",11.2,DISCOVER,UNCLASSIFIED,52.6,64,46,26.02,49.9,7.02,7.59,12.53,RESISTANCE_BREAKOUT,11.78,13.54,1.33,31.09,NOT CHECKED,0,15.54,2,True,11.22,11.36,12.12,8.68,12.47,8.68,16.43,7.63,16.43,13.16,13.54,13.79,16.43,,"rising EMA50, near EMA50 support, bull flag/pullback, volume contraction, low-volume pullback",100.0,STRONG,Explosive 30-day behavior + liquid leadership + high relative strength + constructive structure + catalyst/theme support + asymmetric runway,NEUTRAL / RESET,,B WATCH,MONITOR ONLY,,,,,,,,,,,,,,,,,,,
Superstock Agent,Explosive Leader / Early Supertrend Candidate,CRM,"Salesforce, Inc. Common Stock",250.15,DISCOVER,UNCLASSIFIED,52.2,60,42,28.49,70.6,4.98,3.73,269.27,RESISTANCE_BREAKOUT,253.11,290.81,1.33,,NOT CHECKED,0,22.58,1,True,239.09,214.94,203.26,194.21,268.27,146.32,268.27,146.32,263.53,282.73,290.81,296.19,,,"20/50 uptrend, rising EMA50, tight range, volume contraction",100.0,STRONG,Explosive 30-day behavior + liquid leadership + high relative strength + constructive structure + catalyst/theme support + asymmetric runway,MOMENTUM SWEET SPOT,,B WATCH,MONITOR ONLY,,,,,,,,,,,,,,,,,,,
Superstock Agent,Explosive Leader / Early Supertrend Candidate,OKTA,"Okta, Inc. - Class A Common Stock",188.04,DISCOVER,UNCLASSIFIED,52.2,60,42,31.62,74.4,6.07,5.28,192.9,RESISTANCE_BREAKOUT,181.33,208.34,1.33,,NOT CHECKED,0,28.63,2,True,166.92,151.58,116.72,127.6,191.99,113.87,179.44,62.66,174.85,202.55,208.34,212.19,,,"20/50 uptrend, rising EMA50, compressed below 20d resistance",100.0,STRONG,Explosive 30-day behavior + liquid leadership + high relative strength + constructive structure + catalyst/theme support + asymmetric runway,STRONG / EXTENDED WATCH,,B WATCH,MONITOR ONLY,,,,,,,,,,,,,,,,,,,
Superstock Agent,Explosive Leader / Early Supertrend Candidate,AUGO,Aura Minerals Inc. - Common Shares,87.13,DISCOVER,UNCLASSIFIED,51.5,62,44,15.24,46.0,5.2,4.62,91.0,RESISTANCE_BREAKOUT,85.54,98.28,1.33,18.88,NOT CHECKED,0,13.79,3,True,83.56,76.75,66.43,78.59,90.64,47.61,90.64,47.61,108.18,95.55,98.28,100.1,108.18,,"20/50 uptrend, rising EMA50, tight range",100.0,STRONG,Explosive 30-day behavior + liquid leadership + high relative strength + constructive structure + catalyst/theme support + asymmetric runway,NEUTRAL / RESET,,B WATCH,MONITOR ONLY,,,,,,,,,,,,,,,,,,,
Superstock Agent,Explosive Leader / Early Supertrend Candidate,AVAH,Aveanna Healthcare Holdings Inc. - Common Stock,14.61,DISCOVER,UNCLASSIFIED,59.3,72,48,16.31,66.1,3.55,3.98,14.74,RESISTANCE_BREAKOUT,13.86,15.92,1.35,,NOT CHECKED,0,24.75,1,True,13.4,11.78,9.29,12.39,14.69,7.76,14.54,5.93,14.0,15.47,15.92,16.21,,,"20/50 uptrend, rising EMA50, compressed below 20d resistance, volume contraction",99.5,STRONG,Explosive 30-day behavior + liquid leadership + high relative strength + constructive structure + catalyst/theme support + asymmetric runway,MOMENTUM SWEET SPOT,,B WATCH,MONITOR ONLY,,,,,,,,,,,,,,,,,,,
High Momentum / High Beta Agent,Fast-Mover Momentum + Beta/Volatility,MRNA,"Moderna, Inc. - Common Stock",146.31,REJECT,UNCLASSIFIED,43.6,50,32,133.35,47.3,6.69,9.81,177.44,RESISTANCE_BREAKOUT,166.8,191.64,1.33,,NOT CHECKED,0,176.97,2,True,133.23,106.69,66.49,114.46,176.66,52.66,176.66,43.68,176.66,186.31,191.64,195.19,,,"20/50 uptrend, rising EMA50, volume contraction",99.5,STRONG,"Fast-mover discovery: strong relative strength/RVOL plus high ATR/ADR; reported beta is rewarded when available, with R/R and runway used for ranking",NEUTRAL / RESET,WEAK SETUP,,,,,,,,,,,,,,,,,,,,,
High Momentum / High Beta Agent,Fast-Mover Momentum + Beta/Volatility,MARA,"MARA Holdings, Inc. - Common Stock",11.2,DISCOVER,UNCLASSIFIED,52.6,64,46,26.02,49.9,7.02,7.59,12.53,RESISTANCE_BREAKOUT,11.78,13.54,1.33,31.09,NOT CHECKED,0,15.54,2,True,11.22,11.36,12.12,8.68,12.47,8.68,16.43,7.63,16.43,13.16,13.54,13.79,16.43,,"rising EMA50, near EMA50 support, bull flag/pullback, volume contraction, low-volume pullback",98.9,STRONG,"Fast-mover discovery: strong relative strength/RVOL plus high ATR/ADR; reported beta is rewarded when available, with R/R and runway used for ranking",NEUTRAL / RESET,GOOD SETUP,,,,,,,,,,,,,,,,,,,,,
High Momentum / High Beta Agent,Fast-Mover Momentum + Beta/Volatility,CAI,"Caris Life Sciences, Inc. - Common Stock",28.63,DISCOVER,UNCLASSIFIED,61.2,72,48,37.49,60.7,4.6,5.65,28.78,RESISTANCE_BREAKOUT,27.05,31.08,1.33,,NOT CHECKED,0,21.58,2,True,25.02,22.44,22.01,21.92,28.67,15.11,28.32,14.19,28.32,30.22,31.08,31.66,,,"20/50 uptrend, rising EMA50, compressed below 20d resistance, volume contraction",98.5,STRONG,"Fast-mover discovery: strong relative strength/RVOL plus high ATR/ADR; reported beta is rewarded when available, with R/R and runway used for ranking",MOMENTUM SWEET SPOT,WEAK SETUP,,,,,,,,,,,,,,,,,,,,,
Superstock Agent,Explosive Leader / Early Supertrend Candidate,CRWD,"CrowdStrike Holdings, Inc. - Class A Common Stock",242.13,DISCOVER,UNCLASSIFIED,53.4,66,42,14.68,68.1,6.25,5.72,245.19,RESISTANCE_BREAKOUT,230.48,264.81,1.33,,NOT CHECKED,0,20.5,2,True,216.62,203.88,160.89,181.24,243.98,165.5,233.88,90.45,233.88,257.45,264.81,269.71,,,"20/50 uptrend, rising EMA50, compressed below 20d resistance",97.7,STRONG,Explosive 30-day behavior + liquid leadership + high relative strength + constructive structure + catalyst/theme support + asymmetric runway,MOMENTUM SWEET SPOT,,B WATCH,MONITOR ONLY,,,,,,,,,,,,,,,,,,,
Top-500 Swing Agent,2–7 Day Liquid Swing Ideas,BE,Bloom Energy Corporation Class A Common Stock,270.1,DISCOVER,UNCLASSIFIED,61.2,72,48,30.19,67.2,6.32,6.23,285.2,RESISTANCE_BREAKOUT,268.08,308.01,1.33,23.17,NOT CHECKED,0,12.29,1,True,243.57,236.55,202.59,185.93,283.83,157.33,351.28,116.5,351.28,299.46,308.01,313.72,351.28,,"20/50 uptrend, rising EMA50, bull flag/pullback",96.8,STRONG,"Top-500 liquid swing candidate ranked on trend/structure, relative strength, volatility, R/R, resistance runway, catalyst and risk",MOMENTUM SWEET SPOT,,,,,,,,,,,,,,,,,,,,,,
High Momentum / High Beta Agent,Fast-Mover Momentum + Beta/Volatility,TXG,"10x Genomics, Inc. - Common Stock",74.6,DISCOVER,UNCLASSIFIED,57.2,66,48,35.06,70.8,5.28,5.88,75.92,RESISTANCE_BREAKOUT,71.37,82.0,1.33,,NOT CHECKED,0,14.1,3,True,65.04,56.19,35.72,57.83,75.61,31.3,69.67,15.9,66.94,79.72,82.0,83.52,,,"20/50 uptrend, rising EMA50, compressed below 20d resistance, volume contraction",96.8,STRONG,"Fast-mover discovery: strong relative strength/RVOL plus high ATR/ADR; reported beta is rewarded when available, with R/R and runway used for ranking",MOMENTUM SWEET SPOT,WEAK SETUP,,,,,,,,,,,,,,,,,,,,,
Brownmoose Agent,B1/B2 Confluence + Retest + Multi-Target Plan,MARA,"MARA Holdings, Inc. - Common Stock",11.2,DISCOVER,UNCLASSIFIED,52.6,64,46,26.02,49.9,7.02,7.59,12.53,RESISTANCE_BREAKOUT,11.78,13.54,1.33,31.09,NOT CHECKED,0,15.54,2,True,11.22,11.36,12.12,8.68,12.47,8.68,16.43,7.63,16.43,13.16,13.54,13.79,16.43,,"rising EMA50, near EMA50 support, bull flag/pullback, volume contraction, low-volume pullback",96.8,STRONG,"Staged B1/B2 plan from clustered EMA/support references, breakout/retest structure and mapped T1/T2/T3 resistance targets",NEUTRAL / RESET,,,,33.0,11.36,EMA50,11.22,EMA20,11.05,12.47,13.16,13.54,3.6,-1.41,-0.18,B2 READY,A PLAN,,,,,
Brownmoose Agent,B1/B2 Confluence + Retest + Multi-Target Plan,KGC,Kinross Gold Corporation Common Stock,28.11,DISCOVER,UNCLASSIFIED,36.3,52,42,4.77,28.1,4.15,3.45,33.57,RESISTANCE_BREAKOUT,31.61,36.26,1.37,12.08,NOT CHECKED,0,10.25,1,True,29.31,28.27,27.92,27.7,33.48,22.26,33.48,22.26,37.63,35.25,36.26,36.93,37.63,,"rising EMA50, near EMA50 support, near EMA200 pivot, volume contraction, low-volume pullback",96.4,STRONG,"Staged B1/B2 plan from clustered EMA/support references, breakout/retest structure and mapped T1/T2/T3 resistance targets",WEAK MOMENTUM,,,,33.0,28.27,EMA50,27.92,EMA200,27.5,33.48,35.25,36.26,6.78,-0.57,0.68,B2 READY,A PLAN,,,,,
Superstock Agent,Explosive Leader / Early Supertrend Candidate,PSNL,"Personalis, Inc. - Common Stock",16.25,FORMING,UNCLASSIFIED,70.3,78,60,17.78,37.5,3.55,4.43,18.94,RESISTANCE_BREAKOUT,17.97,20.45,1.56,,HISTORICAL / CONTEXT,20,13.66,1,True,16.18,14.84,10.98,14.42,18.89,9.65,18.89,4.95,18.89,19.88,20.45,20.83,,,"20/50 uptrend, rising EMA50, tight range, bull flag/pullback, volume contraction, low-volume pullback",96.1,STRONG,Explosive 30-day behavior + liquid leadership + high relative strength + constructive structure + catalyst/theme support + asymmetric runway,WEAK MOMENTUM,,B WATCH,MONITOR ONLY,,,,,,,,,,,,,,,,,,,
High Momentum / High Beta Agent,Fast-Mover Momentum + Beta/Volatility,IOVA,"Iovance Biotherapeutics, Inc. - Common Stock",9.68,REJECT,UNCLASSIFIED,43.6,50,32,38.66,73.5,4.54,6.45,9.68,RESISTANCE_BREAKOUT,9.1,10.45,1.33,,NOT CHECKED,0,43.09,3,True,8.34,7.01,4.68,7.19,9.41,3.76,9.36,3.18,9.36,10.16,10.45,10.65,,,"20/50 uptrend, rising EMA50, volume contraction",95.9,STRONG,"Fast-mover discovery: strong relative strength/RVOL plus high ATR/ADR; reported beta is rewarded when available, with R/R and runway used for ranking",STRONG / EXTENDED WATCH,WEAK SETUP,,,,,,,,,,,,,,,,,,,,,
Brownmoose Agent,B1/B2 Confluence + Retest + Multi-Target Plan,SMMT,Summit Therapeutics Inc.  - Common Stock,17.49,DISCOVER,Biotechnology,63.6,74,50,37.39,69.3,5.66,5.55,18.91,RESISTANCE_BREAKOUT,17.77,20.42,1.33,54.58,NOT CHECKED,0,17.33,1,True,16.0,15.21,16.24,12.22,18.83,12.07,18.32,12.07,29.23,19.85,20.42,20.8,29.23,,"20/50 uptrend, rising EMA50, bull flag/pullback, volume contraction, low-volume pullback",95.5,STRONG,"Staged B1/B2 plan from clustered EMA/support references, breakout/retest structure and mapped T1/T2/T3 resistance targets",MOMENTUM SWEET SPOT,,,,33.0,16.24,EMA200,16.0,EMA20,15.76,18.32,18.83,19.85,4.33,7.7,9.31,WATCH,A PLAN,,,,,
Superstock Agent,Explosive Leader / Early Supertrend Candidate,HOOD,"Robinhood Markets, Inc. - Class A Common Stock",105.71,DISCOVER,UNCLASSIFIED,50.4,60,42,16.46,47.3,6.23,5.94,125.78,RESISTANCE_BREAKOUT,118.23,135.84,1.33,,NOT CHECKED,0,16.57,2,True,109.04,103.68,99.53,92.19,125.25,83.68,125.25,63.51,120.05,132.07,135.84,138.35,,,"above EMA50, rising EMA50, near EMA50 support, volume contraction, low-volume pullback",94.5,STRONG,Explosive 30-day behavior + liquid leadership + high relative strength + constructive structure + catalyst/theme support + asymmetric runway,NEUTRAL / RESET,,B WATCH,MONITOR ONLY,,,,,,,,,,,,,,,,,,,
Superstock Agent,Explosive Leader / Early Supertrend Candidate,NTSK,"Netskope, Inc. - Class A Common Stock",17.42,DISCOVER,UNCLASSIFIED,49.3,60,42,14.3,70.9,6.75,6.71,17.81,RESISTANCE_BREAKOUT,16.75,19.24,1.33,,NOT CHECKED,0,15.65,2,True,15.17,14.04,14.01,13.14,17.72,8.69,16.58,7.66,16.58,18.7,19.24,19.6,,,"20/50 uptrend, rising EMA50, compressed below 20d resistance",94.4,STRONG,Explosive 30-day behavior + liquid leadership + high relative strength + constructive structure + catalyst/theme support + asymmetric runway,MOMENTUM SWEET SPOT,,B WATCH,MONITOR ONLY,,,,,,,,,,,,,,,,,,,
Superstock Agent,Explosive Leader / Early Supertrend Candidate,ASO,"Academy Sports and Outdoors, Inc. - Common Stock",51.65,DISCOVER,UNCLASSIFIED,49.9,64,40,11.15,68.7,4.49,3.88,57.07,RESISTANCE_BREAKOUT,53.64,61.45,1.28,7.69,NOT CHECKED,0,14.4,1,True,48.56,48.17,50.18,42.02,56.88,42.02,56.88,42.02,61.45,59.92,61.63,62.77,61.45,,"20/50 uptrend, rising EMA50, bull flag/pullback",94.2,STRONG,Explosive 30-day behavior + liquid leadership + high relative strength + constructive structure + catalyst/theme support + asymmetric runway,MOMENTUM SWEET SPOT,,B WATCH,MONITOR ONLY,,,,,,,,,,,,,,,,,,,
High Momentum / High Beta Agent,Fast-Mover Momentum + Beta/Volatility,BTDR,Bitdeer Technologies Group - Ordinary Shares,11.09,REJECT,UNCLASSIFIED,39.4,50,26,24.21,52.7,7.73,7.61,13.02,RESISTANCE_BREAKOUT,12.24,14.06,1.33,48.4,NOT CHECKED,0,10.89,1,True,11.25,11.6,12.83,8.52,12.95,8.44,19.32,6.92,20.72,13.67,14.06,14.32,19.32,,"rising EMA50, volume contraction, low-volume pullback",94.0,STRONG,"Fast-mover discovery: strong relative strength/RVOL plus high ATR/ADR; reported beta is rewarded when available, with R/R and runway used for ranking",NEUTRAL / RESET,GOOD SETUP,,,,,,,,,,,,,,,,,,,,,
Superstock Agent,Explosive Leader / Early Supertrend Candidate,NTRA,"Natera, Inc. - Common Stock",349.55,DISCOVER,UNCLASSIFIED,54.9,66,42,13.11,58.4,2.99,3.22,352.62,RESISTANCE_BREAKOUT,335.07,380.82,1.61,,NOT CHECKED,0,21.37,1,True,328.19,303.88,247.77,313.46,351.78,219.5,343.18,181.0,343.18,370.25,380.82,387.88,,,"20/50 uptrend, rising EMA50, compressed below 20d resistance",93.7,STRONG,Explosive 30-day behavior + liquid leadership + high relative strength + constructive structure + catalyst/theme support + asymmetric runway,MOMENTUM SWEET SPOT,,B WATCH,MONITOR ONLY,,,,,,,,,,,,,,,,,,,
Brownmoose Agent,B1/B2 Confluence + Retest + Multi-Target Plan,EQX,Equinox Gold Corp. Common Shares,11.85,DISCOVER,UNCLASSIFIED,47.8,62,52,4.62,30.2,4.58,3.48,14.12,RESISTANCE_BREAKOUT,13.28,15.25,1.33,33.55,NOT CHECKED,0,10.79,1,True,12.28,11.77,12.2,11.61,14.08,8.47,14.08,8.47,18.86,14.83,15.25,15.54,18.86,,"above EMA50, rising EMA50, near EMA50 support, near EMA200 pivot, volume contraction, low-volume pullback",93.3,STRONG,"Staged B1/B2 plan from clustered EMA/support references, breakout/retest structure and mapped T1/T2/T3 resistance targets",WEAK MOMENTUM,,,,33.0,11.77,EMA50,11.61,DAILY_SUPPORT,11.44,14.08,14.83,15.25,6.91,0.68,2.07,B2 READY,A PLAN,,,,,
High Momentum / High Beta Agent,Fast-Mover Momentum + Beta/Volatility,SIG,Signet Jewelers Limited Common Shares,102.62,FORMING,UNCLASSIFIED,70.1,74,56,22.03,72.4,4.56,4.01,103.86,RESISTANCE_BREAKOUT,97.63,112.17,1.33,,ACTIVE,30,23.96,1,True,92.04,89.76,89.16,79.01,103.49,79.01,103.49,71.34,100.41,109.06,112.17,114.25,,,"20/50 uptrend, rising EMA50, compressed below 20d resistance, bull flag/pullback",92.6,STRONG,"Fast-mover discovery: strong relative strength/RVOL plus high ATR/ADR; reported beta is rewarded when available, with R/R and runway used for ranking",STRONG / EXTENDED WATCH,WEAK SETUP,,,,,,,,,,,,,,,,,,,,,
High Momentum / High Beta Agent,Fast-Mover Momentum + Beta/Volatility,OKTA,"Okta, Inc. - Class A Common Stock",188.04,DISCOVER,UNCLASSIFIED,52.2,60,42,31.62,74.4,6.07,5.28,192.9,RESISTANCE_BREAKOUT,181.33,208.34,1.33,,NOT CHECKED,0,28.63,2,True,166.92,151.58,116.72,127.6,191.99,113.87,179.44,62.66,174.85,202.55,208.34,212.19,,,"20/50 uptrend, rising EMA50, compressed below 20d resistance",91.8,STRONG,"Fast-mover discovery: strong relative strength/RVOL plus high ATR/ADR; reported beta is rewarded when available, with R/R and runway used for ranking",STRONG / EXTENDED WATCH,WEAK SETUP,,,,,,,,,,,,,,,,,,,,,
High Momentum / High Beta Agent,Fast-Mover Momentum + Beta/Volatility,SMTC,Semtech Corporation - Common Stock,168.01,DISCOVER,UNCLASSIFIED,61.2,72,48,25.2,63.5,6.64,7.05,171.32,RESISTANCE_BREAKOUT,161.04,175.69,0.42,2.55,NOT CHECKED,0,11.33,3,True,146.95,140.02,116.44,115.0,170.43,103.1,175.69,69.16,177.35,179.89,185.03,188.46,175.69,,"20/50 uptrend, rising EMA50, compressed below 20d resistance, volume contraction",91.6,STRONG,"Fast-mover discovery: strong relative strength/RVOL plus high ATR/ADR; reported beta is rewarded when available, with R/R and runway used for ranking",MOMENTUM SWEET SPOT,WEAK SETUP,,,,,,,,,,,,,,,,,,,,,
Brownmoose Agent,B1/B2 Confluence + Retest + Multi-Target Plan,CDE,"Coeur Mining, Inc. Common Stock",19.52,DISCOVER,UNCLASSIFIED,42.8,56,42,6.44,37.4,5.1,4.57,22.53,RESISTANCE_BREAKOUT,21.18,24.33,1.33,20.59,NOT CHECKED,0,13.07,2,True,20.16,19.07,18.46,19.38,22.45,13.93,22.45,13.93,27.17,23.66,24.33,24.78,27.17,,"above EMA50, rising EMA50, near EMA50 support, volume contraction, low-volume pullback",90.5,STRONG,"Staged B1/B2 plan from clustered EMA/support references, breakout/retest structure and mapped T1/T2/T3 resistance targets",WEAK MOMENTUM,,,,33.0,19.38,DAILY_SUPPORT,19.07,EMA50,18.78,22.45,23.66,24.33,5.15,0.72,2.36,B2 READY,A PLAN,,,,,
Top-500 Swing Agent,2–7 Day Liquid Swing Ideas,MARA,"MARA Holdings, Inc. - Common Stock",11.2,DISCOVER,UNCLASSIFIED,52.6,64,46,26.02,49.9,7.02,7.59,12.53,RESISTANCE_BREAKOUT,11.78,13.54,1.33,31.09,NOT CHECKED,0,15.54,2,True,11.22,11.36,12.12,8.68,12.47,8.68,16.43,7.63,16.43,13.16,13.54,13.79,16.43,,"rising EMA50, near EMA50 support, bull flag/pullback, volume contraction, low-volume pullback",89.9,STRONG,"Top-500 liquid swing candidate ranked on trend/structure, relative strength, volatility, R/R, resistance runway, catalyst and risk",NEUTRAL / RESET,,,,,,,,,,,,,,,,,,,,,,
Brownmoose Agent,B1/B2 Confluence + Retest + Multi-Target Plan,MRK,"Merck & Company, Inc. Common Stock (new)",144.04,DISCOVER,UNCLASSIFIED,49.3,60,46,8.15,29.2,2.08,2.28,156.24,RESISTANCE_BREAKOUT,151.21,168.74,2.49,,NOT CHECKED,0,12.6,1,True,144.57,137.94,119.18,142.32,156.0,112.34,156.0,106.5,156.0,164.05,168.74,171.86,,,"above EMA50, rising EMA50, tight range, volume contraction, low-volume pullback",89.4,STRONG,"Staged B1/B2 plan from clustered EMA/support references, breakout/retest structure and mapped T1/T2/T3 resistance targets",WEAK MOMENTUM,,,,33.0,144.57,EMA20,142.32,DAILY_SUPPORT,140.19,156.0,164.05,168.74,2.61,-0.37,1.21,B2 READY,A PLAN,,,,,
Superstock Agent,Explosive Leader / Early Supertrend Candidate,HNGE,"Hinge Health, Inc. Class A Common Stock",93.22,FORMING,UNCLASSIFIED,64.8,78,58,6.6,53.9,4.83,4.95,95.93,RESISTANCE_BREAKOUT,90.17,103.6,1.33,,WEAK,22,11.55,1,True,90.29,85.04,66.46,84.23,95.57,67.86,95.57,34.64,95.57,100.73,103.6,105.52,,,"20/50 uptrend, rising EMA50, compressed below 20d resistance, tight range, volume contraction",88.6,STRONG,Explosive 30-day behavior + liquid leadership + high relative strength + constructive structure + catalyst/theme support + asymmetric runway,NEUTRAL / RESET,,B WATCH,MONITOR ONLY,,,,,,,,,,,,,,,,,,,
Superstock Agent,Explosive Leader / Early Supertrend Candidate,ARE,"Alexandria Real Estate Equities, Inc. Common Stock",52.54,FORMING,UNCLASSIFIED,67.9,76,58,15.59,47.9,3.06,3.55,54.84,RESISTANCE_BREAKOUT,51.55,55.74,0.27,1.64,WEAK,22,10.27,1,True,51.5,50.86,52.95,46.74,54.71,45.78,55.74,38.9,55.74,57.58,59.23,60.32,55.74,,"20/50 uptrend, rising EMA50, near EMA200 pivot, volume contraction",88.3,STRONG,Explosive 30-day behavior + liquid leadership + high relative strength + constructive structure + catalyst/theme support + asymmetric runway,NEUTRAL / RESET,,B WATCH,MONITOR ONLY,,,,,,,,,,,,,,,,,,,
High Momentum / High Beta Agent,Fast-Mover Momentum + Beta/Volatility,SWKS,"Skyworks Solutions, Inc. - Common Stock",86.33,REJECT,UNCLASSIFIED,45.4,52,34,28.99,70.2,6.06,5.65,92.72,RESISTANCE_BREAKOUT,87.16,100.14,1.33,,NOT CHECKED,0,13.55,1,True,75.98,70.93,66.99,63.06,92.3,55.43,92.3,51.48,85.18,97.35,100.14,101.99,,,"20/50 uptrend, rising EMA50",87.4,STRONG,"Fast-mover discovery: strong relative strength/RVOL plus high ATR/ADR; reported beta is rewarded when available, with R/R and runway used for ranking",MOMENTUM SWEET SPOT,WEAK SETUP,,,,,,,,,,,,,,,,,,,,,
Superstock Agent,Explosive Leader / Early Supertrend Candidate,DOCU,"DocuSign, Inc. - Common Stock",70.93,DISCOVER,UNCLASSIFIED,50.0,58,40,19.16,73.3,4.32,3.87,74.31,RESISTANCE_BREAKOUT,69.85,80.25,1.33,,NOT CHECKED,0,10.31,1,True,65.32,60.06,57.27,58.73,74.07,42.25,70.4,41.37,66.33,78.03,80.25,81.74,,,"20/50 uptrend, rising EMA50, volume contraction",86.9,STRONG,Explosive 30-day behavior + liquid leadership + high relative strength + constructive structure + catalyst/theme support + asymmetric runway,STRONG / EXTENDED WATCH,,B WATCH,MONITOR ONLY,,,,,,,,,,,,,,,,,,,
Superstock Agent,Explosive Leader / Early Supertrend Candidate,TH,Target Hospitality Corp. - Common Stock,19.2,DISCOVER,UNCLASSIFIED,56.6,72,48,10.86,65.4,5.03,4.89,20.55,RESISTANCE_BREAKOUT,19.31,20.85,0.25,1.47,NOT CHECKED,0,12.99,1,True,18.49,17.76,14.43,16.7,20.47,14.08,20.85,7.48,20.85,21.57,22.19,22.6,20.85,,"20/50 uptrend, rising EMA50, bull flag/pullback",86.6,STRONG,Explosive 30-day behavior + liquid leadership + high relative strength + constructive structure + catalyst/theme support + asymmetric runway,MOMENTUM SWEET SPOT,,B WATCH,MONITOR ONLY,,,,,,,,,,,,,,,,,,,
Brownmoose Agent,B1/B2 Confluence + Retest + Multi-Target Plan,NBIS,Nebius Group N.V. - Class A Ordinary Shares,217.5,DISCOVER,UNCLASSIFIED,32.5,54,42,-11.49,51.6,6.42,5.55,255.86,RESISTANCE_BREAKOUT,240.51,276.33,1.33,17.2,NOT CHECKED,0,34.14,1,True,219.35,216.49,175.24,194.8,254.74,145.8,299.86,83.53,299.86,268.65,276.33,281.44,299.86,,"above EMA50, rising EMA50, near EMA50 support, volume contraction, low-volume pullback",85.9,STRONG,"Staged B1/B2 plan from clustered EMA/support references, breakout/retest structure and mapped T1/T2/T3 resistance targets",NEUTRAL / RESET,,,,33.0,219.35,EMA20,216.49,EMA50,213.24,254.74,268.65,276.33,5.79,-0.84,0.47,B2 READY,A PLAN,,,,,
Superstock Agent,Explosive Leader / Early Supertrend Candidate,EL,"Estee Lauder Companies, Inc. (The) Common Stock",96.21,DISCOVER,UNCLASSIFIED,59.0,68,50,15.52,31.2,3.25,3.26,108.26,RESISTANCE_BREAKOUT,103.01,116.92,1.65,,NOT CHECKED,0,16.3,1,True,97.52,92.92,89.6,93.18,108.01,76.57,108.01,65.74,108.01,113.68,116.92,119.09,,,"above EMA50, rising EMA50, bull flag/pullback, volume contraction, low-volume pullback",85.4,STRONG,Explosive 30-day behavior + liquid leadership + high relative strength + constructive structure + catalyst/theme support + asymmetric runway,WEAK MOMENTUM,,B WATCH,MONITOR ONLY,,,,,,,,,,,,,,,,,,,
High Momentum / High Beta Agent,Fast-Mover Momentum + Beta/Volatility,NVAX,"Novavax, Inc. - Common Stock",9.3,DISCOVER,Biotechnology,62.8,74,50,18.17,51.3,6.38,6.22,10.8,RESISTANCE_BREAKOUT,10.15,11.61,1.25,7.53,NOT CHECKED,0,10.84,1,True,9.34,8.98,8.75,8.02,10.75,7.15,10.75,7.15,11.61,11.34,11.66,11.88,11.61,,"above EMA50, rising EMA50, bull flag/pullback, volume contraction, low-volume pullback",85.0,STRONG,"Fast-mover discovery: strong relative strength/RVOL plus high ATR/ADR; reported beta is rewarded when available, with R/R and runway used for ranking",NEUTRAL / RESET,GOOD SETUP,,,,,,,,,,,,,,,,,,,,,
Superstock Agent,Explosive Leader / Early Supertrend Candidate,ZETA,Zeta Global Holdings Corp. Class A Common Stock,31.11,DISCOVER,UNCLASSIFIED,58.4,74,50,11.16,63.8,4.72,4.45,32.93,RESISTANCE_BREAKOUT,30.95,35.56,1.33,,NOT CHECKED,0,11.58,1,True,29.94,27.1,22.07,27.11,32.81,17.77,32.81,14.36,31.05,34.57,35.56,36.22,,,"20/50 uptrend, rising EMA50, tight range, volume contraction",85.0,STRONG,Explosive 30-day behavior + liquid leadership + high relative strength + constructive structure + catalyst/theme support + asymmetric runway,MOMENTUM SWEET SPOT,,B WATCH,MONITOR ONLY,,,,,,,,,,,,,,,,,,,
High Momentum / High Beta Agent,Fast-Mover Momentum + Beta/Volatility,CVI,CVR Energy Inc. Common Stock,53.52,REJECT,UNCLASSIFIED,35.6,44,26,46.95,91.9,4.89,5.59,53.52,RESISTANCE_BREAKOUT,50.31,57.8,1.33,,NOT CHECKED,0,10.27,1,True,44.68,39.39,33.66,35.79,52.55,25.97,52.4,24.16,43.47,56.2,57.8,58.87,,,"20/50 uptrend, rising EMA50",84.6,STRONG,"Fast-mover discovery: strong relative strength/RVOL plus high ATR/ADR; reported beta is rewarded when available, with R/R and runway used for ranking",NEUTRAL / RESET,WEAK SETUP,,,,,,,,,,,,,,,,,,,,,
Brownmoose Agent,B1/B2 Confluence + Retest + Multi-Target Plan,AU,AngloGold Ashanti PLC Ordinary Shares,100.86,DISCOVER,UNCLASSIFIED,39.2,52,42,4.58,20.0,3.77,3.25,123.69,RESISTANCE_BREAKOUT,117.31,124.69,0.16,0.81,NOT CHECKED,0,10.81,1,True,105.05,99.42,90.82,98.92,123.39,72.94,123.39,72.94,124.69,129.88,133.59,136.06,124.69,,"above EMA50, rising EMA50, near EMA50 support, volume contraction, low-volume pullback",84.3,STRONG,"Staged B1/B2 plan from clustered EMA/support references, breakout/retest structure and mapped T1/T2/T3 resistance targets",WEAK MOMENTUM,,,,33.0,99.42,EMA50,90.82,EMA200,89.46,123.39,124.69,129.88,2.41,1.45,11.05,B1 READY,A PLAN,,,,,
High Momentum / High Beta Agent,Fast-Mover Momentum + Beta/Volatility,DELL,Dell Technologies Inc. Class C Common Stock ,568.29,DISCOVER,UNCLASSIFIED,56.0,66,42,22.22,66.2,6.26,5.87,571.51,RESISTANCE_BREAKOUT,537.22,617.24,1.33,,NOT CHECKED,0,15.81,2,True,504.71,460.43,315.7,421.89,568.67,358.88,567.75,136.85,514.0,600.09,617.24,628.67,,,"20/50 uptrend, rising EMA50, compressed below 20d resistance",84.2,STRONG,"Fast-mover discovery: strong relative strength/RVOL plus high ATR/ADR; reported beta is rewarded when available, with R/R and runway used for ranking",MOMENTUM SWEET SPOT,WEAK SETUP,,,,,,,,,,,,,,,,,,,,,
Top-500 Swing Agent,2–7 Day Liquid Swing Ideas,CLSK,"CleanSpark, Inc. - Common Stock",12.97,DISCOVER,UNCLASSIFIED,53.9,72,48,11.49,54.9,6.87,7.03,14.1,RESISTANCE_BREAKOUT,13.26,15.23,1.33,35.09,NOT CHECKED,0,11.03,1,True,12.7,13.01,12.98,10.77,14.03,10.77,19.05,8.0,19.17,14.81,15.23,15.51,19.05,,"near EMA50 support, near EMA200 pivot, bull flag/pullback, volume contraction, low-volume pullback",84.0,STRONG,"Top-500 liquid swing candidate ranked on trend/structure, relative strength, volatility, R/R, resistance runway, catalyst and risk",NEUTRAL / RESET,,,,,,,,,,,,,,,,,,,,,,
High Momentum / High Beta Agent,Fast-Mover Momentum + Beta/Volatility,RBLX,Roblox Corporation Class A Common Stock,48.37,REJECT,UNCLASSIFIED,40.6,50,32,29.37,79.2,4.53,4.76,51.48,RESISTANCE_BREAKOUT,48.39,55.59,1.33,13.51,NOT CHECKED,0,12.73,1,True,43.96,44.12,61.71,37.2,51.3,33.88,58.43,33.88,69.91,54.05,55.59,56.62,58.43,,"above EMA50, rising EMA50, volume contraction",83.9,STRONG,"Fast-mover discovery: strong relative strength/RVOL plus high ATR/ADR; reported beta is rewarded when available, with R/R and runway used for ranking",STRONG / EXTENDED WATCH,GOOD SETUP,,,,,,,,,,,,,,,,,,,,,
Top-500 Swing Agent,2–7 Day Liquid Swing Ideas,CAI,"Caris Life Sciences, Inc. - Common Stock",28.63,DISCOVER,UNCLASSIFIED,61.2,72,48,37.49,60.7,4.6,5.65,28.78,RESISTANCE_BREAKOUT,27.05,31.08,1.33,,NOT CHECKED,0,21.58,2,True,25.02,22.44,22.01,21.92,28.67,15.11,28.32,14.19,28.32,30.22,31.08,31.66,,,"20/50 uptrend, rising EMA50, compressed below 20d resistance, volume contraction",83.7,STRONG,"Top-500 liquid swing candidate ranked on trend/structure, relative strength, volatility, R/R, resistance runway, catalyst and risk",MOMENTUM SWEET SPOT,,,,,,,,,,,,,,,,,,,,,,
Top-500 Swing Agent,2–7 Day Liquid Swing Ideas,SMTC,Semtech Corporation - Common Stock,168.01,DISCOVER,UNCLASSIFIED,61.2,72,48,25.2,63.5,6.64,7.05,171.32,RESISTANCE_BREAKOUT,161.04,175.69,0.42,2.55,NOT CHECKED,0,11.33,3,True,146.95,140.02,116.44,115.0,170.43,103.1,175.69,69.16,177.35,179.89,185.03,188.46,175.69,,"20/50 uptrend, rising EMA50, compressed below 20d resistance, volume contraction",83.6,STRONG,"Top-500 liquid swing candidate ranked on trend/structure, relative strength, volatility, R/R, resistance runway, catalyst and risk",MOMENTUM SWEET SPOT,,,,,,,,,,,,,,,,,,,,,,
High Momentum / High Beta Agent,Fast-Mover Momentum + Beta/Volatility,CLSK,"CleanSpark, Inc. - Common Stock",12.97,DISCOVER,UNCLASSIFIED,53.9,72,48,11.49,54.9,6.87,7.03,14.1,RESISTANCE_BREAKOUT,13.26,15.23,1.33,35.09,NOT CHECKED,0,11.03,1,True,12.7,13.01,12.98,10.77,14.03,10.77,19.05,8.0,19.17,14.81,15.23,15.51,19.05,,"near EMA50 support, near EMA200 pivot, bull flag/pullback, volume contraction, low-volume pullback",83.0,STRONG,"Fast-mover discovery: strong relative strength/RVOL plus high ATR/ADR; reported beta is rewarded when available, with R/R and runway used for ranking",NEUTRAL / RESET,GOOD SETUP,,,,,,,,,,,,,,,,,,,,,
Superstock Agent,Explosive Leader / Early Supertrend Candidate,WPM,Wheaton Precious Metals Corp Common Shares (Canada),148.9,FORMING,UNCLASSIFIED,71.7,78,60,13.32,42.1,3.8,3.27,164.35,RESISTANCE_BREAKOUT,154.84,165.03,0.07,0.41,ACTIVE,38,11.1,1,True,148.9,138.78,127.91,138.32,163.9,101.46,163.9,101.46,165.03,172.57,177.5,180.79,165.03,,"20/50 uptrend, rising EMA50, tight range, bull flag/pullback, volume contraction, low-volume pullback",82.6,STRONG,Explosive 30-day behavior + liquid leadership + high relative strength + constructive structure + catalyst/theme support + asymmetric runway,WEAK MOMENTUM,,B WATCH,MONITOR ONLY,,,,,,,,,,,,,,,,,,,
Superstock Agent,Explosive Leader / Early Supertrend Candidate,ROIV,Roivant Sciences Ltd. - Common Shares,40.12,DISCOVER,UNCLASSIFIED,49.3,64,44,8.32,61.1,4.55,3.51,42.65,RESISTANCE_BREAKOUT,40.09,46.06,1.33,,NOT CHECKED,0,18.75,1,True,38.07,36.13,29.77,33.43,42.5,30.7,42.5,25.95,37.97,44.78,46.06,46.91,,,"20/50 uptrend, rising EMA50, volume contraction, low-volume pullback",82.6,STRONG,Explosive 30-day behavior + liquid leadership + high relative strength + constructive structure + catalyst/theme support + asymmetric runway,MOMENTUM SWEET SPOT,,B WATCH,MONITOR ONLY,,,,,,,,,,,,,,,,,,,
High Momentum / High Beta Agent,Fast-Mover Momentum + Beta/Volatility,CRM,"Salesforce, Inc. Common Stock",250.15,DISCOVER,UNCLASSIFIED,52.2,60,42,28.49,70.6,4.98,3.73,269.27,RESISTANCE_BREAKOUT,253.11,290.81,1.33,,NOT CHECKED,0,22.58,1,True,239.09,214.94,203.26,194.21,268.27,146.32,268.27,146.32,263.53,282.73,290.81,296.19,,,"20/50 uptrend, rising EMA50, tight range, volume contraction",82.5,STRONG,"Fast-mover discovery: strong relative strength/RVOL plus high ATR/ADR; reported beta is rewarded when available, with R/R and runway used for ranking",MOMENTUM SWEET SPOT,WEAK SETUP,,,,,,,,,,,,,,,,,,,,,
Superstock Agent,Explosive Leader / Early Supertrend Candidate,ABCL,AbCellera Biologics Inc. - Common Shares,11.62,DISCOVER,UNCLASSIFIED,42.3,56,42,5.46,42.5,5.34,5.69,12.63,RESISTANCE_BREAKOUT,11.87,13.64,1.33,,NOT CHECKED,0,34.78,3,True,10.96,9.47,6.45,10.32,12.58,4.98,12.58,3.22,12.58,13.26,13.64,13.89,,,"20/50 uptrend, rising EMA50, tight range, volume contraction",82.4,STRONG,Explosive 30-day behavior + liquid leadership + high relative strength + constructive structure + catalyst/theme support + asymmetric runway,WEAK MOMENTUM,,B WATCH,MONITOR ONLY,,,,,,,,,,,,,,,,,,,
Top-500 Swing Agent,2–7 Day Liquid Swing Ideas,TXG,"10x Genomics, Inc. - Common Stock",74.6,DISCOVER,UNCLASSIFIED,57.2,66,48,35.06,70.8,5.28,5.88,75.92,RESISTANCE_BREAKOUT,71.37,82.0,1.33,,NOT CHECKED,0,14.1,3,True,65.04,56.19,35.72,57.83,75.61,31.3,69.67,15.9,66.94,79.72,82.0,83.52,,,"20/50 uptrend, rising EMA50, compressed below 20d resistance, volume contraction",82.1,STRONG,"Top-500 liquid swing candidate ranked on trend/structure, relative strength, volatility, R/R, resistance runway, catalyst and risk",MOMENTUM SWEET SPOT,,,,,,,,,,,,,,,,,,,,,,
Brownmoose Agent,B1/B2 Confluence + Retest + Multi-Target Plan,VOYG,"Voyager Technologies, Inc. Class A Common Stock",35.42,DISCOVER,UNCLASSIFIED,30.7,54,42,-15.18,53.4,5.46,5.82,42.08,RESISTANCE_BREAKOUT,39.56,45.4,1.31,7.88,NOT CHECKED,0,10.31,1,True,34.65,34.51,32.29,31.96,41.93,22.31,45.4,21.68,52.4,44.19,45.45,46.29,45.4,,"20/50 uptrend, near EMA50 support, tight range",81.9,STRONG,"Staged B1/B2 plan from clustered EMA/support references, breakout/retest structure and mapped T1/T2/T3 resistance targets",NEUTRAL / RESET,,,,33.0,34.65,EMA20,32.29,EMA200,31.81,41.93,44.19,45.4,2.56,2.22,9.69,B1 READY,A PLAN,,,,,
Top-500 Swing Agent,2–7 Day Liquid Swing Ideas,TWLO,Twilio Inc. Class A Common Stock,238.79,FORMING,Infrastructure,64.0,74,58,3.85,56.2,4.22,4.0,245.7,RESISTANCE_BREAKOUT,230.95,258.35,0.86,5.15,ACTIVE,38,24.89,1,True,230.81,220.68,177.75,215.79,244.89,179.2,258.35,112.99,258.35,257.98,265.35,270.26,258.35,,"20/50 uptrend, rising EMA50, compressed below 20d resistance, tight range, volume contraction",81.3,STRONG,"Top-500 liquid swing candidate ranked on trend/structure, relative strength, volatility, R/R, resistance runway, catalyst and risk",MOMENTUM SWEET SPOT,,,,,,,,,,,,,,,,,,,,,,
Brownmoose Agent,B1/B2 Confluence + Retest + Multi-Target Plan,ABNB,"Airbnb, Inc. - Class A Common Stock",169.9,DISCOVER,UNCLASSIFIED,33.4,48,42,-6.32,28.8,2.92,2.56,193.85,RESISTANCE_BREAKOUT,185.51,209.36,1.86,,NOT CHECKED,0,17.43,1,True,175.11,167.9,146.07,165.83,193.45,135.72,193.45,121.51,193.45,203.54,209.36,213.23,,,"above EMA50, rising EMA50, near EMA50 support, volume contraction, low-volume pullback",81.2,STRONG,"Staged B1/B2 plan from clustered EMA/support references, breakout/retest structure and mapped T1/T2/T3 resistance targets",WEAK MOMENTUM,,,,33.0,167.9,EMA50,165.83,DAILY_SUPPORT,163.34,193.45,203.54,209.36,5.61,1.19,2.45,B2 READY,A PLAN,,,,,
Superstock Agent,Explosive Leader / Early Supertrend Candidate,CDE,"Coeur Mining, Inc. Common Stock",19.52,DISCOVER,UNCLASSIFIED,42.8,56,42,6.44,37.4,5.1,4.57,22.53,RESISTANCE_BREAKOUT,21.18,24.33,1.33,20.59,NOT CHECKED,0,13.07,2,True,20.16,19.07,18.46,19.38,22.45,13.93,22.45,13.93,27.17,23.66,24.33,24.78,27.17,,"above EMA50, rising EMA50, near EMA50 support, volume contraction, low-volume pullback",80.2,STRONG,Explosive 30-day behavior + liquid leadership + high relative strength + constructive structure + catalyst/theme support + asymmetric runway,WEAK MOMENTUM,,B WATCH,MONITOR ONLY,,,,,,,,,,,,,,,,,,,
Superstock Agent,Explosive Leader / Early Supertrend Candidate,IAG,Iamgold Corporation Ordinary Shares,19.75,DISCOVER,UNCLASSIFIED,52.8,66,52,9.56,36.3,4.12,3.53,22.39,RESISTANCE_BREAKOUT,21.04,24.18,1.33,11.1,NOT CHECKED,0,14.29,1,True,19.82,18.62,17.12,19.2,22.32,13.62,22.32,13.62,24.87,23.5,24.18,24.62,24.87,,"above EMA50, rising EMA50, tight range, bull flag/pullback, volume contraction, low-volume pullback",80.1,STRONG,Explosive 30-day behavior + liquid leadership + high relative strength + constructive structure + catalyst/theme support + asymmetric runway,WEAK MOMENTUM,,B WATCH,MONITOR ONLY,,,,,,,,,,,,,,,,,,,
Superstock Agent,Explosive Leader / Early Supertrend Candidate,WIX,Wix.com Ltd. - Ordinary Shares,81.43,DISCOVER,UNCLASSIFIED,42.8,56,42,6.49,48.7,6.37,5.75,97.21,RESISTANCE_BREAKOUT,91.38,104.99,1.33,,NOT CHECKED,0,16.45,1,True,78.67,71.66,82.11,69.27,96.8,40.16,96.8,40.16,94.83,102.08,104.99,106.94,,,"20/50 uptrend, rising EMA50, near EMA200 pivot, volume contraction",79.9,STRONG,Explosive 30-day behavior + liquid leadership + high relative strength + constructive structure + catalyst/theme support + asymmetric runway,NEUTRAL / RESET,,B WATCH,MONITOR ONLY,,,,,,,,,,,,,,,,,,,
Top-500 Swing Agent,2–7 Day Liquid Swing Ideas,BTDR,Bitdeer Technologies Group - Ordinary Shares,11.09,REJECT,UNCLASSIFIED,39.4,50,26,24.21,52.7,7.73,7.61,13.02,RESISTANCE_BREAKOUT,12.24,14.06,1.33,48.4,NOT CHECKED,0,10.89,1,True,11.25,11.6,12.83,8.52,12.95,8.44,19.32,6.92,20.72,13.67,14.06,14.32,19.32,,"rising EMA50, volume contraction, low-volume pullback",79.7,STRONG,"Top-500 liquid swing candidate ranked on trend/structure, relative strength, volatility, R/R, resistance runway, catalyst and risk",NEUTRAL / RESET,,,,,,,,,,,,,,,,,,,,,,
High Momentum / High Beta Agent,Fast-Mover Momentum + Beta/Volatility,SEDG,"SolarEdge Technologies, Inc. - Common Stock",34.44,REJECT,UNCLASSIFIED,27.5,38,14,16.45,54.8,7.36,6.74,37.91,RESISTANCE_BREAKOUT,35.64,40.95,1.33,60.76,NOT CHECKED,0,10.71,1,True,34.65,38.57,42.0,29.6,37.71,29.51,60.95,29.51,81.25,39.81,40.95,41.7,60.95,,bull flag/pullback,79.4,STRONG,"Fast-mover discovery: strong relative strength/RVOL plus high ATR/ADR; reported beta is rewarded when available, with R/R and runway used for ranking",NEUTRAL / RESET,GOOD SETUP,,,,,,,,,,,,,,,,,,,,,
Top-500 Swing Agent,2–7 Day Liquid Swing Ideas,DK,"Delek US Holdings, Inc. Common Stock",79.03,DISCOVER,Energy,66.7,76,52,16.81,69.5,5.31,5.84,79.49,RESISTANCE_BREAKOUT,74.72,85.84,1.33,,NOT CHECKED,0,11.6,1,True,72.8,66.51,50.57,63.13,79.15,40.74,78.43,36.68,75.24,83.46,85.84,87.43,,,"20/50 uptrend, rising EMA50, compressed below 20d resistance, tight range",79.0,STRONG,"Top-500 liquid swing candidate ranked on trend/structure, relative strength, volatility, R/R, resistance runway, catalyst and risk",MOMENTUM SWEET SPOT,,,,,,,,,,,,,,,,,,,,,,
High Momentum / High Beta Agent,Fast-Mover Momentum + Beta/Volatility,DK,"Delek US Holdings, Inc. Common Stock",79.03,DISCOVER,Energy,66.7,76,52,16.81,69.5,5.31,5.84,79.49,RESISTANCE_BREAKOUT,74.72,85.84,1.33,,NOT CHECKED,0,11.6,1,True,72.8,66.51,50.57,63.13,79.15,40.74,78.43,36.68,75.24,83.46,85.84,87.43,,,"20/50 uptrend, rising EMA50, compressed below 20d resistance, tight range",78.9,STRONG,"Fast-mover discovery: strong relative strength/RVOL plus high ATR/ADR; reported beta is rewarded when available, with R/R and runway used for ranking",MOMENTUM SWEET SPOT,WEAK SETUP,,,,,,,,,,,,,,,,,,,,,
Top-500 Swing Agent,2–7 Day Liquid Swing Ideas,TEM,"Tempus AI, Inc. - Class A Common Stock",69.95,DISCOVER,UNCLASSIFIED,54.4,64,40,42.67,52.4,6.18,7.57,73.31,RESISTANCE_BREAKOUT,68.91,79.17,1.33,,NOT CHECKED,0,24.09,3,True,62.66,58.49,59.3,54.81,72.96,40.77,72.96,40.77,72.96,76.97,79.17,80.64,,,"20/50 uptrend, rising EMA50, volume contraction",78.7,STRONG,"Top-500 liquid swing candidate ranked on trend/structure, relative strength, volatility, R/R, resistance runway, catalyst and risk",NEUTRAL / RESET,,,,,,,,,,,,,,,,,,,,,,
High Momentum / High Beta Agent,Fast-Mover Momentum + Beta/Volatility,ANF,Abercrombie & Fitch Company Common Stock,141.42,DISCOVER,UNCLASSIFIED,59.0,68,50,37.76,44.7,4.54,4.83,155.73,RESISTANCE_BREAKOUT,146.39,168.19,1.33,,NOT CHECKED,0,35.67,1,True,135.35,119.95,99.96,102.3,155.22,83.98,155.22,69.68,154.58,163.52,168.19,171.31,,,"20/50 uptrend, rising EMA50, bull flag/pullback, volume contraction, low-volume pullback",78.4,STRONG,"Fast-mover discovery: strong relative strength/RVOL plus high ATR/ADR; reported beta is rewarded when available, with R/R and runway used for ranking",WEAK MOMENTUM,WEAK SETUP,,,,,,,,,,,,,,,,,,,,,
Mark Minervini,Trend Template / VCP,MRK,"Merck & Company, Inc. Common Stock (new)",144.04,DISCOVER,UNCLASSIFIED,49.3,60,46,8.15,29.2,2.08,2.28,156.24,RESISTANCE_BREAKOUT,151.21,168.74,2.49,,NOT CHECKED,0,12.6,1,True,144.57,137.94,119.18,142.32,156.0,112.34,156.0,106.5,156.0,164.05,168.74,171.86,,,"above EMA50, rising EMA50, tight range, volume contraction, low-volume pullback",78.3,STRONG,Strong relative strength + tight constructive structure + favorable R/R,WEAK MOMENTUM,,,,,,,,,,,,,,,,,,,,,,
Top-500 Swing Agent,2–7 Day Liquid Swing Ideas,HNGE,"Hinge Health, Inc. Class A Common Stock",93.22,FORMING,UNCLASSIFIED,64.8,78,58,6.6,53.9,4.83,4.95,95.93,RESISTANCE_BREAKOUT,90.17,103.6,1.33,,WEAK,22,11.55,1,True,90.29,85.04,66.46,84.23,95.57,67.86,95.57,34.64,95.57,100.73,103.6,105.52,,,"20/50 uptrend, rising EMA50, compressed below 20d resistance, tight range, volume contraction",77.6,STRONG,"Top-500 liquid swing candidate ranked on trend/structure, relative strength, volatility, R/R, resistance runway, catalyst and risk",NEUTRAL / RESET,,,,,,,,,,,,,,,,,,,,,,
High Momentum / High Beta Agent,Fast-Mover Momentum + Beta/Volatility,RIOT,"Riot Platforms, Inc. - Common Stock",20.61,REJECT,UNCLASSIFIED,42.0,58,38,9.98,50.0,6.81,6.96,22.98,RESISTANCE_BREAKOUT,21.6,24.82,1.33,31.93,NOT CHECKED,0,13.44,1,True,20.59,20.99,19.98,17.39,22.87,17.39,30.32,11.5,30.32,24.13,24.82,25.28,30.32,,"near EMA50 support, bull flag/pullback, volume contraction, low-volume pullback",77.5,STRONG,"Fast-mover discovery: strong relative strength/RVOL plus high ATR/ADR; reported beta is rewarded when available, with R/R and runway used for ranking",NEUTRAL / RESET,GOOD SETUP,,,,,,,,,,,,,,,,,,,,,
Top-500 Swing Agent,2–7 Day Liquid Swing Ideas,HALO,"Halozyme Therapeutics, Inc. - Common Stock",108.12,FORMING,Biotechnology,68.4,78,62,4.04,53.4,2.27,2.22,111.35,RESISTANCE_BREAKOUT,105.7,120.25,1.58,,ACTIVE,38,20.24,1,True,105.75,97.0,80.55,103.47,111.15,68.27,111.15,61.33,109.66,116.91,120.25,122.48,,,"20/50 uptrend, rising EMA50, compressed below 20d resistance, tight range, volume contraction, low-volume pullback",77.4,STRONG,"Top-500 liquid swing candidate ranked on trend/structure, relative strength, volatility, R/R, resistance runway, catalyst and risk",NEUTRAL / RESET,,,,,,,,,,,,,,,,,,,,,,
High Momentum / High Beta Agent,Fast-Mover Momentum + Beta/Volatility,NTSK,"Netskope, Inc. - Class A Common Stock",17.42,DISCOVER,UNCLASSIFIED,49.3,60,42,14.3,70.9,6.75,6.71,17.81,RESISTANCE_BREAKOUT,16.75,19.24,1.33,,NOT CHECKED,0,15.65,2,True,15.17,14.04,14.01,13.14,17.72,8.69,16.58,7.66,16.58,18.7,19.24,19.6,,,"20/50 uptrend, rising EMA50, compressed below 20d resistance",77.3,STRONG,"Fast-mover discovery: strong relative strength/RVOL plus high ATR/ADR; reported beta is rewarded when available, with R/R and runway used for ranking",MOMENTUM SWEET SPOT,WEAK SETUP,,,,,,,,,,,,,,,,,,,,,
Brownmoose Agent,B1/B2 Confluence + Retest + Multi-Target Plan,ZS,"Zscaler, Inc. - Common Stock",195.01,DISCOVER,UNCLASSIFIED,46.4,62,42,5.97,62.5,5.47,5.1,197.43,RESISTANCE_BREAKOUT,185.58,213.22,1.33,,NOT CHECKED,0,16.52,1,True,177.13,168.05,179.26,159.2,196.57,121.72,190.97,114.62,191.25,207.3,213.22,217.17,,,"20/50 uptrend, rising EMA50, compressed below 20d resistance",76.9,STRONG,"Staged B1/B2 plan from clustered EMA/support references, breakout/retest structure and mapped T1/T2/T3 resistance targets",MOMENTUM SWEET SPOT,,,,33.0,179.26,EMA200,177.13,EMA20,174.47,196.57,207.3,213.22,3.62,8.79,10.09,WATCH,A PLAN,,,,,
High Momentum / High Beta Agent,Fast-Mover Momentum + Beta/Volatility,NOW,"ServiceNow, Inc. Common Stock",141.04,DISCOVER,Cloud Computing,68.0,74,50,19.0,61.0,5.18,4.15,150.18,RESISTANCE_BREAKOUT,141.17,162.2,1.33,,NOT CHECKED,0,10.04,1,True,134.69,125.13,124.96,118.51,149.6,89.39,149.6,81.24,149.6,157.69,162.2,165.2,,,"20/50 uptrend, rising EMA50, tight range, volume contraction",76.7,STRONG,"Fast-mover discovery: strong relative strength/RVOL plus high ATR/ADR; reported beta is rewarded when available, with R/R and runway used for ranking",MOMENTUM SWEET SPOT,WEAK SETUP,,,,,,,,,,,,,,,,,,,,,
Top-500 Swing Agent,2–7 Day Liquid Swing Ideas,TEAM,Atlassian Corporation  - Class A Common Stock,189.42,DISCOVER,UNCLASSIFIED,61.4,74,50,17.17,63.2,5.16,4.8,199.38,RESISTANCE_BREAKOUT,187.42,215.33,1.33,,NOT CHECKED,0,35.31,2,True,177.25,150.45,123.23,160.96,198.6,74.41,198.6,56.01,197.3,209.35,215.33,219.32,,,"20/50 uptrend, rising EMA50, tight range, volume contraction",76.2,STRONG,"Top-500 liquid swing candidate ranked on trend/structure, relative strength, volatility, R/R, resistance runway, catalyst and risk",MOMENTUM SWEET SPOT,,,,,,,,,,,,,,,,,,,,,,
Top-500 Swing Agent,2–7 Day Liquid Swing Ideas,NOW,"ServiceNow, Inc. Common Stock",141.04,DISCOVER,Cloud Computing,68.0,74,50,19.0,61.0,5.18,4.15,150.18,RESISTANCE_BREAKOUT,141.17,162.2,1.33,,NOT CHECKED,0,10.04,1,True,134.69,125.13,124.96,118.51,149.6,89.39,149.6,81.24,149.6,157.69,162.2,165.2,,,"20/50 uptrend, rising EMA50, tight range, volume contraction",76.1,STRONG,"Top-500 liquid swing candidate ranked on trend/structure, relative strength, volatility, R/R, resistance runway, catalyst and risk",MOMENTUM SWEET SPOT,,,,,,,,,,,,,,,,,,,,,,
High Momentum / High Beta Agent,Fast-Mover Momentum + Beta/Volatility,TEAM,Atlassian Corporation  - Class A Common Stock,189.42,DISCOVER,UNCLASSIFIED,61.4,74,50,17.17,63.2,5.16,4.8,199.38,RESISTANCE_BREAKOUT,187.42,215.33,1.33,,NOT CHECKED,0,35.31,2,True,177.25,150.45,123.23,160.96,198.6,74.41,198.6,56.01,197.3,209.35,215.33,219.32,,,"20/50 uptrend, rising EMA50, tight range, volume contraction",76.1,STRONG,"Fast-mover discovery: strong relative strength/RVOL plus high ATR/ADR; reported beta is rewarded when available, with R/R and runway used for ranking",MOMENTUM SWEET SPOT,WEAK SETUP,,,,,,,,,,,,,,,,,,,,,
Top-500 Swing Agent,2–7 Day Liquid Swing Ideas,RIOT,"Riot Platforms, Inc. - Common Stock",20.61,REJECT,UNCLASSIFIED,42.0,58,38,9.98,50.0,6.81,6.96,22.98,RESISTANCE_BREAKOUT,21.6,24.82,1.33,31.93,NOT CHECKED,0,13.44,1,True,20.59,20.99,19.98,17.39,22.87,17.39,30.32,11.5,30.32,24.13,24.82,25.28,30.32,,"near EMA50 support, bull flag/pullback, volume contraction, low-volume pullback",76.1,STRONG,"Top-500 liquid swing candidate ranked on trend/structure, relative strength, volatility, R/R, resistance runway, catalyst and risk",NEUTRAL / RESET,,,,,,,,,,,,,,,,,,,,,,
Superstock Agent,Explosive Leader / Early Supertrend Candidate,FSM,Fortuna Mining Corp. Common Shares,11.64,DISCOVER,UNCLASSIFIED,48.3,60,42,12.31,39.7,4.32,3.76,12.98,RESISTANCE_BREAKOUT,12.2,13.85,1.12,6.7,NOT CHECKED,0,11.29,1,True,11.73,10.87,9.93,11.11,12.94,7.92,12.94,7.92,13.85,13.63,14.02,14.28,13.85,,"above EMA50, rising EMA50, bull flag/pullback, volume contraction, low-volume pullback",75.8,STRONG,Explosive 30-day behavior + liquid leadership + high relative strength + constructive structure + catalyst/theme support + asymmetric runway,WEAK MOMENTUM,,B WATCH,MONITOR ONLY,,,,,,,,,,,,,,,,,,,
High Momentum / High Beta Agent,Fast-Mover Momentum + Beta/Volatility,CRWD,"CrowdStrike Holdings, Inc. - Class A Common Stock",242.13,DISCOVER,UNCLASSIFIED,53.4,66,42,14.68,68.1,6.25,5.72,245.19,RESISTANCE_BREAKOUT,230.48,264.81,1.33,,NOT CHECKED,0,20.5,2,True,216.62,203.88,160.89,181.24,243.98,165.5,233.88,90.45,233.88,257.45,264.81,269.71,,,"20/50 uptrend, rising EMA50, compressed below 20d resistance",75.6,STRONG,"Fast-mover discovery: strong relative strength/RVOL plus high ATR/ADR; reported beta is rewarded when available, with R/R and runway used for ranking",MOMENTUM SWEET SPOT,WEAK SETUP,,,,,,,,,,,,,,,,,,,,,
Superstock Agent,Explosive Leader / Early Supertrend Candidate,FIVN,"Five9, Inc. - Common Stock",34.01,DISCOVER,UNCLASSIFIED,46.3,62,42,5.78,57.9,4.81,4.51,35.31,RESISTANCE_BREAKOUT,33.19,38.14,1.33,,NOT CHECKED,0,19.81,1,True,32.18,29.9,24.33,30.1,35.18,18.15,35.18,13.29,35.17,37.08,38.14,38.84,,,"20/50 uptrend, rising EMA50, compressed below 20d resistance",75.1,STRONG,Explosive 30-day behavior + liquid leadership + high relative strength + constructive structure + catalyst/theme support + asymmetric runway,MOMENTUM SWEET SPOT,,B WATCH,MONITOR ONLY,,,,,,,,,,,,,,,,,,,
High Momentum / High Beta Agent,Fast-Mover Momentum + Beta/Volatility,TWLO,Twilio Inc. Class A Common Stock,238.79,FORMING,Infrastructure,64.0,74,58,3.85,56.2,4.22,4.0,245.7,RESISTANCE_BREAKOUT,230.95,258.35,0.86,5.15,ACTIVE,38,24.89,1,True,230.81,220.68,177.75,215.79,244.89,179.2,258.35,112.99,258.35,257.98,265.35,270.26,258.35,,"20/50 uptrend, rising EMA50, compressed below 20d resistance, tight range, volume contraction",75.0,STRONG,"Fast-mover discovery: strong relative strength/RVOL plus high ATR/ADR; reported beta is rewarded when available, with R/R and runway used for ranking",MOMENTUM SWEET SPOT,WEAK SETUP,,,,,,,,,,,,,,,,,,,,,
Top-500 Swing Agent,2–7 Day Liquid Swing Ideas,RBLX,Roblox Corporation Class A Common Stock,48.37,REJECT,UNCLASSIFIED,40.6,50,32,29.37,79.2,4.53,4.76,51.48,RESISTANCE_BREAKOUT,48.39,55.59,1.33,13.51,NOT CHECKED,0,12.73,1,True,43.96,44.12,61.71,37.2,51.3,33.88,58.43,33.88,69.91,54.05,55.59,56.62,58.43,,"above EMA50, rising EMA50, volume contraction",74.8,WATCH,"Top-500 liquid swing candidate ranked on trend/structure, relative strength, volatility, R/R, resistance runway, catalyst and risk",STRONG / EXTENDED WATCH,,,,,,,,,,,,,,,,,,,,,,
Superstock Agent,Explosive Leader / Early Supertrend Candidate,ZS,"Zscaler, Inc. - Common Stock",195.01,DISCOVER,UNCLASSIFIED,46.4,62,42,5.97,62.5,5.47,5.1,197.43,RESISTANCE_BREAKOUT,185.58,213.22,1.33,,NOT CHECKED,0,16.52,1,True,177.13,168.05,179.26,159.2,196.57,121.72,190.97,114.62,191.25,207.3,213.22,217.17,,,"20/50 uptrend, rising EMA50, compressed below 20d resistance",74.7,WATCH,Explosive 30-day behavior + liquid leadership + high relative strength + constructive structure + catalyst/theme support + asymmetric runway,MOMENTUM SWEET SPOT,,B WATCH,MONITOR ONLY,,,,,,,,,,,,,,,,,,,
Top-500 Swing Agent,2–7 Day Liquid Swing Ideas,CRM,"Salesforce, Inc. Common Stock",250.15,DISCOVER,UNCLASSIFIED,52.2,60,42,28.49,70.6,4.98,3.73,269.27,RESISTANCE_BREAKOUT,253.11,290.81,1.33,,NOT CHECKED,0,22.58,1,True,239.09,214.94,203.26,194.21,268.27,146.32,268.27,146.32,263.53,282.73,290.81,296.19,,,"20/50 uptrend, rising EMA50, tight range, volume contraction",74.0,WATCH,"Top-500 liquid swing candidate ranked on trend/structure, relative strength, volatility, R/R, resistance runway, catalyst and risk",MOMENTUM SWEET SPOT,,,,,,,,,,,,,,,,,,,,,,
Venu Agent,Position Leader + Rotation Swing,PSNL,"Personalis, Inc. - Common Stock",16.25,FORMING,UNCLASSIFIED,70.3,78,60,17.78,37.5,3.55,4.43,18.94,RESISTANCE_BREAKOUT,17.97,20.45,1.56,,HISTORICAL / CONTEXT,20,13.66,1,True,16.18,14.84,10.98,14.42,18.89,9.65,18.89,4.95,18.89,19.88,20.45,20.83,,,"20/50 uptrend, rising EMA50, tight range, bull flag/pullback, volume contraction, low-volume pullback",73.6,WATCH,"Research-driven leader framework: theme leadership, catalyst/fundamental proxy, relative strength, trend alignment and constructive pullback/breakout timing",WEAK MOMENTUM,,,,,,,,,,,,,,,,,,ROTATION SWING,EMA20>EMA50>EMA200,MIXED,20.0,B WATCH
Superstock Agent,Explosive Leader / Early Supertrend Candidate,NET,"Cloudflare, Inc. Class A Common Stock",327.86,DISCOVER,UNCLASSIFIED,48.3,62,42,9.75,63.7,5.14,5.17,335.95,RESISTANCE_BREAKOUT,315.79,362.82,1.33,,NOT CHECKED,0,10.51,1,True,303.14,287.15,244.3,269.3,334.6,212.32,332.22,164.05,332.22,352.75,362.82,369.54,,,"20/50 uptrend, rising EMA50, compressed below 20d resistance",73.6,WATCH,Explosive 30-day behavior + liquid leadership + high relative strength + constructive structure + catalyst/theme support + asymmetric runway,MOMENTUM SWEET SPOT,,B WATCH,MONITOR ONLY,,,,,,,,,,,,,,,,,,,
Venu Agent,Position Leader + Rotation Swing,HALO,"Halozyme Therapeutics, Inc. - Common Stock",108.12,FORMING,Biotechnology,68.4,78,62,4.04,53.4,2.27,2.22,111.35,RESISTANCE_BREAKOUT,105.7,120.25,1.58,,ACTIVE,38,20.24,1,True,105.75,97.0,80.55,103.47,111.15,68.27,111.15,61.33,109.66,116.91,120.25,122.48,,,"20/50 uptrend, rising EMA50, compressed below 20d resistance, tight range, volume contraction, low-volume pullback",73.3,WATCH,"Research-driven leader framework: theme leadership, catalyst/fundamental proxy, relative strength, trend alignment and constructive pullback/breakout timing",NEUTRAL / RESET,,,,,,,,,,,,,,,,,,ROTATION SWING,EMA20>EMA50>EMA200,MIXED,38.0,B WATCH
Top-500 Swing Agent,2–7 Day Liquid Swing Ideas,ZETA,Zeta Global Holdings Corp. Class A Common Stock,31.11,DISCOVER,UNCLASSIFIED,58.4,74,50,11.16,63.8,4.72,4.45,32.93,RESISTANCE_BREAKOUT,30.95,35.56,1.33,,NOT CHECKED,0,11.58,1,True,29.94,27.1,22.07,27.11,32.81,17.77,32.81,14.36,31.05,34.57,35.56,36.22,,,"20/50 uptrend, rising EMA50, tight range, volume contraction",72.3,WATCH,"Top-500 liquid swing candidate ranked on trend/structure, relative strength, volatility, R/R, resistance runway, catalyst and risk",MOMENTUM SWEET SPOT,,,,,,,,,,,,,,,,,,,,,,
Brownmoose Agent,B1/B2 Confluence + Retest + Multi-Target Plan,WTTR,"Select Water Solutions, Inc. Class A common stock",20.39,DISCOVER,UNCLASSIFIED,45.6,64,52,-2.36,61.3,3.64,3.74,21.32,RESISTANCE_BREAKOUT,20.04,22.47,0.9,5.41,NOT CHECKED,0,20.32,1,True,20.17,19.77,16.62,18.39,21.26,17.59,22.47,12.81,22.47,22.39,23.02,23.45,22.47,,"20/50 uptrend, rising EMA50, tight range",72.1,WATCH,"Staged B1/B2 plan from clustered EMA/support references, breakout/retest structure and mapped T1/T2/T3 resistance targets",MOMENTUM SWEET SPOT,,,,33.0,20.17,EMA20,19.77,EMA50,19.47,21.26,22.39,22.47,1.56,1.09,3.14,B1 READY,B WATCH,,,,,
High Momentum / High Beta Agent,Fast-Mover Momentum + Beta/Volatility,SEI,"Solaris Energy Infrastructure, Inc. Class A Common Stock",66.05,REJECT,UNCLASSIFIED,25.3,36,16,7.81,67.0,6.56,6.2,70.54,RESISTANCE_BREAKOUT,66.31,76.18,1.33,18.79,NOT CHECKED,0,16.29,1,True,59.53,60.22,58.56,47.72,70.19,42.59,83.8,42.59,86.02,74.07,76.18,77.59,83.8,,rising EMA50,71.7,WATCH,"Fast-mover discovery: strong relative strength/RVOL plus high ATR/ADR; reported beta is rewarded when available, with R/R and runway used for ranking",MOMENTUM SWEET SPOT,GOOD SETUP,,,,,,,,,,,,,,,,,,,,,
Superstock Agent,Explosive Leader / Early Supertrend Candidate,VRNS,"Varonis Systems, Inc. - Common Stock",47.68,DISCOVER,UNCLASSIFIED,51.1,66,42,10.02,70.0,4.41,4.16,48.38,RESISTANCE_BREAKOUT,45.48,49.54,0.4,2.4,NOT CHECKED,0,10.41,1,True,45.16,43.05,38.77,39.88,48.21,32.04,49.54,19.7,49.54,50.8,52.25,53.22,49.54,,"20/50 uptrend, rising EMA50, compressed below 20d resistance",71.4,WATCH,Explosive 30-day behavior + liquid leadership + high relative strength + constructive structure + catalyst/theme support + asymmetric runway,MOMENTUM SWEET SPOT,,B WATCH,MONITOR ONLY,,,,,,,,,,,,,,,,,,,
Superstock Agent,Explosive Leader / Early Supertrend Candidate,AEM,Agnico Eagle Mines Limited Common Stock,198.36,DISCOVER,UNCLASSIFIED,46.6,60,46,7.31,36.7,3.63,3.38,224.51,RESISTANCE_BREAKOUT,212.4,242.47,1.48,13.16,NOT CHECKED,0,11.12,1,True,197.76,186.37,179.82,192.93,223.93,134.08,223.93,134.08,254.05,235.74,242.47,246.96,254.05,,"20/50 uptrend, rising EMA50, tight range, volume contraction, low-volume pullback",71.0,WATCH,Explosive 30-day behavior + liquid leadership + high relative strength + constructive structure + catalyst/theme support + asymmetric runway,WEAK MOMENTUM,,B WATCH,MONITOR ONLY,,,,,,,,,,,,,,,,,,,
High Momentum / High Beta Agent,Fast-Mover Momentum + Beta/Volatility,AUGO,Aura Minerals Inc. - Common Shares,87.13,DISCOVER,UNCLASSIFIED,51.5,62,44,15.24,46.0,5.2,4.62,91.0,RESISTANCE_BREAKOUT,85.54,98.28,1.33,18.88,NOT CHECKED,0,13.79,3,True,83.56,76.75,66.43,78.59,90.64,47.61,90.64,47.61,108.18,95.55,98.28,100.1,108.18,,"20/50 uptrend, rising EMA50, tight range",70.9,WATCH,"Fast-mover discovery: strong relative strength/RVOL plus high ATR/ADR; reported beta is rewarded when available, with R/R and runway used for ranking",NEUTRAL / RESET,GOOD SETUP,,,,,,,,,,,,,,,,,,,,,
Superstock Agent,Explosive Leader / Early Supertrend Candidate,SSRM,SSR Mining Inc. - Common Stock,35.68,DISCOVER,UNCLASSIFIED,48.9,60,42,13.55,41.5,4.38,3.68,39.56,RESISTANCE_BREAKOUT,37.19,42.73,1.33,,NOT CHECKED,0,11.64,2,True,35.77,33.43,29.18,33.62,39.44,24.15,39.44,22.54,39.43,41.54,42.73,43.52,,,"above EMA50, rising EMA50, bull flag/pullback, volume contraction, low-volume pullback",70.6,WATCH,Explosive 30-day behavior + liquid leadership + high relative strength + constructive structure + catalyst/theme support + asymmetric runway,WEAK MOMENTUM,,B WATCH,MONITOR ONLY,,,,,,,,,,,,,,,,,,,
Top-500 Swing Agent,2–7 Day Liquid Swing Ideas,DELL,Dell Technologies Inc. Class C Common Stock ,568.29,DISCOVER,UNCLASSIFIED,56.0,66,42,22.22,66.2,6.26,5.87,571.51,RESISTANCE_BREAKOUT,537.22,617.24,1.33,,NOT CHECKED,0,15.81,2,True,504.71,460.43,315.7,421.89,568.67,358.88,567.75,136.85,514.0,600.09,617.24,628.67,,,"20/50 uptrend, rising EMA50, compressed below 20d resistance",70.5,WATCH,"Top-500 liquid swing candidate ranked on trend/structure, relative strength, volatility, R/R, resistance runway, catalyst and risk",MOMENTUM SWEET SPOT,,,,,,,,,,,,,,,,,,,,,,
High Momentum / High Beta Agent,Fast-Mover Momentum + Beta/Volatility,DOCU,"DocuSign, Inc. - Common Stock",70.93,DISCOVER,UNCLASSIFIED,50.0,58,40,19.16,73.3,4.32,3.87,74.31,RESISTANCE_BREAKOUT,69.85,80.25,1.33,,NOT CHECKED,0,10.31,1,True,65.32,60.06,57.27,58.73,74.07,42.25,70.4,41.37,66.33,78.03,80.25,81.74,,,"20/50 uptrend, rising EMA50, volume contraction",70.5,WATCH,"Fast-mover discovery: strong relative strength/RVOL plus high ATR/ADR; reported beta is rewarded when available, with R/R and runway used for ranking",STRONG / EXTENDED WATCH,WEAK SETUP,,,,,,,,,,,,,,,,,,,,,
High Momentum / High Beta Agent,Fast-Mover Momentum + Beta/Volatility,ASO,"Academy Sports and Outdoors, Inc. - Common Stock",51.65,DISCOVER,UNCLASSIFIED,49.9,64,40,11.15,68.7,4.49,3.88,57.07,RESISTANCE_BREAKOUT,53.64,61.45,1.28,7.69,NOT CHECKED,0,14.4,1,True,48.56,48.17,50.18,42.02,56.88,42.02,56.88,42.02,61.45,59.92,61.63,62.77,61.45,,"20/50 uptrend, rising EMA50, bull flag/pullback",70.2,WATCH,"Fast-mover discovery: strong relative strength/RVOL plus high ATR/ADR; reported beta is rewarded when available, with R/R and runway used for ranking",MOMENTUM SWEET SPOT,GOOD SETUP,,,,,,,,,,,,,,,,,,,,,
Top-500 Swing Agent,2–7 Day Liquid Swing Ideas,DT,"Dynatrace, Inc. Common Stock",55.22,DISCOVER,UNCLASSIFIED,57.7,72,48,13.06,60.8,3.3,2.97,55.6,RESISTANCE_BREAKOUT,52.54,60.04,1.45,,NOT CHECKED,0,11.27,1,True,51.73,48.83,44.3,48.08,55.45,39.65,54.83,31.64,54.83,58.38,60.04,61.16,,,"20/50 uptrend, rising EMA50, compressed below 20d resistance, volume contraction",69.6,WATCH,"Top-500 liquid swing candidate ranked on trend/structure, relative strength, volatility, R/R, resistance runway, catalyst and risk",MOMENTUM SWEET SPOT,,,,,,,,,,,,,,,,,,,,,,
High Momentum / High Beta Agent,Fast-Mover Momentum + Beta/Volatility,HNGE,"Hinge Health, Inc. Class A Common Stock",93.22,FORMING,UNCLASSIFIED,64.8,78,58,6.6,53.9,4.83,4.95,95.93,RESISTANCE_BREAKOUT,90.17,103.6,1.33,,WEAK,22,11.55,1,True,90.29,85.04,66.46,84.23,95.57,67.86,95.57,34.64,95.57,100.73,103.6,105.52,,,"20/50 uptrend, rising EMA50, compressed below 20d resistance, tight range, volume contraction",69.3,WATCH,"Fast-mover discovery: strong relative strength/RVOL plus high ATR/ADR; reported beta is rewarded when available, with R/R and runway used for ranking",NEUTRAL / RESET,WEAK SETUP,,,,,,,,,,,,,,,,,,,,,
High Momentum / High Beta Agent,Fast-Mover Momentum + Beta/Volatility,AVAH,Aveanna Healthcare Holdings Inc. - Common Stock,14.61,DISCOVER,UNCLASSIFIED,59.3,72,48,16.31,66.1,3.55,3.98,14.74,RESISTANCE_BREAKOUT,13.86,15.92,1.35,,NOT CHECKED,0,24.75,1,True,13.4,11.78,9.29,12.39,14.69,7.76,14.54,5.93,14.0,15.47,15.92,16.21,,,"20/50 uptrend, rising EMA50, compressed below 20d resistance, volume contraction",69.3,WATCH,"Fast-mover discovery: strong relative strength/RVOL plus high ATR/ADR; reported beta is rewarded when available, with R/R and runway used for ranking",MOMENTUM SWEET SPOT,WEAK SETUP,,,,,,,,,,,,,,,,,,,,,
Top-500 Swing Agent,2–7 Day Liquid Swing Ideas,IOVA,"Iovance Biotherapeutics, Inc. - Common Stock",9.68,REJECT,UNCLASSIFIED,43.6,50,32,38.66,73.5,4.54,6.45,9.68,RESISTANCE_BREAKOUT,9.1,10.45,1.33,,NOT CHECKED,0,43.09,3,True,8.34,7.01,4.68,7.19,9.41,3.76,9.36,3.18,9.36,10.16,10.45,10.65,,,"20/50 uptrend, rising EMA50, volume contraction",69.2,WATCH,"Top-500 liquid swing candidate ranked on trend/structure, relative strength, volatility, R/R, resistance runway, catalyst and risk",STRONG / EXTENDED WATCH,,,,,,,,,,,,,,,,,,,,,,
Top-500 Swing Agent,2–7 Day Liquid Swing Ideas,MRNA,"Moderna, Inc. - Common Stock",146.31,REJECT,UNCLASSIFIED,43.6,50,32,133.35,47.3,6.69,9.81,177.44,RESISTANCE_BREAKOUT,166.8,191.64,1.33,,NOT CHECKED,0,176.97,2,True,133.23,106.69,66.49,114.46,176.66,52.66,176.66,43.68,176.66,186.31,191.64,195.19,,,"20/50 uptrend, rising EMA50, volume contraction",68.9,WATCH,"Top-500 liquid swing candidate ranked on trend/structure, relative strength, volatility, R/R, resistance runway, catalyst and risk",NEUTRAL / RESET,,,,,,,,,,,,,,,,,,,,,,
High Momentum / High Beta Agent,Fast-Mover Momentum + Beta/Volatility,FMC,FMC Corporation Common Stock,11.07,REJECT,UNCLASSIFIED,30.7,44,26,10.35,49.9,6.12,5.23,13.51,RESISTANCE_BREAKOUT,12.7,14.6,1.33,34.4,NOT CHECKED,0,12.21,1,True,11.56,11.5,15.03,10.29,13.46,9.95,13.46,9.95,18.16,14.19,14.6,14.87,18.16,,"rising EMA50, volume contraction, low-volume pullback",68.9,WATCH,"Fast-mover discovery: strong relative strength/RVOL plus high ATR/ADR; reported beta is rewarded when available, with R/R and runway used for ranking",NEUTRAL / RESET,GOOD SETUP,,,,,,,,,,,,,,,,,,,,,
Top-500 Swing Agent,2–7 Day Liquid Swing Ideas,CLS,"Celestica, Inc. Common Stock",326.58,REJECT,UNCLASSIFIED,39.7,54,34,6.11,55.4,5.66,4.71,354.48,RESISTANCE_BREAKOUT,333.21,378.99,1.15,6.91,NOT CHECKED,0,11.55,1,True,318.63,326.34,325.28,273.8,353.0,273.8,378.99,244.51,474.03,372.2,382.84,389.93,378.99,,"near EMA50 support, near EMA200 pivot, volume contraction, low-volume pullback",68.7,WATCH,"Top-500 liquid swing candidate ranked on trend/structure, relative strength, volatility, R/R, resistance runway, catalyst and risk",MOMENTUM SWEET SPOT,,,,,,,,,,,,,,,,,,,,,,
Top-500 Swing Agent,2–7 Day Liquid Swing Ideas,RBRK,"Rubrik, Inc. Class A Common Stock",104.39,DISCOVER,UNCLASSIFIED,48.3,64,48,4.77,56.6,6.33,6.07,108.44,RESISTANCE_BREAKOUT,101.93,117.11,1.33,,NOT CHECKED,0,15.64,2,True,94.51,88.94,75.56,85.78,107.91,67.31,107.91,42.25,107.91,113.86,117.11,119.28,,,"20/50 uptrend, rising EMA50, compressed below 20d resistance, volume contraction",67.9,WATCH,"Top-500 liquid swing candidate ranked on trend/structure, relative strength, volatility, R/R, resistance runway, catalyst and risk",MOMENTUM SWEET SPOT,,,,,,,,,,,,,,,,,,,,,,
High Momentum / High Beta Agent,Fast-Mover Momentum + Beta/Volatility,COIN,"Coinbase Global, Inc. - Class A Common Stock",165.99,REJECT,UNCLASSIFIED,41.3,54,36,14.48,43.8,7.47,6.02,196.84,RESISTANCE_BREAKOUT,185.03,212.59,1.33,12.96,NOT CHECKED,0,10.14,1,True,174.88,170.46,198.13,147.5,195.85,139.11,195.85,139.11,222.35,206.68,212.59,216.53,222.35,,"rising EMA50, near EMA50 support, bull flag/pullback",67.9,WATCH,"Fast-mover discovery: strong relative strength/RVOL plus high ATR/ADR; reported beta is rewarded when available, with R/R and runway used for ranking",WEAK MOMENTUM,GOOD SETUP,,,,,,,,,,,,,,,,,,,,,
High Momentum / High Beta Agent,Fast-Mover Momentum + Beta/Volatility,ZETA,Zeta Global Holdings Corp. Class A Common Stock,31.11,DISCOVER,UNCLASSIFIED,58.4,74,50,11.16,63.8,4.72,4.45,32.93,RESISTANCE_BREAKOUT,30.95,35.56,1.33,,NOT CHECKED,0,11.58,1,True,29.94,27.1,22.07,27.11,32.81,17.77,32.81,14.36,31.05,34.57,35.56,36.22,,,"20/50 uptrend, rising EMA50, tight range, volume contraction",67.8,WATCH,"Fast-mover discovery: strong relative strength/RVOL plus high ATR/ADR; reported beta is rewarded when available, with R/R and runway used for ranking",MOMENTUM SWEET SPOT,WEAK SETUP,,,,,,,,,,,,,,,,,,,,,
High Momentum / High Beta Agent,Fast-Mover Momentum + Beta/Volatility,PSNL,"Personalis, Inc. - Common Stock",16.25,FORMING,UNCLASSIFIED,70.3,78,60,17.78,37.5,3.55,4.43,18.94,RESISTANCE_BREAKOUT,17.97,20.45,1.56,,HISTORICAL / CONTEXT,20,13.66,1,True,16.18,14.84,10.98,14.42,18.89,9.65,18.89,4.95,18.89,19.88,20.45,20.83,,,"20/50 uptrend, rising EMA50, tight range, bull flag/pullback, volume contraction, low-volume pullback",67.6,WATCH,"Fast-mover discovery: strong relative strength/RVOL plus high ATR/ADR; reported beta is rewarded when available, with R/R and runway used for ranking",WEAK MOMENTUM,WEAK SETUP,,,,,,,,,,,,,,,,,,,,,
Top-500 Swing Agent,2–7 Day Liquid Swing Ideas,ANF,Abercrombie & Fitch Company Common Stock,141.42,DISCOVER,UNCLASSIFIED,59.0,68,50,37.76,44.7,4.54,4.83,155.73,RESISTANCE_BREAKOUT,146.39,168.19,1.33,,NOT CHECKED,0,35.67,1,True,135.35,119.95,99.96,102.3,155.22,83.98,155.22,69.68,154.58,163.52,168.19,171.31,,,"20/50 uptrend, rising EMA50, bull flag/pullback, volume contraction, low-volume pullback",67.3,WATCH,"Top-500 liquid swing candidate ranked on trend/structure, relative strength, volatility, R/R, resistance runway, catalyst and risk",WEAK MOMENTUM,,,,,,,,,,,,,,,,,,,,,,
Top-500 Swing Agent,2–7 Day Liquid Swing Ideas,SWKS,"Skyworks Solutions, Inc. - Common Stock",86.33,REJECT,UNCLASSIFIED,45.4,52,34,28.99,70.2,6.06,5.65,92.72,RESISTANCE_BREAKOUT,87.16,100.14,1.33,,NOT CHECKED,0,13.55,1,True,75.98,70.93,66.99,63.06,92.3,55.43,92.3,51.48,85.18,97.35,100.14,101.99,,,"20/50 uptrend, rising EMA50",67.3,WATCH,"Top-500 liquid swing candidate ranked on trend/structure, relative strength, volatility, R/R, resistance runway, catalyst and risk",MOMENTUM SWEET SPOT,,,,,,,,,,,,,,,,,,,,,,
High Momentum / High Beta Agent,Fast-Mover Momentum + Beta/Volatility,HOOD,"Robinhood Markets, Inc. - Class A Common Stock",105.71,DISCOVER,UNCLASSIFIED,50.4,60,42,16.46,47.3,6.23,5.94,125.78,RESISTANCE_BREAKOUT,118.23,135.84,1.33,,NOT CHECKED,0,16.57,2,True,109.04,103.68,99.53,92.19,125.25,83.68,125.25,63.51,120.05,132.07,135.84,138.35,,,"above EMA50, rising EMA50, near EMA50 support, volume contraction, low-volume pullback",66.9,WATCH,"Fast-mover discovery: strong relative strength/RVOL plus high ATR/ADR; reported beta is rewarded when available, with R/R and runway used for ranking",NEUTRAL / RESET,WEAK SETUP,,,,,,,,,,,,,,,,,,,,,
High Momentum / High Beta Agent,Fast-Mover Momentum + Beta/Volatility,TWST,Twist Bioscience Corporation - Common Stock,143.8,REJECT,UNCLASSIFIED,43.6,50,32,24.82,44.4,6.19,6.68,156.15,RESISTANCE_BREAKOUT,146.78,168.64,1.33,,NOT CHECKED,0,22.64,2,True,131.6,118.19,78.35,120.19,155.44,80.59,155.44,41.52,155.44,163.96,168.64,171.77,,,"20/50 uptrend, rising EMA50, volume contraction",66.8,WATCH,"Fast-mover discovery: strong relative strength/RVOL plus high ATR/ADR; reported beta is rewarded when available, with R/R and runway used for ranking",WEAK MOMENTUM,WEAK SETUP,,,,,,,,,,,,,,,,,,,,,
High Momentum / High Beta Agent,Fast-Mover Momentum + Beta/Volatility,CLS,"Celestica, Inc. Common Stock",326.58,REJECT,UNCLASSIFIED,39.7,54,34,6.11,55.4,5.66,4.71,354.48,RESISTANCE_BREAKOUT,333.21,378.99,1.15,6.91,NOT CHECKED,0,11.55,1,True,318.63,326.34,325.28,273.8,353.0,273.8,378.99,244.51,474.03,372.2,382.84,389.93,378.99,,"near EMA50 support, near EMA200 pivot, volume contraction, low-volume pullback",66.7,WATCH,"Fast-mover discovery: strong relative strength/RVOL plus high ATR/ADR; reported beta is rewarded when available, with R/R and runway used for ranking",MOMENTUM SWEET SPOT,WEAK SETUP,,,,,,,,,,,,,,,,,,,,,
Top-500 Swing Agent,2–7 Day Liquid Swing Ideas,OKTA,"Okta, Inc. - Class A Common Stock",188.04,DISCOVER,UNCLASSIFIED,52.2,60,42,31.62,74.4,6.07,5.28,192.9,RESISTANCE_BREAKOUT,181.33,208.34,1.33,,NOT CHECKED,0,28.63,2,True,166.92,151.58,116.72,127.6,191.99,113.87,179.44,62.66,174.85,202.55,208.34,212.19,,,"20/50 uptrend, rising EMA50, compressed below 20d resistance",66.6,WATCH,"Top-500 liquid swing candidate ranked on trend/structure, relative strength, volatility, R/R, resistance runway, catalyst and risk",STRONG / EXTENDED WATCH,,,,,,,,,,,,,,,,,,,,,,
Top-500 Swing Agent,2–7 Day Liquid Swing Ideas,HUBS,"HubSpot, Inc. Common Stock",238.18,REJECT,UNCLASSIFIED,38.1,52,32,6.24,50.5,5.44,4.57,266.04,RESISTANCE_BREAKOUT,250.08,287.32,1.33,11.64,NOT CHECKED,0,14.46,2,True,239.05,231.23,268.86,222.0,265.0,169.63,265.0,169.63,297.0,279.34,287.32,292.64,297.0,,"above EMA50, rising EMA50, volume contraction",66.4,WATCH,"Top-500 liquid swing candidate ranked on trend/structure, relative strength, volatility, R/R, resistance runway, catalyst and risk",NEUTRAL / RESET,,,,,,,,,,,,,,,,,,,,,,
Top-500 Swing Agent,2–7 Day Liquid Swing Ideas,CRWD,"CrowdStrike Holdings, Inc. - Class A Common Stock",242.13,DISCOVER,UNCLASSIFIED,53.4,66,42,14.68,68.1,6.25,5.72,245.19,RESISTANCE_BREAKOUT,230.48,264.81,1.33,,NOT CHECKED,0,20.5,2,True,216.62,203.88,160.89,181.24,243.98,165.5,233.88,90.45,233.88,257.45,264.81,269.71,,,"20/50 uptrend, rising EMA50, compressed below 20d resistance",66.0,WATCH,"Top-500 liquid swing candidate ranked on trend/structure, relative strength, volatility, R/R, resistance runway, catalyst and risk",MOMENTUM SWEET SPOT,,,,,,,,,,,,,,,,,,,,,,
High Momentum / High Beta Agent,Fast-Mover Momentum + Beta/Volatility,NET,"Cloudflare, Inc. Class A Common Stock",327.86,DISCOVER,UNCLASSIFIED,48.3,62,42,9.75,63.7,5.14,5.17,335.95,RESISTANCE_BREAKOUT,315.79,362.82,1.33,,NOT CHECKED,0,10.51,1,True,303.14,287.15,244.3,269.3,334.6,212.32,332.22,164.05,332.22,352.75,362.82,369.54,,,"20/50 uptrend, rising EMA50, compressed below 20d resistance",65.8,WATCH,"Fast-mover discovery: strong relative strength/RVOL plus high ATR/ADR; reported beta is rewarded when available, with R/R and runway used for ranking",MOMENTUM SWEET SPOT,WEAK SETUP,,,,,,,,,,,,,,,,,,,,,
High Momentum / High Beta Agent,Fast-Mover Momentum + Beta/Volatility,RBRK,"Rubrik, Inc. Class A Common Stock",104.39,DISCOVER,UNCLASSIFIED,48.3,64,48,4.77,56.6,6.33,6.07,108.44,RESISTANCE_BREAKOUT,101.93,117.11,1.33,,NOT CHECKED,0,15.64,2,True,94.51,88.94,75.56,85.78,107.91,67.31,107.91,42.25,107.91,113.86,117.11,119.28,,,"20/50 uptrend, rising EMA50, compressed below 20d resistance, volume contraction",65.8,WATCH,"Fast-mover discovery: strong relative strength/RVOL plus high ATR/ADR; reported beta is rewarded when available, with R/R and runway used for ranking",MOMENTUM SWEET SPOT,WEAK SETUP,,,,,,,,,,,,,,,,,,,,,
High Momentum / High Beta Agent,Fast-Mover Momentum + Beta/Volatility,SAIL,"SailPoint, Inc. - Common Stock",20.04,REJECT,UNCLASSIFIED,39.3,54,34,5.34,57.6,7.28,6.02,21.48,RESISTANCE_BREAKOUT,20.19,23.2,1.33,,NOT CHECKED,0,15.31,2,True,18.76,17.74,16.86,16.62,21.36,12.4,21.36,10.3,21.36,22.56,23.2,23.63,,,"20/50 uptrend, rising EMA50",65.3,WATCH,"Fast-mover discovery: strong relative strength/RVOL plus high ATR/ADR; reported beta is rewarded when available, with R/R and runway used for ranking",MOMENTUM SWEET SPOT,WEAK SETUP,,,,,,,,,,,,,,,,,,,,,
Top-500 Swing Agent,2–7 Day Liquid Swing Ideas,COIN,"Coinbase Global, Inc. - Class A Common Stock",165.99,REJECT,UNCLASSIFIED,41.3,54,36,14.48,43.8,7.47,6.02,196.84,RESISTANCE_BREAKOUT,185.03,212.59,1.33,12.96,NOT CHECKED,0,10.14,1,True,174.88,170.46,198.13,147.5,195.85,139.11,195.85,139.11,222.35,206.68,212.59,216.53,222.35,,"rising EMA50, near EMA50 support, bull flag/pullback",65.1,WATCH,"Top-500 liquid swing candidate ranked on trend/structure, relative strength, volatility, R/R, resistance runway, catalyst and risk",WEAK MOMENTUM,,,,,,,,,,,,,,,,,,,,,,
Top-500 Swing Agent,2–7 Day Liquid Swing Ideas,NTRA,"Natera, Inc. - Common Stock",349.55,DISCOVER,UNCLASSIFIED,54.9,66,42,13.11,58.4,2.99,3.22,352.62,RESISTANCE_BREAKOUT,335.07,380.82,1.61,,NOT CHECKED,0,21.37,1,True,328.19,303.88,247.77,313.46,351.78,219.5,343.18,181.0,343.18,370.25,380.82,387.88,,,"20/50 uptrend, rising EMA50, compressed below 20d resistance",64.7,WATCH,"Top-500 liquid swing candidate ranked on trend/structure, relative strength, volatility, R/R, resistance runway, catalyst and risk",MOMENTUM SWEET SPOT,,,,,,,,,,,,,,,,,,,,,,
Top-500 Swing Agent,2–7 Day Liquid Swing Ideas,ROIV,Roivant Sciences Ltd. - Common Shares,40.12,DISCOVER,UNCLASSIFIED,49.3,64,44,8.32,61.1,4.55,3.51,42.65,RESISTANCE_BREAKOUT,40.09,46.06,1.33,,NOT CHECKED,0,18.75,1,True,38.07,36.13,29.77,33.43,42.5,30.7,42.5,25.95,37.97,44.78,46.06,46.91,,,"20/50 uptrend, rising EMA50, volume contraction, low-volume pullback",64.3,WATCH,"Top-500 liquid swing candidate ranked on trend/structure, relative strength, volatility, R/R, resistance runway, catalyst and risk",MOMENTUM SWEET SPOT,,,,,,,,,,,,,,,,,,,,,,
Top-500 Swing Agent,2–7 Day Liquid Swing Ideas,WPM,Wheaton Precious Metals Corp Common Shares (Canada),148.9,FORMING,UNCLASSIFIED,71.7,78,60,13.32,42.1,3.8,3.27,164.35,RESISTANCE_BREAKOUT,154.84,165.03,0.07,0.41,ACTIVE,38,11.1,1,True,148.9,138.78,127.91,138.32,163.9,101.46,163.9,101.46,165.03,172.57,177.5,180.79,165.03,,"20/50 uptrend, rising EMA50, tight range, bull flag/pullback, volume contraction, low-volume pullback",64.0,WATCH,"Top-500 liquid swing candidate ranked on trend/structure, relative strength, volatility, R/R, resistance runway, catalyst and risk",WEAK MOMENTUM,,,,,,,,,,,,,,,,,,,,,,
High Momentum / High Beta Agent,Fast-Mover Momentum + Beta/Volatility,TH,Target Hospitality Corp. - Common Stock,19.2,DISCOVER,UNCLASSIFIED,56.6,72,48,10.86,65.4,5.03,4.89,20.55,RESISTANCE_BREAKOUT,19.31,20.85,0.25,1.47,NOT CHECKED,0,12.99,1,True,18.49,17.76,14.43,16.7,20.47,14.08,20.85,7.48,20.85,21.57,22.19,22.6,20.85,,"20/50 uptrend, rising EMA50, bull flag/pullback",63.5,WATCH,"Fast-mover discovery: strong relative strength/RVOL plus high ATR/ADR; reported beta is rewarded when available, with R/R and runway used for ranking",MOMENTUM SWEET SPOT,WEAK SETUP,,,,,,,,,,,,,,,,,,,,,
Top-500 Swing Agent,2–7 Day Liquid Swing Ideas,HOOD,"Robinhood Markets, Inc. - Class A Common Stock",105.71,DISCOVER,UNCLASSIFIED,50.4,60,42,16.46,47.3,6.23,5.94,125.78,RESISTANCE_BREAKOUT,118.23,135.84,1.33,,NOT CHECKED,0,16.57,2,True,109.04,103.68,99.53,92.19,125.25,83.68,125.25,63.51,120.05,132.07,135.84,138.35,,,"above EMA50, rising EMA50, near EMA50 support, volume contraction, low-volume pullback",63.4,WATCH,"Top-500 liquid swing candidate ranked on trend/structure, relative strength, volatility, R/R, resistance runway, catalyst and risk",NEUTRAL / RESET,,,,,,,,,,,,,,,,,,,,,,
High Momentum / High Beta Agent,Fast-Mover Momentum + Beta/Volatility,HUBS,"HubSpot, Inc. Common Stock",238.18,REJECT,UNCLASSIFIED,38.1,52,32,6.24,50.5,5.44,4.57,266.04,RESISTANCE_BREAKOUT,250.08,287.32,1.33,11.64,NOT CHECKED,0,14.46,2,True,239.05,231.23,268.86,222.0,265.0,169.63,265.0,169.63,297.0,279.34,287.32,292.64,297.0,,"above EMA50, rising EMA50, volume contraction",63.4,WATCH,"Fast-mover discovery: strong relative strength/RVOL plus high ATR/ADR; reported beta is rewarded when available, with R/R and runway used for ranking",NEUTRAL / RESET,GOOD SETUP,,,,,,,,,,,,,,,,,,,,,
Top-500 Swing Agent,2–7 Day Liquid Swing Ideas,DOCU,"DocuSign, Inc. - Common Stock",70.93,DISCOVER,UNCLASSIFIED,50.0,58,40,19.16,73.3,4.32,3.87,74.31,RESISTANCE_BREAKOUT,69.85,80.25,1.33,,NOT CHECKED,0,10.31,1,True,65.32,60.06,57.27,58.73,74.07,42.25,70.4,41.37,66.33,78.03,80.25,81.74,,,"20/50 uptrend, rising EMA50, volume contraction",63.0,WATCH,"Top-500 liquid swing candidate ranked on trend/structure, relative strength, volatility, R/R, resistance runway, catalyst and risk",STRONG / EXTENDED WATCH,,,,,,,,,,,,,,,,,,,,,,
High Momentum / High Beta Agent,Fast-Mover Momentum + Beta/Volatility,DOCS,"Doximity, Inc. Class A Common Stock",26.02,REJECT,UNCLASSIFIED,39.3,54,34,5.29,57.0,3.99,3.66,27.4,RESISTANCE_BREAKOUT,25.76,29.6,1.33,45.97,NOT CHECKED,0,32.62,1,True,25.43,24.36,31.04,23.95,27.32,19.75,40.0,17.15,40.0,28.77,29.6,30.14,40.0,,"20/50 uptrend, rising EMA50",62.8,WATCH,"Fast-mover discovery: strong relative strength/RVOL plus high ATR/ADR; reported beta is rewarded when available, with R/R and runway used for ranking",MOMENTUM SWEET SPOT,GOOD SETUP,,,,,,,,,,,,,,,,,,,,,
Top-500 Swing Agent,2–7 Day Liquid Swing Ideas,ESTC,Elastic N.V. Ordinary Shares,85.97,DISCOVER,UNCLASSIFIED,45.3,62,46,2.1,56.4,6.89,4.54,108.47,RESISTANCE_BREAKOUT,101.97,117.15,1.33,,NOT CHECKED,0,19.31,2,True,85.49,78.09,69.34,78.79,108.0,53.04,108.0,42.05,108.0,113.9,117.15,119.32,,,"20/50 uptrend, rising EMA50, tight range, volume contraction, low-volume pullback",62.5,WATCH,"Top-500 liquid swing candidate ranked on trend/structure, relative strength, volatility, R/R, resistance runway, catalyst and risk",MOMENTUM SWEET SPOT,,,,,,,,,,,,,,,,,,,,,,
Top-500 Swing Agent,2–7 Day Liquid Swing Ideas,EQX,Equinox Gold Corp. Common Shares,11.85,DISCOVER,UNCLASSIFIED,47.8,62,52,4.62,30.2,4.58,3.48,14.12,RESISTANCE_BREAKOUT,13.28,15.25,1.33,33.55,NOT CHECKED,0,10.79,1,True,12.28,11.77,12.2,11.61,14.08,8.47,14.08,8.47,18.86,14.83,15.25,15.54,18.86,,"above EMA50, rising EMA50, near EMA50 support, near EMA200 pivot, volume contraction, low-volume pullback",61.3,WATCH,"Top-500 liquid swing candidate ranked on trend/structure, relative strength, volatility, R/R, resistance runway, catalyst and risk",WEAK MOMENTUM,,,,,,,,,,,,,,,,,,,,,,
Top-500 Swing Agent,2–7 Day Liquid Swing Ideas,NBIS,Nebius Group N.V. - Class A Ordinary Shares,217.5,DISCOVER,UNCLASSIFIED,32.5,54,42,-11.49,51.6,6.42,5.55,255.86,RESISTANCE_BREAKOUT,240.51,276.33,1.33,17.2,NOT CHECKED,0,34.14,1,True,219.35,216.49,175.24,194.8,254.74,145.8,299.86,83.53,299.86,268.65,276.33,281.44,299.86,,"above EMA50, rising EMA50, near EMA50 support, volume contraction, low-volume pullback",61.3,WATCH,"Top-500 liquid swing candidate ranked on trend/structure, relative strength, volatility, R/R, resistance runway, catalyst and risk",NEUTRAL / RESET,,,,,,,,,,,,,,,,,,,,,,
Top-500 Swing Agent,2–7 Day Liquid Swing Ideas,NET,"Cloudflare, Inc. Class A Common Stock",327.86,DISCOVER,UNCLASSIFIED,48.3,62,42,9.75,63.7,5.14,5.17,335.95,RESISTANCE_BREAKOUT,315.79,362.82,1.33,,NOT CHECKED,0,10.51,1,True,303.14,287.15,244.3,269.3,334.6,212.32,332.22,164.05,332.22,352.75,362.82,369.54,,,"20/50 uptrend, rising EMA50, compressed below 20d resistance",61.0,WATCH,"Top-500 liquid swing candidate ranked on trend/structure, relative strength, volatility, R/R, resistance runway, catalyst and risk",MOMENTUM SWEET SPOT,,,,,,,,,,,,,,,,,,,,,,
Top-500 Swing Agent,2–7 Day Liquid Swing Ideas,FROG,JFrog Ltd. - Ordinary shares,92.37,DISCOVER,UNCLASSIFIED,44.6,60,50,1.8,49.5,6.45,5.9,106.24,RESISTANCE_BREAKOUT,99.86,114.74,1.33,,NOT CHECKED,0,12.1,2,True,91.05,88.05,71.4,81.68,105.76,72.14,105.76,38.81,105.76,111.55,114.74,116.86,,,"20/50 uptrend, rising EMA50, tight range, volume contraction",61.0,WATCH,"Top-500 liquid swing candidate ranked on trend/structure, relative strength, volatility, R/R, resistance runway, catalyst and risk",NEUTRAL / RESET,,,,,,,,,,,,,,,,,,,,,,
Top-500 Swing Agent,2–7 Day Liquid Swing Ideas,AEM,Agnico Eagle Mines Limited Common Stock,198.36,DISCOVER,UNCLASSIFIED,46.6,60,46,7.31,36.7,3.63,3.38,224.51,RESISTANCE_BREAKOUT,212.4,242.47,1.48,13.16,NOT CHECKED,0,11.12,1,True,197.76,186.37,179.82,192.93,223.93,134.08,223.93,134.08,254.05,235.74,242.47,246.96,254.05,,"20/50 uptrend, rising EMA50, tight range, volume contraction, low-volume pullback",60.6,WATCH,"Top-500 liquid swing candidate ranked on trend/structure, relative strength, volatility, R/R, resistance runway, catalyst and risk",WEAK MOMENTUM,,,,,,,,,,,,,,,,,,,,,,
Top-500 Swing Agent,2–7 Day Liquid Swing Ideas,GAP,"Gap, Inc. (The) Common Stock",20.44,DISCOVER,UNCLASSIFIED,35.3,52,42,2.78,45.7,5.16,3.41,25.88,RESISTANCE_BREAKOUT,24.33,27.96,1.33,8.06,NOT CHECKED,0,12.94,1,True,21.15,20.97,22.23,19.52,25.8,17.94,25.8,17.94,27.97,27.18,27.96,28.47,27.97,,"rising EMA50, near EMA50 support, tight range, volume contraction, low-volume pullback",60.6,WATCH,"Top-500 liquid swing candidate ranked on trend/structure, relative strength, volatility, R/R, resistance runway, catalyst and risk",NEUTRAL / RESET,,,,,,,,,,,,,,,,,,,,,,
Top-500 Swing Agent,2–7 Day Liquid Swing Ideas,EL,"Estee Lauder Companies, Inc. (The) Common Stock",96.21,DISCOVER,UNCLASSIFIED,59.0,68,50,15.52,31.2,3.25,3.26,108.26,RESISTANCE_BREAKOUT,103.01,116.92,1.65,,NOT CHECKED,0,16.3,1,True,97.52,92.92,89.6,93.18,108.01,76.57,108.01,65.74,108.01,113.68,116.92,119.09,,,"above EMA50, rising EMA50, bull flag/pullback, volume contraction, low-volume pullback",60.5,WATCH,"Top-500 liquid swing candidate ranked on trend/structure, relative strength, volatility, R/R, resistance runway, catalyst and risk",WEAK MOMENTUM,,,,,,,,,,,,,,,,,,,,,,
Top-500 Swing Agent,2–7 Day Liquid Swing Ideas,CDE,"Coeur Mining, Inc. Common Stock",19.52,DISCOVER,UNCLASSIFIED,42.8,56,42,6.44,37.4,5.1,4.57,22.53,RESISTANCE_BREAKOUT,21.18,24.33,1.33,20.59,NOT CHECKED,0,13.07,2,True,20.16,19.07,18.46,19.38,22.45,13.93,22.45,13.93,27.17,23.66,24.33,24.78,27.17,,"above EMA50, rising EMA50, near EMA50 support, volume contraction, low-volume pullback",60.0,WATCH,"Top-500 liquid swing candidate ranked on trend/structure, relative strength, volatility, R/R, resistance runway, catalyst and risk",WEAK MOMENTUM,,,,,,,,,,,,,,,,,,,,,,
Top-500 Swing Agent,2–7 Day Liquid Swing Ideas,VEEV,Veeva Systems Inc. Class A Common Stock,266.91,REJECT,UNCLASSIFIED,43.0,56,32,10.91,61.8,4.45,3.21,297.19,RESISTANCE_BREAKOUT,279.36,320.97,1.33,,NOT CHECKED,0,15.2,1,True,260.82,237.25,215.01,238.93,296.24,151.15,296.24,148.05,296.24,312.05,320.97,326.91,,,"20/50 uptrend, rising EMA50, volume contraction",59.9,WATCH,"Top-500 liquid swing candidate ranked on trend/structure, relative strength, volatility, R/R, resistance runway, catalyst and risk",MOMENTUM SWEET SPOT,,,,,,,,,,,,,,,,,,,,,,
Top-500 Swing Agent,2–7 Day Liquid Swing Ideas,FIGR,"Figure Technology Solutions, Inc. - Class A Common Stock",33.93,DISCOVER,UNCLASSIFIED,41.1,58,52,-3.52,42.1,7.67,7.12,41.71,RESISTANCE_BREAKOUT,39.21,44.67,1.18,7.11,NOT CHECKED,0,13.76,2,True,35.12,33.65,35.32,32.2,41.5,24.11,41.5,24.11,44.67,43.79,45.04,45.88,44.67,,"above EMA50, rising EMA50, near EMA50 support, near EMA200 pivot, volume contraction, low-volume pullback",59.0,WATCH,"Top-500 liquid swing candidate ranked on trend/structure, relative strength, volatility, R/R, resistance runway, catalyst and risk",WEAK MOMENTUM,,,,,,,,,,,,,,,,,,,,,,
Top-500 Swing Agent,2–7 Day Liquid Swing Ideas,ZS,"Zscaler, Inc. - Common Stock",195.01,DISCOVER,UNCLASSIFIED,46.4,62,42,5.97,62.5,5.47,5.1,197.43,RESISTANCE_BREAKOUT,185.58,213.22,1.33,,NOT CHECKED,0,16.52,1,True,177.13,168.05,179.26,159.2,196.57,121.72,190.97,114.62,191.25,207.3,213.22,217.17,,,"20/50 uptrend, rising EMA50, compressed below 20d resistance",58.8,WATCH,"Top-500 liquid swing candidate ranked on trend/structure, relative strength, volatility, R/R, resistance runway, catalyst and risk",MOMENTUM SWEET SPOT,,,,,,,,,,,,,,,,,,,,,,
Top-500 Swing Agent,2–7 Day Liquid Swing Ideas,TWST,Twist Bioscience Corporation - Common Stock,143.8,REJECT,UNCLASSIFIED,43.6,50,32,24.82,44.4,6.19,6.68,156.15,RESISTANCE_BREAKOUT,146.78,168.64,1.33,,NOT CHECKED,0,22.64,2,True,131.6,118.19,78.35,120.19,155.44,80.59,155.44,41.52,155.44,163.96,168.64,171.77,,,"20/50 uptrend, rising EMA50, volume contraction",57.7,WATCH,"Top-500 liquid swing candidate ranked on trend/structure, relative strength, volatility, R/R, resistance runway, catalyst and risk",WEAK MOMENTUM,,,,,,,,,,,,,,,,,,,,,,
Top-500 Swing Agent,2–7 Day Liquid Swing Ideas,SNOW,Snowflake Inc. Common Stock,334.28,REJECT,UNCLASSIFIED,37.6,52,36,3.71,56.5,5.59,4.17,386.05,RESISTANCE_BREAKOUT,362.89,416.94,1.33,,NOT CHECKED,0,16.55,1,True,326.88,305.31,245.06,303.89,384.56,217.48,384.56,118.3,341.95,405.36,416.94,424.66,,,"20/50 uptrend, rising EMA50, volume contraction, low-volume pullback",57.1,WATCH,"Top-500 liquid swing candidate ranked on trend/structure, relative strength, volatility, R/R, resistance runway, catalyst and risk",MOMENTUM SWEET SPOT,,,,,,,,,,,,,,,,,,,,,,
