ticker,legendary_agent_count,legendary_avg_score,legendary_best_score,legendary_traders,legendary_setups
EL,4,86.8,100.0,Brownmoose Agent | Superstock Agent | Top-500 Swing Agent | Venu Agent,2–7 Day Liquid Swing Ideas | B1/B2 Confluence + Retest + Multi-Target Plan | Explosive Leader / Early Supertrend Candidate | Position Leader + Rotation Swing
ZS,4,67.5,76.4,Brownmoose Agent | High Momentum / High Beta Agent | Superstock Agent | Top-500 Swing Agent,2–7 Day Liquid Swing Ideas | B1/B2 Confluence + Retest + Multi-Target Plan | Explosive Leader / Early Supertrend Candidate | Fast-Mover Momentum + Beta/Volatility
BE,3,97.1,100.0,High Momentum / High Beta Agent | Superstock Agent | Top-500 Swing Agent,2–7 Day Liquid Swing Ideas | Explosive Leader / Early Supertrend Candidate | Fast-Mover Momentum + Beta/Volatility
CAI,3,93.8,100.0,High Momentum / High Beta Agent | Superstock Agent | Top-500 Swing Agent,2–7 Day Liquid Swing Ideas | Explosive Leader / Early Supertrend Candidate | Fast-Mover Momentum + Beta/Volatility
CRM,3,86.3,100.0,High Momentum / High Beta Agent | Superstock Agent | Top-500 Swing Agent,2–7 Day Liquid Swing Ideas | Explosive Leader / Early Supertrend Candidate | Fast-Mover Momentum + Beta/Volatility
DELL,3,83.7,100.0,High Momentum / High Beta Agent | Superstock Agent | Top-500 Swing Agent,2–7 Day Liquid Swing Ideas | Explosive Leader / Early Supertrend Candidate | Fast-Mover Momentum + Beta/Volatility
DK,3,87.7,100.0,High Momentum / High Beta Agent | Superstock Agent | Top-500 Swing Agent,2–7 Day Liquid Swing Ideas | Explosive Leader / Early Supertrend Candidate | Fast-Mover Momentum + Beta/Volatility
MSTR,3,99.4,100.0,High Momentum / High Beta Agent | Superstock Agent | Top-500 Swing Agent,2–7 Day Liquid Swing Ideas | Explosive Leader / Early Supertrend Candidate | Fast-Mover Momentum + Beta/Volatility
OKTA,3,86.3,100.0,High Momentum / High Beta Agent | Superstock Agent | Top-500 Swing Agent,2–7 Day Liquid Swing Ideas | Explosive Leader / Early Supertrend Candidate | Fast-Mover Momentum + Beta/Volatility
SMMT,3,100.0,100.0,Brownmoose Agent | High Momentum / High Beta Agent | Superstock Agent,B1/B2 Confluence + Retest + Multi-Target Plan | Explosive Leader / Early Supertrend Candidate | Fast-Mover Momentum + Beta/Volatility
SMTC,3,100.0,100.0,High Momentum / High Beta Agent | Superstock Agent | Top-500 Swing Agent,2–7 Day Liquid Swing Ideas | Explosive Leader / Early Supertrend Candidate | Fast-Mover Momentum + Beta/Volatility
TEAM,3,84.2,100.0,High Momentum / High Beta Agent | Superstock Agent | Top-500 Swing Agent,2–7 Day Liquid Swing Ideas | Explosive Leader / Early Supertrend Candidate | Fast-Mover Momentum + Beta/Volatility
TEM,3,92.9,100.0,High Momentum / High Beta Agent | Superstock Agent | Top-500 Swing Agent,2–7 Day Liquid Swing Ideas | Explosive Leader / Early Supertrend Candidate | Fast-Mover Momentum + Beta/Volatility
ZETA,3,90.7,99.3,High Momentum / High Beta Agent | Superstock Agent | Top-500 Swing Agent,2–7 Day Liquid Swing Ideas | Explosive Leader / Early Supertrend Candidate | Fast-Mover Momentum + Beta/Volatility
CRWD,3,79.8,97.7,High Momentum / High Beta Agent | Superstock Agent | Top-500 Swing Agent,2–7 Day Liquid Swing Ideas | Explosive Leader / Early Supertrend Candidate | Fast-Mover Momentum + Beta/Volatility
NOW,3,78.7,90.3,High Momentum / High Beta Agent | Superstock Agent | Top-500 Swing Agent,2–7 Day Liquid Swing Ideas | Explosive Leader / Early Supertrend Candidate | Fast-Mover Momentum + Beta/Volatility
MRK,3,73.6,90.0,Brownmoose Agent | Mark Minervini | Top-500 Swing Agent,2–7 Day Liquid Swing Ideas | B1/B2 Confluence + Retest + Multi-Target Plan | Trend Template / VCP
DOCU,3,75.5,87.4,High Momentum / High Beta Agent | Superstock Agent | Top-500 Swing Agent,2–7 Day Liquid Swing Ideas | Explosive Leader / Early Supertrend Candidate | Fast-Mover Momentum + Beta/Volatility
WPM,3,64.0,79.2,Brownmoose Agent | Superstock Agent | Top-500 Swing Agent,2–7 Day Liquid Swing Ideas | B1/B2 Confluence + Retest + Multi-Target Plan | Explosive Leader / Early Supertrend Candidate
HNGE,3,67.3,76.5,High Momentum / High Beta Agent | Superstock Agent | Top-500 Swing Agent,2–7 Day Liquid Swing Ideas | Explosive Leader / Early Supertrend Candidate | Fast-Mover Momentum + Beta/Volatility
NET,3,66.5,73.2,High Momentum / High Beta Agent | Superstock Agent | Top-500 Swing Agent,2–7 Day Liquid Swing Ideas | Explosive Leader / Early Supertrend Candidate | Fast-Mover Momentum + Beta/Volatility
AVAH,2,85.2,100.0,High Momentum / High Beta Agent | Superstock Agent,Explosive Leader / Early Supertrend Candidate | Fast-Mover Momentum + Beta/Volatility
NVAX,2,100.0,100.0,High Momentum / High Beta Agent | Superstock Agent,Explosive Leader / Early Supertrend Candidate | Fast-Mover Momentum + Beta/Volatility
SG,2,97.8,100.0,High Momentum / High Beta Agent | Superstock Agent,Explosive Leader / Early Supertrend Candidate | Fast-Mover Momentum + Beta/Volatility
SIG,2,97.1,100.0,High Momentum / High Beta Agent | Superstock Agent,Explosive Leader / Early Supertrend Candidate | Fast-Mover Momentum + Beta/Volatility
AUGO,2,81.0,99.0,High Momentum / High Beta Agent | Superstock Agent,Explosive Leader / Early Supertrend Candidate | Fast-Mover Momentum + Beta/Volatility
NTSK,2,86.5,95.1,High Momentum / High Beta Agent | Superstock Agent,Explosive Leader / Early Supertrend Candidate | Fast-Mover Momentum + Beta/Volatility
MRNA,2,77.6,92.2,High Momentum / High Beta Agent | Top-500 Swing Agent,2–7 Day Liquid Swing Ideas | Fast-Mover Momentum + Beta/Volatility
TXG,2,80.8,91.0,High Momentum / High Beta Agent | Top-500 Swing Agent,2–7 Day Liquid Swing Ideas | Fast-Mover Momentum + Beta/Volatility
SWKS,2,76.2,87.1,High Momentum / High Beta Agent | Top-500 Swing Agent,2–7 Day Liquid Swing Ideas | Fast-Mover Momentum + Beta/Volatility
ASO,2,77.9,86.4,High Momentum / High Beta Agent | Superstock Agent,Explosive Leader / Early Supertrend Candidate | Fast-Mover Momentum + Beta/Volatility
VEEV,2,77.4,85.0,Superstock Agent | Top-500 Swing Agent,2–7 Day Liquid Swing Ideas | Explosive Leader / Early Supertrend Candidate
NTRA,2,72.0,83.4,Superstock Agent | Top-500 Swing Agent,2–7 Day Liquid Swing Ideas | Explosive Leader / Early Supertrend Candidate
WIX,2,70.8,80.8,High Momentum / High Beta Agent | Superstock Agent,Explosive Leader / Early Supertrend Candidate | Fast-Mover Momentum + Beta/Volatility
HALO,2,77.2,79.4,Top-500 Swing Agent | Venu Agent,2–7 Day Liquid Swing Ideas | Position Leader + Rotation Swing
FIVN,2,70.6,78.8,High Momentum / High Beta Agent | Superstock Agent,Explosive Leader / Early Supertrend Candidate | Fast-Mover Momentum + Beta/Volatility
CLSK,2,72.8,75.1,High Momentum / High Beta Agent | Top-500 Swing Agent,2–7 Day Liquid Swing Ideas | Fast-Mover Momentum + Beta/Volatility
ANF,2,66.9,74.3,High Momentum / High Beta Agent | Top-500 Swing Agent,2–7 Day Liquid Swing Ideas | Fast-Mover Momentum + Beta/Volatility
CLMT,2,65.9,73.6,High Momentum / High Beta Agent | Superstock Agent,Explosive Leader / Early Supertrend Candidate | Fast-Mover Momentum + Beta/Volatility
AEM,2,65.0,69.9,Superstock Agent | Top-500 Swing Agent,2–7 Day Liquid Swing Ideas | Explosive Leader / Early Supertrend Candidate
VRNS,2,65.0,69.6,High Momentum / High Beta Agent | Superstock Agent,Explosive Leader / Early Supertrend Candidate | Fast-Mover Momentum + Beta/Volatility
HUBS,2,66.2,67.9,High Momentum / High Beta Agent | Top-500 Swing Agent,2–7 Day Liquid Swing Ideas | Fast-Mover Momentum + Beta/Volatility
COIN,2,63.4,65.7,High Momentum / High Beta Agent | Top-500 Swing Agent,2–7 Day Liquid Swing Ideas | Fast-Mover Momentum + Beta/Volatility
CLS,2,63.2,64.6,High Momentum / High Beta Agent | Top-500 Swing Agent,2–7 Day Liquid Swing Ideas | Fast-Mover Momentum + Beta/Volatility
TWST,2,59.5,63.3,High Momentum / High Beta Agent | Top-500 Swing Agent,2–7 Day Liquid Swing Ideas | Fast-Mover Momentum + Beta/Volatility
RBRK,2,57.9,61.9,High Momentum / High Beta Agent | Top-500 Swing Agent,2–7 Day Liquid Swing Ideas | Fast-Mover Momentum + Beta/Volatility
BLSH,1,95.8,95.8,High Momentum / High Beta Agent,Fast-Mover Momentum + Beta/Volatility
IOVA,1,92.7,92.7,High Momentum / High Beta Agent,Fast-Mover Momentum + Beta/Volatility
ARE,1,91.6,91.6,Superstock Agent,Explosive Leader / Early Supertrend Candidate
MARA,1,86.4,86.4,High Momentum / High Beta Agent,Fast-Mover Momentum + Beta/Volatility
CVI,1,84.8,84.8,High Momentum / High Beta Agent,Fast-Mover Momentum + Beta/Volatility
PSNL,1,83.1,83.1,Superstock Agent,Explosive Leader / Early Supertrend Candidate
RBLX,1,81.1,81.1,High Momentum / High Beta Agent,Fast-Mover Momentum + Beta/Volatility
SEDG,1,80.4,80.4,High Momentum / High Beta Agent,Fast-Mover Momentum + Beta/Volatility
IAG,1,76.2,76.2,Superstock Agent,Explosive Leader / Early Supertrend Candidate
RIOT,1,72.7,72.7,High Momentum / High Beta Agent,Fast-Mover Momentum + Beta/Volatility
SSRM,1,72.0,72.0,Superstock Agent,Explosive Leader / Early Supertrend Candidate
SEI,1,65.7,65.7,High Momentum / High Beta Agent,Fast-Mover Momentum + Beta/Volatility
TWLO,1,64.9,64.9,Top-500 Swing Agent,2–7 Day Liquid Swing Ideas
DOCS,1,64.4,64.4,High Momentum / High Beta Agent,Fast-Mover Momentum + Beta/Volatility
SAIL,1,63.7,63.7,High Momentum / High Beta Agent,Fast-Mover Momentum + Beta/Volatility
DT,1,60.3,60.3,Top-500 Swing Agent,2–7 Day Liquid Swing Ideas
ROIV,1,59.3,59.3,Top-500 Swing Agent,2–7 Day Liquid Swing Ideas
ESTC,1,57.8,57.8,Top-500 Swing Agent,2–7 Day Liquid Swing Ideas
ASAN,1,57.4,57.4,High Momentum / High Beta Agent,Fast-Mover Momentum + Beta/Volatility
CDE,1,57.0,57.0,Top-500 Swing Agent,2–7 Day Liquid Swing Ideas
SNOW,1,57.0,57.0,Top-500 Swing Agent,2–7 Day Liquid Swing Ideas
IOT,1,55.5,55.5,Top-500 Swing Agent,2–7 Day Liquid Swing Ideas
KGC,1,55.4,55.4,Top-500 Swing Agent,2–7 Day Liquid Swing Ideas
PANW,1,55.2,55.2,Top-500 Swing Agent,2–7 Day Liquid Swing Ideas
INSM,1,52.5,52.5,Top-500 Swing Agent,2–7 Day Liquid Swing Ideas
FROG,1,52.3,52.3,Top-500 Swing Agent,2–7 Day Liquid Swing Ideas
LITE,1,51.0,51.0,Top-500 Swing Agent,2–7 Day Liquid Swing Ideas
S,1,50.3,50.3,Top-500 Swing Agent,2–7 Day Liquid Swing Ideas
PLTR,1,46.0,46.0,Top-500 Swing Agent,2–7 Day Liquid Swing Ideas
EGO,1,44.1,44.1,Top-500 Swing Agent,2–7 Day Liquid Swing Ideas
BTG,1,43.6,43.6,Top-500 Swing Agent,2–7 Day Liquid Swing Ideas
