ticker,gate_price,avg_share_volume20,avg_dollar_volume20,median_dollar_volume20,adr20_pct,ret20_pct,max_up_day_30d_pct_gate,tradable,rejection_reason,company_name_gate,exchange,price,stage,technical_stage,pattern,formation_score,technical_score,risk_score,decision,market_regime_state,market_regime_score,market_regime_reason,rs20_vs_spy,rsi14,rvol,max_up_day_30d_pct,ten_pct_up_days_30d,explosive_move_30d,atr_pct,avg_dollar_volume,ema20,ema50,ema200,daily_support,daily_resistance,weekly_support,weekly_resistance,monthly_support,monthly_resistance,entry_trigger,entry_model,entry_condition,entry_buffer_pct,retest_reference,retest_distance_pct,retest_quality_score,retest_quality_reasons,ema20_slope5_pct,support_touch_count,higher_low,bullish_close,stop,stop_basis,stop_anchor,stop_anchor_distance_pct,risk_pct,swing5_low,swing10_low,target_5,target_8,target_10,rr_to_8pct,next_higher_resistance,runway_to_next_resistance_pct,runway_ok,min_runway_required_pct,effective_target,effective_target_pct,effective_rr,effective_rr_ok,min_effective_rr_required,distance_to_20d_high_pct,extension_above_20d_high_pct,liquidity_gate_passed,volatility_gate_passed,company_name,stage_rank,rank_score,theme,theme_etf,theme_score,theme_state,theme_bonus,theme_match_confidence,theme_match_source,theme_match_reason,sector_regime_ok,catalyst_score,catalyst_status,catalyst_type,catalyst_bias,catalyst_headline,catalyst_provider,catalyst_age_hours,catalyst_relevance,catalyst_fresh,news_freshness_status,catalyst_materiality,rejected_news_count,earnings_days,negative_catalyst_risk,final_score,final_decision,live_status,live_session_date,live_bar_at_et,live_bar_high,live_bar_low,live_price,session_high,session_low,live_vwap,live_above_vwap,opening_range_high,opening_range_low,live_above_or_high,intraday_rvol,volume_vs_9ma,opening_30m_rvol,opening_volume_spike_2x,quote_bid,quote_ask,bid_ask_spread_pct,spread_gate_passed,live_trigger_reached,live_retest_touched,live_confirmation_score,premarket_price,premarket_gap_pct,premarket_volume,premarket_status,live_trade_action,market_hunt_score,universal_10pct_gate,leader_status
AAPL,333.4,41208071.0,13095358339.0,12514616747.0,2.26,8.98,3.56,True,,Apple Inc. - Common Stock,NASDAQ,331.97,DISCOVER,DISCOVER,"20/50 uptrend, rising EMA50, compressed below 20d resistance, tight range",52.0,76.0,35.0,WATCHLIST,WEAK,32.0,price<EMA20; EMA20>EMA50; EMA20 falling,10.8,69.7,0.08,3.56,0.0,False,2.35,13122838840.0,320.24,314.65,289.6,302.94,336.22,273.51,344.27,245.07,344.27,336.84,RESISTANCE_BREAKOUT,BREAKOUT,0.19,,,0.0,,,0.0,False,False,318.84,EMA20,320.24,4.93,5.35,309.9,309.9,353.69,363.79,370.53,1.5,344.27,2.21,False,5.0,344.27,2.21,0.41,False,2.5,1.28,0.0,True,True,Apple Inc. - Common Stock,2.0,60.0,UNCLASSIFIED,,0.0,NONE,0.0,0.0,NONE,,True,0.0,NOT CHECKED,NONE,NEUTRAL,,,,NOT CHECKED,False,NOT CHECKED,NONE,0.0,,False,60.0,WATCHLIST,NOT CHECKED,,,,,,,,,False,,,False,,,,False,,,,False,False,False,0.0,,,,NOT CHECKED,NO LIVE SIGNAL,60.0,False,TRACK ONLY / NO +10% DAY IN LAST 30
AMD,486.57,16811305.0,8120937188.0,7710183938.0,3.25,-5.41,7.0,True,,"Advanced Micro Devices, Inc. - Common Stock",NASDAQ,483.3,REJECT,REJECT,"rising EMA50, near EMA50 support",22.0,34.0,55.0,NO TRADE,WEAK,32.0,price<EMA20; EMA20>EMA50; EMA20 falling,-3.75,57.1,0.17,7.0,0.0,False,4.14,8154139651.0,486.72,484.36,382.27,440.5,526.79,424.03,584.73,188.22,584.73,528.39,RESISTANCE_BREAKOUT,BREAKOUT,0.3,,,0.0,,,0.0,False,False,496.69,ATR_FALLBACK,498.38,5.68,6.0,458.0,440.5,554.81,570.66,581.23,1.33,584.73,10.66,True,5.0,570.66,8.0,1.33,False,2.5,9.0,0.0,True,True,"Advanced Micro Devices, Inc. - Common Stock",0.0,16.4,UNCLASSIFIED,,0.0,NONE,0.0,0.0,NONE,,True,0.0,NOT CHECKED,NONE,NEUTRAL,,,,NOT CHECKED,False,NOT CHECKED,NONE,0.0,,False,16.4,NO TRADE,NOT CHECKED,,,,,,,,,False,,,False,,,,False,,,,False,False,False,0.0,,,,NOT CHECKED,NO LIVE SIGNAL,16.4,False,TRACK ONLY / NO +10% DAY IN LAST 30
AMZN,251.53,30680467.0,7949939985.0,7751780523.0,1.85,-4.23,4.58,False,LOW_DAILY_RANGE,"Amazon.com, Inc. - Common Stock",NASDAQ,,,,,,,,,,,,,,,,,,,,,,,,,,,,,,,,,,,,,,,,,,,,,,,,,,,,,,,,,,,,,,,,,"Amazon.com, Inc. - Common Stock",,,,,,,,,,,,,,,,,,,,,,,,,,,,,,,,,,,,,,,,,,,,,,,,,,,,,,,,,,False,NO TRADE / BASE GATE: LOW_DAILY_RANGE
AVGO,349.98,24356560.0,8895063805.0,7895132877.0,2.39,-10.94,6.61,True,,Broadcom Inc. - Common Stock,NASDAQ,346.65,REJECT,REJECT,"volume contraction, low-volume pullback",10.0,16.0,55.0,NO TRADE,WEAK,32.0,price<EMA20; EMA20>EMA50; EMA20 falling,-9.5,41.6,0.1,6.61,0.0,False,3.12,8907614616.0,368.03,378.65,374.6,342.33,399.36,342.33,432.73,289.5,494.22,400.23,RESISTANCE_BREAKOUT,BREAKOUT,0.22,,,0.0,,,0.0,False,False,376.7,EMA50,378.65,5.39,5.88,353.7,342.33,420.24,432.24,440.25,1.36,432.73,8.12,True,5.0,432.24,8.0,1.36,False,2.5,18.99,0.0,True,True,Broadcom Inc. - Common Stock,0.0,-0.6,UNCLASSIFIED,,0.0,NONE,0.0,0.0,NONE,,True,0.0,NOT CHECKED,NONE,NEUTRAL,,,,NOT CHECKED,False,NOT CHECKED,NONE,0.0,,False,-0.6,NO TRADE,NOT CHECKED,,,,,,,,,False,,,False,,,,False,,,,False,False,False,0.0,,,,NOT CHECKED,NO LIVE SIGNAL,-0.6,False,TRACK ONLY / NO +10% DAY IN LAST 30
AXTI,58.91,8695660.0,606014755.0,478705721.0,9.12,-27.84,17.84,True,,AXT Inc - Common Stock,NASDAQ,,,,,,,,,,,,,,,,,,,,,,,,,,,,,,,,,,,,,,,,,,,,,,,,,,,,,,,,,,,,,,,,,AXT Inc - Common Stock,,,,,,,,,,,,,,,,,,,,,,,,,,,,,,,,,,,,,,,,,,,,,,,,,,,,,,,,,,False,NO TRADE / DEEP VOLATILITY OR DATA GATE
COIN,184.46,9553255.0,1698735606.0,1500190864.0,5.39,24.24,10.14,True,,"Coinbase Global, Inc. - Class A Common Stock",NASDAQ,185.19,FORMING,FORMING,"20/50 uptrend, rising EMA50, tight range, bull flag/pullback, volume contraction, low-volume pullback",68.0,92.0,35.0,WATCHLIST,WEAK,32.0,price<EMA20; EMA20>EMA50; EMA20 falling,27.02,52.6,0.19,10.14,1.0,True,6.15,1706400615.0,175.61,170.34,198.58,146.02,195.85,139.11,195.85,139.11,222.35,196.76,RESISTANCE_BREAKOUT,BREAKOUT,0.46,,,0.0,,,0.0,False,False,184.95,ATR_FALLBACK,179.69,8.68,6.0,170.39,170.39,206.6,212.5,216.44,1.33,222.35,13.01,True,5.0,212.5,8.0,1.33,False,2.5,5.76,0.0,True,True,"Coinbase Global, Inc. - Class A Common Stock",3.0,78.2,UNCLASSIFIED,,0.0,NONE,0.0,0.0,NONE,,True,46.0,STRONG,NEWS,BULLISH,"COIN, BLSH Stocks Get Analyst Upgrades With Bitcoin Recovery, CLARITY Act Odds Lifting Crypto Outlook",Stocktwits,0.4,TICKER_IN_TITLE,True,FRESH_24H,MEDIUM,7.0,45.3,False,87.4,WATCHLIST + CATALYST,LIVE,2026-09-14,2026-09-14T09:40:00-04:00,186.0,186.0,186.0,189.44,180.54,185.88,True,189.44,180.54,False,2.4,,1.6,False,90.0,189.0,70.968,False,False,False,45.0,181.12,3.38,0.0,AVAILABLE,WAIT / OPENING RANGE FORMING,91.9,True,WATCHLIST + CATALYST
CRDO,152.35,7037373.0,1353878759.0,1061005029.0,6.03,-41.38,8.96,True,,Credo Technology Group Holding Ltd - Ordinary Shares,NASDAQ,,,,,,,,,,,,,,,,,,,,,,,,,,,,,,,,,,,,,,,,,,,,,,,,,,,,,,,,,,,,,,,,,Credo Technology Group Holding Ltd - Ordinary Shares,,,,,,,,,,,,,,,,,,,,,,,,,,,,,,,,,,,,,,,,,,,,,,,,,,,,,,,,,,False,NO TRADE / DEEP VOLATILITY OR DATA GATE
GOOGL,343.16,22211980.0,7558870839.0,7680922180.0,1.7,-0.73,4.88,False,LOW_DAILY_RANGE,Alphabet Inc. - Class A Common Stock,NASDAQ,,,,,,,,,,,,,,,,,,,,,,,,,,,,,,,,,,,,,,,,,,,,,,,,,,,,,,,,,,,,,,,,,Alphabet Inc. - Class A Common Stock,,,,,,,,,,,,,,,,,,,,,,,,,,,,,,,,,,,,,,,,,,,,,,,,,,,,,,,,,,False,NO TRADE / BASE GATE: LOW_DAILY_RANGE
HOOD,115.94,21530110.0,2354330096.0,2183422990.0,5.63,21.33,16.57,True,,"Robinhood Markets, Inc. - Class A Common Stock",NASDAQ,113.89,DISCOVER,DISCOVER,"20/50 uptrend, rising EMA50, bull flag/pullback, volume contraction, low-volume pullback",50.0,74.0,35.0,WATCHLIST,WEAK,32.0,price<EMA20; EMA20>EMA50; EMA20 falling,21.47,59.3,0.12,16.57,2.0,True,5.69,2358567701.0,109.23,103.31,99.14,91.44,125.25,83.68,125.25,63.51,120.05,125.77,RESISTANCE_BREAKOUT,BREAKOUT,0.41,,,0.0,,,0.0,False,False,118.22,ATR_FALLBACK,116.06,7.72,6.0,111.02,100.68,132.06,135.83,138.34,1.33,,,False,5.0,135.83,8.0,1.33,False,2.5,9.97,0.0,True,True,"Robinhood Markets, Inc. - Class A Common Stock",2.0,62.8,UNCLASSIFIED,,0.0,NONE,0.0,0.0,NONE,,True,0.0,NOT CHECKED,NONE,NEUTRAL,,,,NOT CHECKED,False,NOT CHECKED,NONE,0.0,,False,62.8,WATCHLIST,NOT CHECKED,,,,,,,,,False,,,False,,,,False,,,,False,False,False,0.0,,,,NOT CHECKED,NO LIVE SIGNAL,62.8,True,WATCHLIST
INTC,94.95,87365314.0,8284536859.0,8356258385.0,4.05,-7.37,10.84,True,,Intel Corporation - Common Stock,NASDAQ,95.22,REJECT,REJECT,none,8.0,20.0,55.0,NO TRADE,WEAK,32.0,price<EMA20; EMA20>EMA50; EMA20 falling,-4.81,59.6,0.13,10.84,1.0,True,5.07,8296651940.0,96.47,98.33,80.82,85.14,106.69,81.79,142.35,40.63,142.35,107.08,RESISTANCE_BREAKOUT,BREAKOUT,0.36,,,0.0,,,0.0,False,False,100.65,ATR_FALLBACK,99.83,6.77,6.0,91.87,85.72,112.43,115.64,117.78,1.33,142.35,32.94,True,5.0,115.64,8.0,1.33,False,2.5,12.23,0.0,True,True,Intel Corporation - Common Stock,0.0,3.9,UNCLASSIFIED,,0.0,NONE,0.0,0.0,NONE,,True,0.0,NOT CHECKED,NONE,NEUTRAL,,,,NOT CHECKED,False,NOT CHECKED,NONE,0.0,,False,3.9,NO TRADE,NOT CHECKED,,,,,,,,,False,,,False,,,,False,,,,False,False,False,0.0,,,,NOT CHECKED,NO LIVE SIGNAL,3.9,True,NO TRADE
IOVA,8.66,13641245.0,113425474.0,99735335.0,6.27,24.07,43.09,True,,"Iovance Biotherapeutics, Inc. - Common Stock",NASDAQ,8.64,DISCOVER,DISCOVER,"20/50 uptrend, rising EMA50, bull flag/pullback, volume contraction, low-volume pullback",50.0,74.0,35.0,WATCHLIST,WEAK,32.0,price<EMA20; EMA20>EMA50; EMA20 falling,26.0,59.3,0.04,43.09,3.0,True,4.53,113493881.0,8.02,6.78,4.57,6.7,9.36,3.76,9.36,3.18,9.36,9.39,RESISTANCE_BREAKOUT,BREAKOUT,0.33,,,0.0,,,0.0,False,False,8.83,ATR_FALLBACK,8.8,6.25,6.0,8.04,7.66,9.86,10.14,10.33,1.33,,,False,5.0,10.14,8.0,1.33,False,2.5,8.4,0.0,True,True,"Iovance Biotherapeutics, Inc. - Common Stock",2.0,62.8,UNCLASSIFIED,,0.0,NONE,0.0,0.0,NONE,,True,0.0,NOT CHECKED,NONE,NEUTRAL,,,,NOT CHECKED,False,NOT CHECKED,NONE,0.0,,False,62.8,WATCHLIST,NOT CHECKED,,,,,,,,,False,,,False,,,,False,,,,False,False,False,0.0,,,,NOT CHECKED,NO LIVE SIGNAL,62.8,True,WATCHLIST
META,651.46,17547394.0,10373693471.0,9536838744.0,2.97,10.45,6.55,True,,"Meta Platforms, Inc. - Class A Common Stock",NASDAQ,658.1,DISCOVER,DISCOVER,"20/50 uptrend, rising EMA50, compressed below 20d resistance",42.0,60.0,55.0,WATCHLIST,WEAK,32.0,price<EMA20; EMA20>EMA50; EMA20 falling,13.86,84.0,0.12,6.55,0.0,False,3.2,10384018753.0,607.82,599.57,627.44,537.27,664.24,524.49,686.08,519.78,690.88,665.93,RESISTANCE_BREAKOUT,BREAKOUT,0.25,,,0.0,,,0.0,False,False,630.51,ATR_FALLBACK,634.3,4.75,5.32,605.27,556.1,699.22,719.2,732.52,1.5,686.08,3.03,False,5.0,686.08,3.03,0.57,False,2.5,0.93,0.0,True,True,"Meta Platforms, Inc. - Class A Common Stock",2.0,46.1,UNCLASSIFIED,,0.0,NONE,0.0,0.0,NONE,,True,0.0,NOT CHECKED,NONE,NEUTRAL,,,,NOT CHECKED,False,NOT CHECKED,NONE,0.0,,False,46.1,WATCHLIST,NOT CHECKED,,,,,,,,,False,,,False,,,,False,,,,False,False,False,0.0,,,,NOT CHECKED,NO LIVE SIGNAL,46.1,False,TRACK ONLY / NO +10% DAY IN LAST 30
MSFT,497.04,20073622.0,9932975157.0,9641295068.0,1.79,0.52,4.93,False,LOW_DAILY_RANGE,Microsoft Corporation - Common Stock,NASDAQ,,,,,,,,,,,,,,,,,,,,,,,,,,,,,,,,,,,,,,,,,,,,,,,,,,,,,,,,,,,,,,,,,Microsoft Corporation - Common Stock,,,,,,,,,,,,,,,,,,,,,,,,,,,,,,,,,,,,,,,,,,,,,,,,,,,,,,,,,,False,NO TRADE / BASE GATE: LOW_DAILY_RANGE
MSTR,134.08,27631614.0,3436683509.0,3002326494.0,6.23,44.11,17.56,True,,Strategy Inc - Class A Common Stock,NASDAQ,132.76,DISCOVER,DISCOVER,"20/50 uptrend, rising EMA50, bull flag/pullback, volume contraction, low-volume pullback",50.0,74.0,35.0,WATCHLIST,WEAK,32.0,price<EMA20; EMA20>EMA50; EMA20 falling,44.98,55.7,0.08,17.56,3.0,True,6.97,3438998195.0,125.08,117.65,152.06,92.45,144.92,81.81,144.92,81.81,197.0,145.66,RESISTANCE_BREAKOUT,BREAKOUT,0.51,,,0.0,,,0.0,False,False,136.92,ATR_FALLBACK,131.79,9.52,6.0,126.91,121.38,152.94,157.31,160.23,1.33,197.0,35.25,True,5.0,157.31,8.0,1.33,False,2.5,9.16,0.0,True,True,Strategy Inc - Class A Common Stock,2.0,62.8,UNCLASSIFIED,,0.0,NONE,0.0,0.0,NONE,,True,0.0,NOT CHECKED,NONE,NEUTRAL,,,,NOT CHECKED,False,NOT CHECKED,NONE,0.0,,False,62.8,WATCHLIST,NOT CHECKED,,,,,,,,,False,,,False,,,,False,,,,False,False,False,0.0,,,,NOT CHECKED,NO LIVE SIGNAL,62.8,True,WATCHLIST
MU,907.46,24894506.0,23974960469.0,24519131481.0,4.01,-6.61,7.62,True,,"Micron Technology, Inc. - Common Stock",NASDAQ,904.74,REJECT,REJECT,"rising EMA50, near EMA50 support, volume contraction, low-volume pullback",32.0,38.0,55.0,NO TRADE,WEAK,32.0,price<EMA20; EMA20>EMA50; EMA20 falling,-4.6,49.2,0.19,7.62,0.0,False,4.83,24003060757.0,955.29,930.94,687.47,887.61,1042.4,737.88,1254.81,311.44,1254.81,1045.89,RESISTANCE_BREAKOUT,BREAKOUT,0.34,,,0.0,,,0.0,False,False,983.14,ATR_FALLBACK,980.37,6.27,6.0,967.38,909.09,1098.19,1129.57,1150.48,1.33,1254.81,19.97,True,5.0,1129.57,8.0,1.33,False,2.5,15.21,0.0,True,True,"Micron Technology, Inc. - Common Stock",0.0,20.6,UNCLASSIFIED,,0.0,NONE,0.0,0.0,NONE,,True,0.0,NOT CHECKED,NONE,NEUTRAL,,,,NOT CHECKED,False,NOT CHECKED,NONE,0.0,,False,20.6,NO TRADE,NOT CHECKED,,,,,,,,,False,,,False,,,,False,,,,False,False,False,0.0,,,,NOT CHECKED,NO LIVE SIGNAL,20.6,False,TRACK ONLY / NO +10% DAY IN LAST 30
NFLX,79.29,25921893.0,2059109192.0,2077106520.0,2.58,1.45,5.43,True,,"Netflix, Inc. - Common Stock",NASDAQ,79.47,FORMING,FORMING,"20/50 uptrend, rising EMA50, near EMA50 support, volume contraction, low-volume pullback",58.0,68.0,35.0,WATCHLIST,WEAK,32.0,price<EMA20; EMA20>EMA50; EMA20 falling,3.97,48.6,0.11,5.43,0.0,False,2.69,2060754277.0,78.47,77.98,87.34,75.03,83.6,65.08,83.6,65.08,108.95,83.77,RESISTANCE_BREAKOUT,BREAKOUT,0.2,,,0.0,,,0.0,False,False,78.74,EMA20,78.47,6.33,6.0,75.03,75.03,87.96,90.47,92.15,1.33,108.95,30.06,True,5.0,90.47,8.0,1.33,False,2.5,5.19,0.0,True,True,"Netflix, Inc. - Common Stock",3.0,52.5,UNCLASSIFIED,,0.0,NONE,0.0,0.0,NONE,,True,0.0,NOT CHECKED,NONE,NEUTRAL,,,,NOT CHECKED,False,NOT CHECKED,NONE,0.0,,False,52.5,WATCHLIST,NOT CHECKED,,,,,,,,,False,,,False,,,,False,,,,False,False,False,0.0,,,,NOT CHECKED,NO LIVE SIGNAL,52.5,False,TRACK ONLY / NO +10% DAY IN LAST 30
NVDA,209.79,125014822.0,27502259713.0,24933761125.0,2.55,-6.72,8.74,True,,NVIDIA Corporation - Common Stock,NASDAQ,209.18,REJECT,REJECT,"rising EMA50, near EMA50 support, volume contraction, low-volume pullback",32.0,44.0,55.0,NO TRADE,WEAK,32.0,price<EMA20; EMA20>EMA50; EMA20 falling,-4.7,50.6,0.19,8.74,0.0,False,3.69,27521668032.0,218.71,214.49,201.11,207.02,234.5,189.59,234.5,163.9,236.0,235.12,RESISTANCE_BREAKOUT,BREAKOUT,0.26,,,0.0,,,0.0,False,False,222.14,ATR_FALLBACK,223.53,4.93,5.52,217.2,214.86,246.87,253.92,258.63,1.45,236.0,0.38,False,5.0,236.0,0.38,0.07,False,2.5,12.1,0.0,True,True,NVIDIA Corporation - Common Stock,0.0,24.4,UNCLASSIFIED,,0.0,NONE,0.0,0.0,NONE,,True,0.0,NOT CHECKED,NONE,NEUTRAL,,,,NOT CHECKED,False,NOT CHECKED,NONE,0.0,,False,24.4,NO TRADE,NOT CHECKED,,,,,,,,,False,,,False,,,,False,,,,False,False,False,0.0,,,,NOT CHECKED,NO LIVE SIGNAL,24.4,False,TRACK ONLY / NO +10% DAY IN LAST 30
PLTR,167.66,27534099.0,4853622138.0,4758662145.0,3.75,-3.67,29.45,True,,Palantir Technologies Inc. - Class A Common Stock,NASDAQ,167.24,REJECT,REJECT,"above EMA50, rising EMA50, volume contraction, low-volume pullback",36.0,42.0,35.0,NO TRADE,WEAK,32.0,price<EMA20; EMA20>EMA50; EMA20 falling,-1.62,43.3,0.09,29.45,2.0,True,4.33,4855531667.0,170.72,160.04,153.37,164.55,188.37,106.37,188.37,106.37,188.37,188.95,RESISTANCE_BREAKOUT,BREAKOUT,0.31,,,0.0,,,0.0,False,False,177.61,ATR_FALLBACK,178.09,5.75,6.0,164.55,164.55,198.4,204.07,207.84,1.33,,,False,5.0,204.07,8.0,1.33,False,2.5,12.63,0.0,True,True,Palantir Technologies Inc. - Class A Common Stock,0.0,28.4,UNCLASSIFIED,,0.0,NONE,0.0,0.0,NONE,,True,0.0,NOT CHECKED,NONE,NEUTRAL,,,,NOT CHECKED,False,NOT CHECKED,NONE,0.0,,False,28.4,NO TRADE,NOT CHECKED,,,,,,,,,False,,,False,,,,False,,,,False,False,False,0.0,,,,NOT CHECKED,NO LIVE SIGNAL,28.4,True,NO TRADE
QCOM,174.1,10713557.0,1794914176.0,1566419782.0,3.44,5.58,7.32,True,,QUALCOMM Incorporated - Common Stock,NASDAQ,175.1,DISCOVER,DISCOVER,"above EMA50, rising EMA50, near EMA50 support",40.0,54.0,35.0,WATCHLIST,WEAK,32.0,price<EMA20; EMA20>EMA50; EMA20 falling,8.48,71.3,0.11,7.32,0.0,False,4.09,1795918910.0,169.66,171.07,169.52,155.38,185.46,142.12,232.18,120.88,257.56,186.03,RESISTANCE_BREAKOUT,BREAKOUT,0.31,,,0.0,,,0.0,False,False,174.87,ATR_FALLBACK,175.29,5.77,6.0,167.04,161.02,195.33,200.92,204.64,1.33,232.18,24.8,True,5.0,200.92,8.0,1.33,False,2.5,5.92,0.0,True,True,QUALCOMM Incorporated - Common Stock,2.0,42.1,UNCLASSIFIED,,0.0,NONE,0.0,0.0,NONE,,True,0.0,NOT CHECKED,NONE,NEUTRAL,,,,NOT CHECKED,False,NOT CHECKED,NONE,0.0,,False,42.1,WATCHLIST,NOT CHECKED,,,,,,,,,False,,,False,,,,False,,,,False,False,False,0.0,,,,NOT CHECKED,NO LIVE SIGNAL,42.1,False,TRACK ONLY / NO +10% DAY IN LAST 30
TSLA,362.1,37434587.0,13396169598.0,11738264927.0,3.39,5.79,5.51,True,,"Tesla, Inc.  - Common Stock",NASDAQ,361.86,DISCOVER,DISCOVER,"above EMA50, rising EMA50, near EMA50 support, volume contraction",46.0,66.0,35.0,WATCHLIST,WEAK,32.0,price<EMA20; EMA20>EMA50; EMA20 falling,8.01,55.4,0.09,5.51,0.0,False,3.82,13399013614.0,357.04,359.37,387.55,331.12,384.04,297.38,432.86,297.38,453.4,385.15,RESISTANCE_BREAKOUT,BREAKOUT,0.29,,,0.0,,,0.0,False,False,362.04,ATR_FALLBACK,364.42,5.38,6.0,351.32,345.2,404.4,415.96,423.66,1.33,432.86,12.39,True,5.0,415.96,8.0,1.33,False,2.5,6.13,0.0,True,True,"Tesla, Inc.  - Common Stock",2.0,50.9,UNCLASSIFIED,,0.0,NONE,0.0,0.0,NONE,,True,0.0,NOT CHECKED,NONE,NEUTRAL,,,,NOT CHECKED,False,NOT CHECKED,NONE,0.0,,False,50.9,WATCHLIST,NOT CHECKED,,,,,,,,,False,,,False,,,,False,,,,False,False,False,0.0,,,,NOT CHECKED,NO LIVE SIGNAL,50.9,False,TRACK ONLY / NO +10% DAY IN LAST 30
