ticker,price,avg_share_volume20,avg_dollar_volume20,median_dollar_volume20,adr20_pct,ret20_pct,max_up_day_30d_pct,tradable,rejection_reason,name,exchange,live_priority
PURR,12.7,27398306.0,318816735.0,277437378.0,10.29,35.25,30.42,True,,Hyperliquid Strategies Inc - Common Stock,NASDAQ,0.9438804554079696
TEM,80.6,8070321.0,543709817.0,428949645.0,7.52,31.59,24.09,True,,"Tempus AI, Inc. - Class A Common Stock",NASDAQ,0.9362476280834915
GPRO,1.32,91745530.0,124774294.0,27608126.0,14.94,107.87,46.0,False,PRICE,"GoPro, Inc. - Class A Common Stock",NASDAQ,0.9224003795066413
MSTR,132.68,27076919.0,3495676024.0,2891926163.0,5.99,27.28,17.56,True,,Strategy Inc - Class A Common Stock,NASDAQ,0.9195635673624288
CRWD,245.81,11971098.0,2607115443.0,2267460312.0,5.66,21.91,20.5,True,,"CrowdStrike Holdings, Inc. - Class A Common Stock",NASDAQ,0.9189705882352941
CRCL,84.96,16282001.0,1479079532.0,1412267670.0,7.07,8.11,16.46,True,,"Circle Internet Group, Inc. Class A Common Stock",NYSE,0.9186053130929792
MARA,11.66,50258218.0,570942180.0,547272632.0,7.56,20.88,15.54,True,,"MARA Holdings, Inc. - Common Stock",NASDAQ,0.9154648956356737
DAIC,5.01,22125005.0,83745770.0,8582500.0,29.55,1092.86,306.1,False,MEDIAN_DOLLAR_VOLUME,"CID HoldCo, Inc. - Common Stock",NASDAQ,0.9134629981024668
OKTA,191.07,4324981.0,718828777.0,601569482.0,5.21,35.31,28.63,True,,"Okta, Inc. - Class A Common Stock",NASDAQ,0.9127229601518028
HOOD,107.48,23606080.0,2614086358.0,2258026966.0,5.91,12.23,16.57,True,,"Robinhood Markets, Inc. - Class A Common Stock",NASDAQ,0.9099810246679316
FTFT,6.8,16053600.0,79652606.0,1106229.0,27.57,97.67,179.17,False,MEDIAN_DOLLAR_VOLUME,Future FinTech Group Inc. - Common Stock,NASDAQ,0.90926944971537
CIFR,17.27,34401384.0,564117022.0,546306152.0,8.29,8.72,14.43,True,,Cipher Digital Inc. - Common Stock,NASDAQ,0.9091840607210626
BMNR,24.38,46763835.0,1136243925.0,1154668741.0,6.48,20.43,14.7,True,,"BitMine Immersion Technologies, Inc. Common Stock",NYSE,0.9090559772296015
DELL,587.11,9668145.0,4885294229.0,3714892746.0,5.61,34.18,15.81,True,,Dell Technologies Inc. Class C Common Stock ,NYSE,0.9074383301707779
SMCI,40.54,37317208.0,1415910388.0,1331204712.0,5.55,10.84,19.02,True,,"Super Micro Computer, Inc. - Common Stock",NASDAQ,0.9070967741935484
USDE,8.3,10721824.0,79343531.0,27648456.0,21.4,168.61,85.25,True,,StablecoinX Inc. - Class A Common Stock,NASDAQ,0.9070967741935484
BIAF,8.47,8506955.0,82553892.0,2591471.0,21.71,38.06,58.32,False,MEDIAN_DOLLAR_VOLUME,"bioAffinity Technologies, Inc. - Common Stock",NASDAQ,0.9063282732447819
MRNA,158.1,25709646.0,3702830169.0,2363179353.0,8.48,-9.34,176.97,True,,"Moderna, Inc. - Common Stock",NASDAQ,0.9033111954459204
ASST,29.12,10975270.0,264248224.0,251360514.0,8.36,97.69,15.08,True,,"Strive, Inc. - Class A Common Stock",NASDAQ,0.9017789373814042
VEEA,5.84,13060265.0,69466978.0,135948.0,18.2,137.4,149.34,False,MEDIAN_DOLLAR_VOLUME,Veea Inc. - Common Stock,NASDAQ,0.9002846299810248
LITE,900.67,4029559.0,3642310644.0,3213100770.0,6.23,8.83,13.63,True,,Lumentum Holdings Inc. - Common Stock,NASDAQ,0.8995066413662239
BE,278.7,13025687.0,3136415659.0,2970139588.0,6.18,34.88,12.29,True,,Bloom Energy Corporation Class A Common Stock,NYSE,0.8992647058823531
MEDS,4.39,13601590.0,64428057.0,125338.0,27.77,207.34,274.69,False,PRICE|MEDIAN_DOLLAR_VOLUME,"DataMeds AI, Inc. - Common Stock",NASDAQ,0.8987855787476281
TWST,159.39,1637468.0,227352779.0,230770760.0,6.76,11.94,22.64,True,,Twist Bioscience Corporation - Common Stock,NASDAQ,0.895180265654649
TEAM,192.8,3511081.0,642535410.0,639145873.0,4.64,10.66,35.31,True,,Atlassian Corporation  - Class A Common Stock,NASDAQ,0.8945066413662239
ANF,139.6,2484339.0,351909675.0,220709229.0,4.78,32.39,35.67,True,,Abercrombie & Fitch Company Common Stock,NYSE,0.8907495256166983
SWKS,90.25,7173778.0,545278201.0,361173098.0,5.85,31.79,13.55,True,,"Skyworks Solutions, Inc. - Common Stock",NASDAQ,0.8873055028462998
SMTC,178.05,3497359.0,506243636.0,408170500.0,6.85,42.03,11.16,True,,Semtech Corporation - Common Stock,NASDAQ,0.8858301707779886
IOVA,10.15,14569982.0,127742851.0,102200989.0,6.33,26.97,43.09,True,,"Iovance Biotherapeutics, Inc. - Common Stock",NASDAQ,0.8830170777988616
NBIS,213.83,15071996.0,3294773545.0,2854243112.0,5.68,-4.5,34.14,True,,Nebius Group N.V. - Class A Ordinary Shares,NASDAQ,0.8828842504743832
HPE,61.16,25053300.0,1376447412.0,1197698461.0,5.52,15.11,12.44,True,,Hewlett Packard Enterprise Company Common Stock,NYSE,0.8816698292220114
RBRK,107.25,3703002.0,355906084.0,279528013.0,6.15,7.49,15.64,True,,"Rubrik, Inc. Class A Common Stock",NYSE,0.8816223908918406
SDOT,12.35,2817927.0,53012697.0,1596501.0,16.47,41.63,75.72,False,MEDIAN_DOLLAR_VOLUME,Sadot Group Inc. - Common Stock,NASDAQ,0.8807020872865274
RIOT,21.83,15269307.0,313086438.0,313093590.0,6.81,12.64,13.44,True,,"Riot Platforms, Inc. - Common Stock",NASDAQ,0.8802229601518028
ZS,195.2,3413565.0,609126759.0,458541631.0,5.18,5.74,16.52,True,,"Zscaler, Inc. - Common Stock",NASDAQ,0.8788519924098673
XPON,5.0,7209003.0,50230487.0,814990.0,16.94,33.33,80.49,False,MEDIAN_DOLLAR_VOLUME,"Expion Energy, Inc. - Common Stock",NASDAQ,0.8761290322580645
SNDK,1597.63,10308360.0,16355171128.0,14337551324.0,5.29,1.83,13.67,True,,Sandisk Corporation - Common Stock When-Issued,NASDAQ,0.8737239089184061
COHR,292.23,5770353.0,1647362268.0,1480920193.0,5.55,1.66,13.44,True,,Coherent Corp. Common Stock,NYSE,0.8725094876660342
SPCX,154.83,76912075.0,11145803884.0,9985714227.0,4.23,10.87,15.83,True,,Space Exploration Technologies Corp. - Class A Common Stock,NASDAQ,0.8717884250474384
CAPR,9.36,6346073.0,53858118.0,41410085.0,11.1,17.29,57.96,True,,"Capricor Therapeutics, Inc. - Common Stock",NASDAQ,0.8700094876660343
CRM,245.04,15895312.0,3903995809.0,2917445093.0,3.52,18.9,22.58,True,,"Salesforce, Inc. Common Stock",NYSE,0.8689705882352942
DOCN,133.32,2273709.0,270582452.0,233800921.0,6.38,14.29,12.64,True,,"DigitalOcean Holdings, Inc. Common Stock",NYSE,0.8671537001897535
CAI,31.14,5206940.0,136743928.0,128735478.0,5.85,36.83,21.58,True,,"Caris Life Sciences, Inc. - Common Stock",NASDAQ,0.8671442125237191
HUT,91.71,4654650.0,407154977.0,354859096.0,8.05,11.74,9.18,True,,Hut 8 Corp. - Common Stock,NASDAQ,0.866456356736243
COIN,172.52,10644902.0,1918803976.0,1775886007.0,5.76,7.69,10.14,True,,"Coinbase Global, Inc. - Class A Common Stock",NASDAQ,0.8661242884250474
PANW,372.38,6439954.0,2282904611.0,1943351350.0,4.94,3.51,13.09,True,,"Palo Alto Networks, Inc. - Common Stock",NASDAQ,0.8651233396584441
TENB,36.71,5747836.0,201624830.0,134019019.0,6.42,4.05,16.51,True,,"Tenable Holdings, Inc. - Common Stock",NASDAQ,0.8633870967741936
SNOW,336.54,5412286.0,1796110078.0,1311816339.0,4.26,3.55,16.55,True,,Snowflake Inc. Common Stock,NYSE,0.863235294117647
BTCT,1.25,22961710.0,37932694.0,6677829.0,20.14,48.92,82.61,False,PRICE|MEDIAN_DOLLAR_VOLUME,BTC Digital Ltd. - Ordinary Shares,NASDAQ,0.862504743833017
AXTI,66.94,7952139.0,508151505.0,463773068.0,8.14,-8.83,17.84,True,,AXT Inc - Common Stock,NASDAQ,0.8599478178368122
NET,332.08,2980118.0,895738844.0,848128256.0,5.22,13.77,10.51,True,,"Cloudflare, Inc. Class A Common Stock",NYSE,0.8588662239089185
IREN,43.27,40619345.0,1674475558.0,1540360722.0,6.39,1.0,9.86,True,,IREN Limited - Ordinary Shares,NASDAQ,0.8586764705882353
SMR,9.1,37614784.0,351730120.0,304739334.0,6.96,-1.99,15.26,True,,NuScale Power Corporation Class A Common Stock,NYSE,0.8581309297912715
AEMD,6.5,7625404.0,36242250.0,201483.0,12.83,133.82,354.55,False,MEDIAN_DOLLAR_VOLUME,"Aethlon Medical, Inc. - Common Stock",NASDAQ,0.8574762808349146
AEHL,16.11,4550728.0,32925089.0,3261598.0,22.9,184.15,83.33,False,MEDIAN_DOLLAR_VOLUME,Antelope Enterprise Holdings Limited - Class A Ordinary Shares,NASDAQ,0.856214421252372
TXG,78.41,2733810.0,181252628.0,175932957.0,5.98,26.08,14.1,True,,"10x Genomics, Inc. - Common Stock",NASDAQ,0.8558538899430741
CLSK,13.47,17490028.0,220005415.0,211967740.0,7.08,15.42,11.03,True,,"CleanSpark, Inc. - Common Stock",NASDAQ,0.855787476280835
SEI,68.11,2689180.0,157401446.0,142308034.0,5.9,16.07,16.29,True,,"Solaris Energy Infrastructure, Inc. Class A Common Stock",NYSE,0.8557590132827325
TWLO,242.52,1590603.0,368934478.0,344751380.0,3.9,9.31,24.89,True,,Twilio Inc. Class A Common Stock,NYSE,0.8557210626185959
FSLY,24.4,4795874.0,110324121.0,94667425.0,7.17,3.11,20.86,True,,"Fastly, Inc. - Class A Common Stock",NASDAQ,0.8554174573055028
EOSE,3.96,25711939.0,95926005.0,84723009.0,7.64,5.81,18.75,False,PRICE,"Eos Energy Enterprises, Inc. - Common Stock",NASDAQ,0.8553273244781784
PMI,6.73,4502387.0,32454032.0,2914968.0,26.14,104.51,86.16,False,MEDIAN_DOLLAR_VOLUME,"Picard Medical, Inc. Common Stock",NYSE American,0.855303605313093
RBLX,47.56,9808966.0,418884265.0,380255851.0,4.77,22.93,12.73,True,,Roblox Corporation Class A Common Stock,NYSE,0.8536954459203036
WULF,16.6,28779874.0,459016684.0,450384554.0,6.36,7.13,9.51,True,,TeraWulf Inc. - Common Stock,NASDAQ,0.853292220113852
PDSB,0.88,61127989.0,31615438.0,354712.0,21.99,337.71,69.4,False,PRICE|MEDIAN_DOLLAR_VOLUME,PDS Biotechnology Corporation - Common Stock,NASDAQ,0.8527039848197343
XHLD,9.39,3433068.0,32136539.0,38888234.0,15.44,22.91,252.57,True,,"TEN Holdings, Inc. - Common Stock",NASDAQ,0.8498861480075902
CLS,331.74,2036107.0,636405215.0,544631225.0,4.75,10.08,11.55,True,,"Celestica, Inc. Common Stock",NYSE,0.8492220113851991
DLXY,0.77,13235045.0,28610556.0,16000.0,20.55,90.92,451.81,False,PRICE|MEDIAN_DOLLAR_VOLUME,Delixy Holdings Limited - Class A Ordinary Shares,NASDAQ,0.8489278937381405
CYPH,3.1,15403716.0,32807625.0,27265330.0,17.72,189.25,35.12,False,PRICE,Cypherpunk Technologies Inc. - Common Stock,NASDAQ,0.8480929791271347
NCPL,0.51,44264308.0,27158206.0,3129683.0,28.97,121.31,126.56,False,PRICE|MEDIAN_DOLLAR_VOLUME,Netcapital Inc. - Common Stock,NASDAQ,0.8457495256166983
CRML,6.87,7712669.0,55471989.0,40661656.0,8.54,11.34,22.59,True,,Critical Metals Corp. - Ordinary Shares,NASDAQ,0.8445256166982922
NTSK,17.52,6179591.0,94244893.0,81867959.0,6.61,19.22,15.65,True,,"Netskope, Inc. - Class A Common Stock",NASDAQ,0.8425806451612903
SUNE,2.86,7923669.0,32633737.0,529039.0,10.66,28.6,90.3,False,PRICE|MEDIAN_DOLLAR_VOLUME,"SUNation Energy, Inc. - Common Stock",NASDAQ,0.8425332068311195
FPS,37.19,8225414.0,263441446.0,166958161.0,5.75,7.94,11.1,True,,"Forgent Power Solutions, Inc. Class A Common Stock",NYSE,0.8419022770398482
ESTC,88.18,2899754.0,261295042.0,188482127.0,4.65,0.96,19.31,True,,Elastic N.V. Ordinary Shares,NYSE,0.839933586337761
CELU,1.29,12262552.0,25139923.0,260460.0,19.89,65.81,138.64,False,PRICE|MEDIAN_DOLLAR_VOLUME,Celularity Inc. - Class A Common Stock,NASDAQ,0.8399146110056926
IOT,40.22,7614834.0,304083341.0,226136573.0,5.46,2.61,11.8,True,,Samsara Inc. Class A Common Stock,NYSE,0.8374810246679316
SMMT,17.52,6187778.0,96771442.0,82940645.0,5.57,33.62,17.33,True,,Summit Therapeutics Inc.  - Common Stock,NASDAQ,0.8372201138519925
BTDR,11.49,11459998.0,128967021.0,119845350.0,7.27,19.31,10.89,True,,Bitdeer Technologies Group - Ordinary Shares,NASDAQ,0.8372201138519924
MRVL,240.67,22179113.0,5059686409.0,4667960681.0,4.88,1.43,9.85,True,,"Marvell Technology, Inc. - Common Stock",NASDAQ,0.8363140417457305
SITM,595.52,357805.0,208707854.0,190263982.0,5.47,-3.75,26.58,False,SHARE_VOLUME,SiTime Corporation - Common Stock,NASDAQ,0.8344592030360531
ALAB,289.87,3306737.0,940223859.0,811629815.0,5.47,0.29,9.75,True,,"Astera Labs, Inc. - Common Stock",NASDAQ,0.8340322580645161
S,23.07,8806644.0,187825666.0,136737612.0,5.05,8.21,14.48,True,,"SentinelOne, Inc. Class A Common Stock",NYSE,0.8340132827324478
DDOG,236.82,3485056.0,784893415.0,713802271.0,4.6,1.42,11.48,True,,"Datadog, Inc. - Class A Common Stock",NASDAQ,0.8334060721062619
HTFL,50.14,1855239.0,90579912.0,87423832.0,4.88,10.13,35.7,True,,"Heartflow, Inc. - Common Stock",NASDAQ,0.8333301707779887
VICR,218.14,684190.0,131249370.0,119600721.0,5.87,0.36,18.61,False,SHARE_VOLUME,Vicor Corporation - Common Stock,NASDAQ,0.8323719165085389
NTRA,362.76,1122765.0,374055633.0,352809150.0,3.28,11.59,21.37,True,,"Natera, Inc. - Common Stock",NASDAQ,0.8322011385199242
DK,81.3,1919607.0,140805853.0,140677038.0,5.97,22.57,11.6,True,,"Delek US Holdings, Inc. Common Stock",NYSE,0.8318168880455409
INTC,110.34,91155974.0,8744898487.0,8356311421.0,4.18,18.9,9.19,True,,Intel Corporation - Common Stock,NASDAQ,0.83176944971537
ACVA,10.47,11710809.0,112322378.0,23659213.0,4.06,40.16,44.18,False,MEDIAN_DOLLAR_VOLUME,ACV Auctions Inc. Class A Common Stock,NYSE,0.8311100569259963
CBRS,195.24,5952851.0,1138686320.0,1013535881.0,5.67,-9.48,15.07,True,,Cerebras Systems Inc. - Class A Common Stock,NASDAQ,0.8307447817836812
OKLO,40.06,10238491.0,409936647.0,331390550.0,6.15,-6.72,14.77,True,,Oklo Inc. Class A common stock,NYSE,0.8307020872865275
WDAY,198.04,3442443.0,674682800.0,587794264.0,3.9,-0.19,17.78,True,,"Workday, Inc. - Class A Common Stock",NASDAQ,0.830303605313093
RDDT,151.71,4267848.0,657591857.0,615922511.0,4.67,0.0,12.63,True,,"Reddit, Inc. Class A Common Stock",NYSE,0.8298434535104364
FRVO,16.45,6954172.0,121372461.0,67936415.0,8.26,-7.74,28.41,True,,Fervo Energy Company - Class A common stock,NASDAQ,0.8296774193548387
ROIV,39.69,8826440.0,331788978.0,237208371.0,3.6,6.12,18.75,True,,Roivant Sciences Ltd. - Common Shares,NASDAQ,0.8292172675521822
CRWV,80.02,22226795.0,1938486312.0,1586883468.0,5.0,-11.94,19.28,True,,"CoreWeave, Inc. - Class A Common Stock",NASDAQ,0.8288519924098673
CHPT,9.94,3882018.0,34991737.0,7282242.0,7.35,70.29,74.95,False,MEDIAN_DOLLAR_VOLUME,"ChargePoint Holdings, Inc. Common Stock",NYSE,0.8285578747628084
FROG,93.58,1878746.0,174820503.0,164009314.0,5.98,2.6,12.1,True,,JFrog Ltd. - Ordinary shares,NASDAQ,0.8277941176470589
WIX,80.62,1326015.0,109271229.0,91324256.0,5.72,3.51,16.45,True,,Wix.com Ltd. - Ordinary Shares,NASDAQ,0.8251707779886148
ASTS,63.5,9093490.0,561621374.0,500322839.0,5.66,-4.41,11.83,True,,"AST SpaceMobile, Inc. - Class A Common Stock",NASDAQ,0.8242694497153702
HPQ,34.29,16426026.0,515708879.0,469405826.0,4.95,15.64,8.4,True,,HP Inc. Common Stock,NYSE,0.8240464895635673
INFQ,13.91,8057653.0,106799813.0,95556587.0,6.26,11.32,12.51,True,,"Infleqtion, Inc. Common Stock",NYSE,0.8239184060721063
MXL,75.49,2203767.0,144460206.0,138539866.0,6.09,13.63,10.68,True,,"MaxLinear, Inc - Common Stock",NASDAQ,0.8236669829222012
FTNT,172.85,4166446.0,675589016.0,592681358.0,4.22,13.08,9.67,True,,"Fortinet, Inc. - Common Stock",NASDAQ,0.8235910815939279
NOW,139.04,15359939.0,2116587833.0,1889175754.0,3.89,9.31,10.04,True,,"ServiceNow, Inc. Common Stock",NYSE,0.8234345351043644
BNC,5.43,4824220.0,24432506.0,2282902.0,10.16,104.91,50.43,False,MEDIAN_DOLLAR_VOLUME,CEA Industries Inc. - Common Stock,NASDAQ,0.8231878557874763
IONQ,40.62,18485750.0,730382129.0,644480603.0,5.81,-6.32,11.86,True,,"IonQ, Inc. Common Stock",NYSE,0.8227134724857684
CNH,13.72,25765703.0,328167070.0,251748971.0,4.82,33.33,9.2,True,,CNH Industrial N.V. Common Shares,NYSE,0.8217599620493359
CRE,2.92,3376603.0,22770763.0,68007.0,11.6,13.18,164.98,False,PRICE|MEDIAN_DOLLAR_VOLUME,Cre8 Enterprise Limited - Class A Ordinary Shares,NASDAQ,0.8206451612903227
ABCL,12.79,4699479.0,54384368.0,51630237.0,5.87,6.49,34.78,True,,AbCellera Biologics Inc. - Common Shares,NASDAQ,0.8204648956356737
BTBT,1.53,31984381.0,49778639.0,42362158.0,8.02,9.29,17.27,False,PRICE,"Bit Digital, Inc. - Ordinary Share",NASDAQ,0.8192741935483872
IRD,5.28,4786930.0,25985647.0,7994972.0,9.75,29.61,32.03,False,MEDIAN_DOLLAR_VOLUME,"Opus Genetics, Inc. - Common Stock",NASDAQ,0.8185104364326375
ILMN,244.68,2063887.0,450328786.0,424803813.0,4.54,19.36,8.87,True,,"Illumina, Inc. - Common Stock",NASDAQ,0.8179981024667933
SEDG,36.21,3218076.0,109595377.0,84279877.0,6.66,11.07,10.71,True,,"SolarEdge Technologies, Inc. - Common Stock",NASDAQ,0.8174383301707779
AAOI,98.16,6929238.0,750654612.0,626223545.0,6.0,-19.67,15.53,True,,"Applied Optoelectronics, Inc. - Common Stock",NASDAQ,0.8153795066413662
CDE,20.15,32927076.0,685234769.0,734344333.0,4.57,-3.74,13.07,True,,"Coeur Mining, Inc. Common Stock",NYSE,0.8136954459203037
SIG,102.07,1078281.0,99530915.0,67326133.0,4.04,19.74,23.96,True,,Signet Jewelers Limited Common Shares,NYSE,0.8136100569259963
GIPR,0.39,25337560.0,16053801.0,285750.0,20.34,28.88,151.0,False,PRICE|AVG_DOLLAR_VOLUME|MEDIAN_DOLLAR_VOLUME,Generation Income Properties Inc. - Common stock,NASDAQ,0.8124098671726756
SBET,8.48,9234115.0,77692100.0,66497760.0,6.27,19.7,12.56,True,,"Sharplink, Inc. - Common Stock",NASDAQ,0.8124051233396584
SAIL,19.85,4229369.0,80392720.0,66245340.0,6.07,3.44,15.31,True,,"SailPoint, Inc. - Common Stock",NASDAQ,0.8119307400379507
HNGE,94.91,1869621.0,169769618.0,162011133.0,4.94,7.29,11.55,True,,"Hinge Health, Inc. Class A Common Stock",NYSE,0.8116129032258065
GLXY,22.75,5241749.0,127427475.0,113296374.0,6.59,3.88,10.14,True,,Galaxy Digital Inc. - Class A common stock,NASDAQ,0.8111053130929791
PLTR,175.7,27792521.0,4900753621.0,4767521014.0,3.98,0.29,10.32,True,,Palantir Technologies Inc. - Class A Common Stock,NASDAQ,0.810483870967742
ELMT,23.4,1176549.0,24072357.0,4324236.0,8.68,36.1,32.8,False,MEDIAN_DOLLAR_VOLUME,The Elmet Group Co. - Common Stock,NASDAQ,0.8095445920303606
VEEV,264.89,1697530.0,457997886.0,357899956.0,3.15,5.53,15.2,True,,Veeva Systems Inc. Class A Common Stock,NYSE,0.809506641366224
ODD,19.2,1677009.0,27126793.0,12198985.0,8.2,46.6,26.53,False,MEDIAN_DOLLAR_VOLUME,ODDITY Tech Ltd. - Class A Ordinary Shares,NASDAQ,0.8093074003795067
CIEN,350.93,2399745.0,833949535.0,702890197.0,5.97,-12.15,11.49,True,,Ciena Corporation Common Stock,NYSE,0.8077039848197343
GTLB,49.74,5591164.0,263500461.0,175219058.0,4.35,16.76,9.98,True,,GitLab Inc. - Class A Common Stock,NASDAQ,0.8076992409867173
TNON,4.21,14018543.0,75647796.0,2736084.0,22.76,-63.1,117.21,False,PRICE|MEDIAN_DOLLAR_VOLUME,"Tenon Medical, Inc. - Common Stock",NASDAQ,0.8068975332068312
NUAI,5.76,5864080.0,32157384.0,27377836.0,8.31,6.76,22.0,True,,"New Era Energy & Digital, Inc. - Common Stock",NASDAQ,0.8043595825426946
FCEL,17.95,7141019.0,120680350.0,101388407.0,7.91,-11.58,18.8,True,,"FuelCell Energy, Inc. - Common Stock",NASDAQ,0.8033254269449716
HL,18.99,30118488.0,603478870.0,593378422.0,4.58,-7.53,14.43,True,,Hecla Mining Company Common Stock,NYSE,0.8030834914611006
GNRC,206.25,1259667.0,243174492.0,154483759.0,4.14,-2.16,17.78,True,,Generac Holdlings Inc. Common Stock,NYSE,0.8029032258064516
SOAR,0.18,65314501.0,15172942.0,2478955.0,14.41,25.31,55.77,False,PRICE|AVG_DOLLAR_VOLUME|MEDIAN_DOLLAR_VOLUME,"Volato Group, Inc. Class A Common Stock",NYSE American,0.8021726755218217
QMCO,25.61,985341.0,22939420.0,20851402.0,7.7,17.53,64.69,False,SHARE_VOLUME|MEDIAN_DOLLAR_VOLUME,Quantum Corporation - Common Stock,NASDAQ,0.8016508538899431
KEEL,3.67,33591554.0,114241435.0,106397543.0,7.35,12.92,8.0,False,PRICE,Keel Infrastructure Corp. - Common Stock,NASDAQ,0.801157495256167
TJGC,10.95,1945225.0,18021610.0,17245817.0,10.45,150.09,30.9,False,AVG_DOLLAR_VOLUME|MEDIAN_DOLLAR_VOLUME,TJGC Group Limited - Class A Ordinary Shares,NASDAQ,0.8007779886148009
BTG,5.39,29096551.0,160326515.0,142669348.0,3.51,2.55,22.98,True,,B2Gold Corp Common shares (Canada),NYSE American,0.800360531309298
ARCT,17.44,1321022.0,19685172.0,16551688.0,10.17,69.65,25.21,False,AVG_DOLLAR_VOLUME|MEDIAN_DOLLAR_VOLUME,Arcturus Therapeutics Holdings Inc. - Common Stock,NASDAQ,0.800118595825427
RFAI,42.0,220777.0,11647489.0,1389169.0,26.29,275.17,355.62,False,SHARE_VOLUME|AVG_DOLLAR_VOLUME|MEDIAN_DOLLAR_VOLUME,RF Acquisition Corp II - Ordinary Shares,NASDAQ,0.798595825426945
INBX,104.52,368226.0,42197282.0,34603761.0,7.81,3.0,16.94,False,SHARE_VOLUME,"Inhibrx Biosciences, Inc. - Common Stock",NASDAQ,0.7983206831119545
YFOR,1.77,7774259.0,13947175.0,749676.0,12.0,32.1,84.35,False,PRICE|AVG_DOLLAR_VOLUME|MEDIAN_DOLLAR_VOLUME,YYForce Inc. - Class A Ordinary Shares,NASDAQ,0.7975521821631879
AEHR,89.93,2693255.0,237005677.0,195859564.0,7.58,-16.7,13.1,True,,Aehr Test Systems - Common Stock,NASDAQ,0.7966603415559772
PBF,77.51,3219038.0,237000790.0,203820714.0,5.91,4.87,7.42,True,,PBF Energy Inc. Class A Common Stock,NYSE,0.7966318785578748
QNT,55.41,1376095.0,69935071.0,64129340.0,5.33,-1.05,27.97,True,,Quantinuum Inc. - Class A Common Stock,NASDAQ,0.7956546489563567
HUBS,229.79,1191922.0,289076602.0,289598292.0,4.62,-4.91,14.46,True,,"HubSpot, Inc. Common Stock",NYSE,0.7952419354838711
FIGR,33.69,4059908.0,148070361.0,147440832.0,7.13,-8.59,13.76,True,,"Figure Technology Solutions, Inc. - Class A Common Stock",NASDAQ,0.7950806451612904
MTSI,261.28,1177798.0,310795395.0,286580428.0,4.16,-3.22,14.49,True,,"MACOM Technology Solutions Holdings, Inc. - Common Stock",NASDAQ,0.7941081593927892
FIG,23.43,14147348.0,363477447.0,329050623.0,5.53,-12.54,13.28,True,,"Figma, Inc. Class A Common Stock",NYSE,0.7930502846299811
SWVL,4.52,4561299.0,11614471.0,2706569.0,20.32,214.98,50.34,False,PRICE|AVG_DOLLAR_VOLUME|MEDIAN_DOLLAR_VOLUME,Swvl Holdings Corp - Ordinary Shares,NASDAQ,0.7928273244781783
HIMS,28.01,10028628.0,297029628.0,243538698.0,5.43,-9.91,13.51,True,,"Hims & Hers Health, Inc. Class A Common Stock",NYSE,0.7922628083491461
INSM,123.0,1857321.0,231043896.0,224008212.0,3.81,-5.86,33.86,True,,Insmed Incorporated - Common Stock,NASDAQ,0.7915370018975332
CHYM,31.43,6991059.0,230829750.0,205313640.0,4.05,-4.96,20.56,True,,"Chime Financial, Inc. - Class A Common Stock",NASDAQ,0.7913519924098671
HIVE,3.12,17006593.0,50840305.0,35990707.0,6.23,10.82,14.13,False,PRICE,HIVE Digital Technologies Ltd - Common Shares,NASDAQ,0.7913045540796964
RGTI,16.08,16345379.0,258256766.0,225490531.0,5.42,-5.44,11.48,True,,"Rigetti Computing, Inc.  - Common stock",NASDAQ,0.7910341555977229
HOWL,0.97,20486507.0,16593164.0,1224731.0,7.95,135.97,102.78,False,PRICE|AVG_DOLLAR_VOLUME|MEDIAN_DOLLAR_VOLUME,"Werewolf Therapeutics, Inc. - Common Stock",NASDAQ,0.7909487666034156
TSEM,219.27,1306864.0,274912713.0,254526246.0,4.52,-3.17,12.37,True,,Tower Semiconductor Ltd. - Ordinary Shares,NASDAQ,0.7887286527514231
DOCU,70.65,3424858.0,225109669.0,204876584.0,3.89,13.75,10.31,True,,"DocuSign, Inc. - Common Stock",NASDAQ,0.7885531309297913
PAYC,228.29,670039.0,153250149.0,147917027.0,3.15,2.93,23.55,False,SHARE_VOLUME,"Paycom Software, Inc. Common Stock",NYSE,0.7877419354838711
P,102.24,3088347.0,307207058.0,271288588.0,5.45,-8.71,11.64,True,,"Everpure, Inc. Class A common stock",NYSE,0.7874525616698292
SDGR,28.48,1403458.0,31439989.0,17970777.0,6.2,43.45,18.99,False,MEDIAN_DOLLAR_VOLUME,"Schrodinger, Inc. - Common Stock",NASDAQ,0.7871631878557874
BLSH,35.38,1583371.0,53009381.0,50180509.0,6.25,31.41,11.57,True,,Bullish Ordinary Shares,NYSE,0.7870351043643264
NTAP,197.29,2359271.0,443253005.0,412722918.0,4.23,1.44,8.54,True,,"NetApp, Inc. - Common Stock",NASDAQ,0.7870018975332068
SNPS,380.27,1940513.0,790835089.0,689957202.0,3.73,-5.23,13.39,True,,"Synopsys, Inc. - Common Stock",NASDAQ,0.7866034155597723
SHAZ,56.36,1497967.0,83717581.0,76587732.0,8.06,-13.89,21.0,True,,"SharonAI Holdings, Inc. - Class A Common Stock",NASDAQ,0.7864326375711574
AVAV,165.09,2239031.0,333709886.0,221895060.0,5.55,-4.43,9.12,True,,"AeroVironment, Inc. - Common Stock",NASDAQ,0.7858064516129032
DAVE,359.18,316624.0,115162371.0,116343092.0,5.62,4.1,9.46,False,SHARE_VOLUME,Dave Inc.  - Class A Common Stock,NASDAQ,0.7856925996204933
LUCY,0.89,10891672.0,12078295.0,231624.0,11.01,30.54,63.74,False,PRICE|AVG_DOLLAR_VOLUME|MEDIAN_DOLLAR_VOLUME,"Innovative Eyewear, Inc. - Common Stock",NASDAQ,0.7854364326375711
GCDT,0.4,21875844.0,19407000.0,130063.0,16.89,-1.06,143.32,False,PRICE|AVG_DOLLAR_VOLUME|MEDIAN_DOLLAR_VOLUME,Green Circle Decarbonize Technology Limited Class A Ordinary Shares,NYSE American,0.7851897533206832
SRPT,20.6,3013082.0,63421794.0,54193641.0,6.66,4.43,10.95,True,,"Sarepta Therapeutics, Inc. - Common Stock",NASDAQ,0.7850237191650854
RUM,8.76,5536468.0,47520740.0,33565328.0,7.87,5.23,11.58,True,,RUM Group Inc. - Class A Common Stock,NASDAQ,0.7841888045540797
FEIM,85.36,323659.0,23808380.0,14207980.0,5.9,27.84,42.41,False,SHARE_VOLUME|MEDIAN_DOLLAR_VOLUME,"Frequency Electronics, Inc. - Common Stock",NASDAQ,0.7822960151802657
RETO,0.2,32260500.0,48674495.0,271354.0,90.95,-86.95,675.62,False,PRICE|MEDIAN_DOLLAR_VOLUME,"ReTo Eco-Solutions, Inc. - Class A Shares",NASDAQ,0.7821726755218216
APLD,26.57,14908874.0,390899102.0,376137482.0,5.53,-5.88,8.94,True,,Applied Digital Corporation - Common Stock,NASDAQ,0.7814373814041745
GH,181.42,1728062.0,287055282.0,290294114.0,4.84,11.07,6.92,True,,"Guardant Health, Inc. - Common Stock",NASDAQ,0.781086337760911
BHVN,13.37,3699621.0,54726916.0,40522589.0,8.17,-5.45,17.87,True,,Biohaven Ltd. Common Shares ,NYSE,0.7808918406072106
AUGO,88.42,1021803.0,87844265.0,79717210.0,4.71,4.02,12.95,True,,Aura Minerals Inc. - Common Shares,NASDAQ,0.7807637571157495
ASO,50.37,2339391.0,111390044.0,83922965.0,3.94,6.16,14.4,True,,"Academy Sports and Outdoors, Inc. - Common Stock",NASDAQ,0.7802656546489565
SNAP,5.73,35773772.0,198661858.0,181786234.0,5.43,9.3,7.05,True,,Snap Inc. Class A Common Stock,NYSE,0.7800901328273244
VERA,33.93,2529935.0,86232042.0,65380393.0,5.88,5.13,9.48,True,,"Vera Therapeutics, Inc. - Class A Common Stock",NASDAQ,0.7795872865275142
SLS,11.56,7581793.0,102106774.0,86416904.0,8.47,-16.53,15.37,True,,"SELLAS Life Sciences Group, Inc.  - Common Stock",NASDAQ,0.7794307400379507
AUR,6.55,29184760.0,178371783.0,164089474.0,4.98,5.81,8.03,True,,"Aurora Innovation, Inc.  - Class A Common Stock",NASDAQ,0.779141366223909
PATH,13.86,61793916.0,987406222.0,978972763.0,5.3,-12.14,9.37,True,,"UiPath, Inc. Class A Common Stock",NYSE,0.7791176470588236
USAR,15.77,13074250.0,228263453.0,229693114.0,5.92,-12.85,12.57,True,,"USA Rare Earth, Inc. - Common Stock",NASDAQ,0.7790417457305503
SOLS,59.03,3135357.0,190061296.0,130482795.0,3.6,3.08,12.76,True,,Solstice Advanced Materials Inc. - Common Stock,NASDAQ,0.7790370018975332
QLYS,178.91,679285.0,118999937.0,99275962.0,5.15,-4.16,15.06,False,SHARE_VOLUME,"Qualys, Inc. - Common Stock",NASDAQ,0.7788330170777988
CDW,149.47,1607030.0,234226721.0,245272680.0,4.48,9.46,7.85,True,,CDW Corporation - Common Stock,NASDAQ,0.778600569259962
GAP,20.83,8801678.0,189592437.0,145810322.0,3.51,3.61,12.94,True,,"Gap, Inc. (The) Common Stock",NYSE,0.77780834914611
NVAX,10.27,5528703.0,52783740.0,51340618.0,6.28,16.84,10.84,True,,"Novavax, Inc. - Common Stock",NASDAQ,0.7776992409867173
UMAC,23.7,3079298.0,75132091.0,64112673.0,7.3,-16.25,25.04,True,,"Unusual Machines, Inc. Common Stock",NYSE American,0.7776185958254269
FIVN,33.79,1635535.0,53809678.0,52037077.0,4.72,3.21,19.81,True,,"Five9, Inc. - Common Stock",NASDAQ,0.7767267552182163
WPM,151.82,2033345.0,313506453.0,301784116.0,3.24,3.11,11.1,True,,Wheaton Precious Metals Corp Common Shares (Canada),NYSE,0.7750711574952561
MRVI,7.41,4309921.0,33995679.0,21904605.0,5.63,2.7,25.78,False,MEDIAN_DOLLAR_VOLUME,"Maravai LifeSciences Holdings, Inc. - Class A common stock",NASDAQ,0.7747865275142315
MMA,0.43,18824969.0,10527392.0,389101.0,12.21,14.05,48.95,False,PRICE|AVG_DOLLAR_VOLUME|MEDIAN_DOLLAR_VOLUME,Mixed Martial Arts Group Limited Ordinary Shares,NYSE American,0.774573055028463
CLMT,58.98,1183056.0,62549740.0,61646262.0,4.28,19.9,15.17,True,,"Calumet, Inc - Common Stock",NASDAQ,0.7744022770398482
TTMI,114.87,1916878.0,225597791.0,202670684.0,5.09,-1.3,8.85,True,,"TTM Technologies, Inc. - Common Stock",NASDAQ,0.7730218216318786
ORBS,0.89,13983845.0,12618864.0,11250319.0,9.76,20.3,26.11,False,PRICE|AVG_DOLLAR_VOLUME|MEDIAN_DOLLAR_VOLUME,Eightco Holdings Inc. - Common Stock,NASDAQ,0.772741935483871
RDIB,16.35,507895.0,7905593.0,609588.0,18.72,75.05,61.89,False,SHARE_VOLUME|AVG_DOLLAR_VOLUME|MEDIAN_DOLLAR_VOLUME,Reading International Inc - Class B Voting Common Stock,NASDAQ,0.7726755218216319
ALNY,242.19,1615638.0,399389070.0,392008399.0,4.12,-0.17,8.65,True,,"Alnylam Pharmaceuticals, Inc. - Common Stock",NASDAQ,0.7717836812144213
MRX,73.6,733321.0,53883492.0,48255681.0,4.43,5.09,18.69,False,SHARE_VOLUME,Marex Group Limited - Ordinary Shares,NASDAQ,0.7716603415559773
STX,798.87,3260940.0,2711223475.0,2601851980.0,4.88,-4.05,7.03,True,,Seagate Technology Holdings PLC - Ordinary Shares (Ireland),NASDAQ,0.7715037950664136
DTSS,1.13,7624247.0,7830820.0,8801.0,14.72,55.27,92.05,False,PRICE|AVG_DOLLAR_VOLUME|MEDIAN_DOLLAR_VOLUME,Datasea Intelligent Technology Ltd. - Class A Ordinary Shares,NASDAQ,0.7714421252371917
VG,14.49,13358990.0,197563601.0,186308369.0,4.01,5.39,9.25,True,,"Venture Global, Inc. Class A common stock",NYSE,0.7708538899430741
BBNX,21.34,1330547.0,26495028.0,16470441.0,7.7,6.65,15.34,False,MEDIAN_DOLLAR_VOLUME,"Beta Bionics, Inc. - Common Stock",NASDAQ,0.7707115749525618
MGN,3.78,1338718.0,7273220.0,416443.0,32.43,24.79,174.7,False,PRICE|AVG_DOLLAR_VOLUME|MEDIAN_DOLLAR_VOLUME,Megan Holdings Limited - Class A Ordinary Shares,NASDAQ,0.7706736242884251
XE,16.45,6598242.0,114071398.0,99679109.0,8.31,-17.13,12.9,True,,"X-Energy, Inc. - Class A Common Stock",NASDAQ,0.7706309297912713
ABTC,9.05,1889365.0,15767342.0,13805165.0,9.66,14.56,18.68,False,AVG_DOLLAR_VOLUME|MEDIAN_DOLLAR_VOLUME,American Bitcoin Corp. - Class A Common Stock,NASDAQ,0.7704933586337762
EL,94.09,3229801.0,326078476.0,306344985.0,3.2,-3.67,16.3,True,,"Estee Lauder Companies, Inc. (The) Common Stock",NYSE,0.7702039848197344
RDW,11.52,10790593.0,118502532.0,113465326.0,5.36,-7.1,14.88,True,,Redwire Corporation Common Stock,NYSE,0.7698007590132827
AMD,545.69,17790301.0,8710863043.0,7948841462.0,3.41,17.0,6.5,True,,"Advanced Micro Devices, Inc. - Common Stock",NASDAQ,0.7695493358633776
FCX,71.01,14394284.0,1075140001.0,994848459.0,3.48,2.78,7.64,True,,"Freeport-McMoRan, Inc. Common Stock",NYSE,0.7689943074003794
AMLX,33.47,2292326.0,82670605.0,61098190.0,5.22,-13.29,63.84,True,,"Amylyx Pharmaceuticals, Inc. - Common Stock",NASDAQ,0.7686812144212524
ORCL,149.65,28654722.0,4293626316.0,3731156521.0,4.14,4.06,5.69,True,,Oracle Corporation Common Stock,NYSE,0.7685531309297913
AEM,202.01,2812358.0,581373917.0,477423504.0,3.35,-2.54,11.12,True,,Agnico Eagle Mines Limited Common Stock,NYSE,0.7679127134724858
RVTY,148.71,1899799.0,248188849.0,228587668.0,3.36,24.5,9.11,True,,"Revvity, Inc. Common Stock",NYSE,0.7675284629981026
FRMI,4.88,14786578.0,77772471.0,72903545.0,6.52,-15.28,21.09,False,PRICE,Fermi Inc. - Common Stock,NASDAQ,0.7663757115749527
MU,977.0,23993156.0,22998691606.0,22401217994.0,3.82,4.26,6.1,True,,"Micron Technology, Inc. - Common Stock",NASDAQ,0.7663425047438329
CLF,13.06,12762931.0,149907707.0,139624483.0,4.69,16.97,7.63,True,,Cleveland-Cliffs Inc. Common Stock,NYSE,0.7662381404174573
MPC,422.94,2418011.0,927291739.0,869115393.0,3.11,17.24,7.42,True,,Marathon Petroleum Corporation Common Stock,NYSE,0.7661195445920304
BULL,7.68,18679837.0,168244383.0,133783055.0,6.18,-11.17,11.11,True,,Webull Corporation - Class A Ordinary Shares,NASDAQ,0.7657163187855788
FAMI,0.13,61300884.0,8684590.0,803199.0,25.22,27.0,25.0,False,PRICE|AVG_DOLLAR_VOLUME|MEDIAN_DOLLAR_VOLUME,"Farmmi, Inc. - Class A Ordinary Shares",NASDAQ,0.7654601518026566
CVI,54.28,1126304.0,50346473.0,48478614.0,5.69,47.9,10.27,True,,CVR Energy Inc. Common Stock,NYSE,0.7646062618595826
TTD,14.34,16938779.0,238245031.0,221931184.0,4.03,5.87,7.93,True,,"The Trade Desk, Inc. - Class A Common Stock",NASDAQ,0.7645066413662238
NUTX,216.96,149491.0,29408184.0,28349612.0,5.09,13.82,21.87,False,SHARE_VOLUME,Nutex Health Inc. - Common Stock,NASDAQ,0.764444971537002
PARR,86.27,821897.0,65950899.0,65519106.0,5.7,11.85,9.08,False,SHARE_VOLUME,"Par Pacific Holdings, Inc.  Common Stock",NYSE,0.7643975332068311
AVAH,14.14,3380029.0,46240780.0,40993374.0,4.06,7.43,24.75,True,,Aveanna Healthcare Holdings Inc. - Common Stock,NASDAQ,0.7642409867172676
QRVO,118.56,1194225.0,126345081.0,92952162.0,3.99,22.47,9.34,True,,"Qorvo, Inc. - Common Stock",NASDAQ,0.763904174573055
RKLB,67.72,16667333.0,1085999614.0,1025061766.0,4.39,-10.71,9.46,True,,Rocket Lab Corporation - Common Stock,NASDAQ,0.7636053130929792
PAAI,3.34,2633742.0,6447895.0,160210.0,17.21,215.08,271.1,False,PRICE|AVG_DOLLAR_VOLUME|MEDIAN_DOLLAR_VOLUME,"Paradium.AI, Inc. Common Stock",NYSE American,0.7634250474383302
AG,19.54,9284109.0,190012497.0,183881515.0,4.51,-6.28,12.82,True,,First Majestic Silver Corp. Ordinary Shares (Canada),NYSE,0.7633728652751424
RXRX,3.53,15382220.0,52344023.0,47279073.0,5.69,0.71,13.27,False,PRICE,"Recursion Pharmaceuticals, Inc. - Class A Common Stock",NASDAQ,0.7632685009487666
CRDO,165.97,7670786.0,1362528807.0,996170222.0,5.55,-29.32,8.82,True,,Credo Technology Group Holding Ltd - Ordinary Shares,NASDAQ,0.7632542694497153
WOLF,23.91,2819486.0,73645515.0,61823954.0,7.17,-17.81,19.14,True,,"Wolfspeed, Inc. Common Stock New",NYSE,0.7632068311195447
BRKR,63.85,2106204.0,120886070.0,110905618.0,4.49,8.87,8.83,True,,Bruker Corporation - Common Stock,NASDAQ,0.7631024667931688
BIVI,1.77,4051615.0,7750304.0,1063572.0,13.13,32.09,39.0,False,PRICE|AVG_DOLLAR_VOLUME|MEDIAN_DOLLAR_VOLUME,BioVie Inc. - Common stock,NASDAQ,0.7629981024667932
WDC,424.3,5602551.0,2513585504.0,2454923728.0,4.99,-8.15,7.31,True,,Western Digital Corporation - Common Stock,NASDAQ,0.7627703984819735
U,42.28,8496582.0,368602785.0,360424662.0,3.73,-10.25,15.05,True,,Unity Software Inc. Common Stock,NYSE,0.7626328273244782
NU,13.95,67777203.0,998411680.0,1000355731.0,3.68,-4.48,9.33,True,,Nu Holdings Ltd. Class A Ordinary Shares,NYSE,0.7622343453510436
STDN,12.74,827175.0,11760855.0,8829103.0,9.03,6.44,35.66,False,SHARE_VOLUME|AVG_DOLLAR_VOLUME|MEDIAN_DOLLAR_VOLUME,"Standard Nuclear, Inc. Class A Common Stock",NYSE,0.7618121442125236
RXT,3.94,7113187.0,23348258.0,19300158.0,8.06,15.2,13.22,False,PRICE|MEDIAN_DOLLAR_VOLUME,"Rackspace Technology, Inc. - Common Stock",NASDAQ,0.7613425047438329
DOCS,26.05,2388458.0,61330149.0,63372956.0,3.63,1.15,32.62,True,,"Doximity, Inc. Class A Common Stock",NYSE,0.7609487666034156
SPWR,0.35,18938438.0,7241914.0,996054.0,12.03,41.04,58.27,False,PRICE|AVG_DOLLAR_VOLUME|MEDIAN_DOLLAR_VOLUME,SunPower Inc. - Common Stock,NASDAQ,0.7608349146110058
GRAL,80.37,737067.0,57696626.0,50380965.0,5.75,8.67,9.59,False,SHARE_VOLUME,"GRAIL, Inc. - Common Stock",NASDAQ,0.7606878557874763
ZETA,30.55,6359811.0,193901792.0,159387817.0,4.48,6.11,7.36,True,,Zeta Global Holdings Corp. Class A Common Stock,NYSE,0.7601755218216318
WETO,1.89,6714852.0,33162584.0,10306529.0,37.04,-90.87,199.15,False,PRICE|MEDIAN_DOLLAR_VOLUME,Wetour Robotics Limited - Ordinary Shares,NASDAQ,0.7596963946869072
FLR,54.16,2153205.0,116816462.0,111610124.0,3.45,0.18,16.92,True,,Fluor Corporation Common Stock,NYSE,0.7595256166982922
VRNS,47.63,1865803.0,84444577.0,71232177.0,4.25,12.65,10.41,True,,"Varonis Systems, Inc. - Common Stock",NASDAQ,0.7595256166982922
TE,4.34,19089820.0,87001093.0,78760002.0,6.89,-4.51,10.0,False,PRICE,T1 Energy Inc. Common Stock,NYSE,0.7594639468690704
GLW,147.74,8617188.0,1300959358.0,1227124936.0,4.01,-2.91,7.56,True,,Corning Incorporated Common Stock,NYSE,0.7593121442125237
MNDY,90.39,1150848.0,106334802.0,104698555.0,4.97,-0.68,10.67,True,,monday.com Ltd. - Ordinary Shares,NASDAQ,0.7589611005692599
RPD,12.33,1849396.0,22086649.0,19003836.0,6.77,1.02,24.05,False,MEDIAN_DOLLAR_VOLUME,"Rapid7, Inc. - Common Stock",NASDAQ,0.758842504743833
GENB,17.0,1625160.0,27123211.0,18279786.0,8.61,0.18,15.01,False,MEDIAN_DOLLAR_VOLUME,"Generate Biomedicines, Inc. - Common Stock",NASDAQ,0.7577277039848197
PLSE,50.13,622989.0,32235511.0,27424333.0,7.73,6.62,10.9,False,SHARE_VOLUME,"Pulse Biosciences, Inc - Common Stock",NASDAQ,0.7572343453510436
TNMG,2.87,10286258.0,5941903.0,198919.0,13.58,653.28,684.9,False,PRICE|AVG_DOLLAR_VOLUME|MEDIAN_DOLLAR_VOLUME,TNL Mediagene - Ordinary Shares,NASDAQ,0.7572011385199241
CELH,28.34,7492987.0,231824689.0,238483559.0,3.97,-12.14,16.83,True,,"Celsius Holdings, Inc. - Common Stock",NASDAQ,0.757073055028463
MDB,393.49,1945956.0,766216880.0,629234107.0,4.76,-10.68,8.49,True,,"MongoDB, Inc. - Class A Common Stock",NASDAQ,0.7570351043643264
AMR,186.24,348056.0,74401874.0,74706140.0,5.26,-4.21,14.74,False,SHARE_VOLUME,"Alpha Metallurgical Resources, Inc. Common Stock",NYSE,0.7568833017077798
QBTS,17.78,15708577.0,275949618.0,220137894.0,4.94,-7.95,9.31,True,,D-Wave Quantum Inc. - Common Stock,NASDAQ,0.7557590132827324
CF,133.65,2598182.0,344085489.0,317710923.0,3.99,12.29,6.24,True,,"CF Industries Holdings, Inc. Common Stock",NYSE,0.755431688804554
PTEN,12.05,7961379.0,98774724.0,99635168.0,4.25,0.67,11.35,True,,"Patterson-UTI Energy, Inc. - Common Stock",NASDAQ,0.7551328273244782
ONTO,249.93,831510.0,224550811.0,205700013.0,4.56,-16.55,14.74,False,SHARE_VOLUME,Onto Innovation Inc. Common Stock,NYSE,0.7546916508538899
LIFE,38.45,1484249.0,56824506.0,43524647.0,6.85,17.05,7.54,True,,Ethos Technologies Inc. - Class A Common Stock,NASDAQ,0.7546489563567362
IAG,20.24,4530573.0,93368131.0,84671954.0,3.55,2.61,14.29,True,,Iamgold Corporation Ordinary Shares,NYSE,0.753657495256167
META,677.91,17628114.0,10795054404.0,9830370638.0,2.88,24.15,6.55,True,,"Meta Platforms, Inc. - Class A Common Stock",NASDAQ,0.7530645161290324
SECZ,9.0,1811342.0,13482817.0,11024998.0,8.68,49.25,15.83,False,AVG_DOLLAR_VOLUME|MEDIAN_DOLLAR_VOLUME,Securitize Corp. Common Stock,NYSE,0.752680265654649
DE,685.52,1376797.0,912860552.0,779128618.0,2.93,18.06,6.94,True,,Deere & Company Common Stock,NYSE,0.751764705882353
RIG,5.7,40208165.0,233452187.0,228276875.0,4.25,-2.4,8.99,True,,Transocean Ltd (Switzerland) Common Stock,NYSE,0.7515512333965846
ANET,199.47,4713891.0,910498586.0,860206649.0,3.37,6.98,6.39,True,,"Arista Networks, Inc. Common Stock",NYSE,0.7515322580645161
EXK,10.16,8824632.0,94453462.0,90800793.0,5.19,-7.55,13.77,True,,Endeavour Silver Corporation Ordinary Shares (Canada),NYSE,0.7515085388994307
SNYR,0.1,82990817.0,17708665.0,455441.0,26.4,-8.97,234.15,False,PRICE|AVG_DOLLAR_VOLUME|MEDIAN_DOLLAR_VOLUME,Synergy CHC Corp. - Common Stock,NASDAQ,0.7513851992409868
WGS,103.0,502648.0,44536966.0,42474440.0,5.24,29.32,10.76,False,SHARE_VOLUME,GeneDx Holdings Corp. - Class A Common Stock,NASDAQ,0.7512333965844402
OSCR,32.59,4783978.0,151827559.0,152033730.0,5.76,0.9,6.43,True,,"Oscar Health, Inc. Class A Common Stock",NYSE,0.7502988614800759
TH,20.31,1988391.0,37398076.0,27987842.0,5.01,19.16,12.99,True,,Target Hospitality Corp. - Common Stock,NASDAQ,0.7498861480075902
NVDA,219.67,127921971.0,28021767481.0,26764948610.0,2.54,1.08,8.74,True,,NVIDIA Corporation - Common Stock,NASDAQ,0.749701138519924
HALO,109.77,1422237.0,153552126.0,162047552.0,2.36,2.0,20.24,True,,"Halozyme Therapeutics, Inc. - Common Stock",NASDAQ,0.749392789373814
FNGR,0.15,81387454.0,28200958.0,1125672.0,17.19,-35.99,130.06,False,PRICE|MEDIAN_DOLLAR_VOLUME,"FingerMotion, Inc. - common stock",NASDAQ,0.7492504743833017
DFDV,4.99,2137795.0,10725432.0,9415825.0,9.52,46.05,17.33,False,PRICE|AVG_DOLLAR_VOLUME|MEDIAN_DOLLAR_VOLUME,DeFi Development Corp. - Common Stock,NASDAQ,0.7490132827324478
UEC,10.16,8720539.0,102766404.0,100249097.0,5.55,-12.64,14.44,True,,Uranium Energy Corp. Common Stock,NYSE American,0.7489184060721062
SCCO,196.09,1134076.0,232211169.0,217587291.0,3.7,0.72,8.69,True,,Southern Copper Corporation Common Stock,NYSE,0.7486148007590132
IBRX,8.62,8548037.0,69142450.0,66076692.0,5.05,6.09,9.04,True,,"ImmunityBio, Inc. - Common Stock",NASDAQ,0.7486100569259964
CVNA,66.1,6792275.0,486528757.0,440164571.0,4.15,-6.16,8.37,True,,Carvana Co. Class A Common Stock,NYSE,0.7484013282732449
VIAV,34.69,3923922.0,143326988.0,136578601.0,5.0,-10.44,12.27,True,,Viavi Solutions Inc. - Common Stock,NASDAQ,0.7478510436432638
MGNI,25.38,2076675.0,49883918.0,39245081.0,3.84,6.39,17.66,True,,"Magnite, Inc. - Common Stock",NASDAQ,0.7471110056925996
ASAN,9.9,6722388.0,63569810.0,51013385.0,4.89,3.5,10.15,True,,"Asana, Inc. Class A Common Stock",NYSE,0.7467694497153701
SUPX,7.97,829382.0,7094851.0,6613411.0,12.82,18.07,25.29,False,SHARE_VOLUME|AVG_DOLLAR_VOLUME|MEDIAN_DOLLAR_VOLUME,SuperX AI Technology Limited - Ordinary Shares,NASDAQ,0.7467125237191651
MMED,22.26,2256732.0,49829134.0,34083526.0,5.03,10.11,10.66,True,,"MiniMed Group, Inc. - Common Stock",NASDAQ,0.7464136622390892
BRUN,16.56,2204601.0,37703291.0,38521527.0,9.18,-12.89,19.13,True,,Boost Run Inc. - Class A Common Stock,NASDAQ,0.7458965844402277
NVTS,11.23,11228899.0,131845514.0,118819972.0,5.38,-12.51,12.02,True,,Navitas Semiconductor Corporation - Common Stock,NASDAQ,0.7457400379506641
PSNL,16.23,3614298.0,61224079.0,44510700.0,4.08,2.66,13.66,True,,"Personalis, Inc. - Common Stock",NASDAQ,0.7456831119544592
MP,49.71,5047885.0,277697450.0,252214021.0,5.11,-12.3,9.1,True,,MP Materials Corp. Common Stock,NYSE,0.7455407969639468
CHOW,0.54,8008851.0,5075181.0,90207.0,14.29,40.83,68.42,False,PRICE|AVG_DOLLAR_VOLUME|MEDIAN_DOLLAR_VOLUME,ChowChow Cloud International Holdings Limited Ordinary Shares,NYSE American,0.745123339658444
HELP,13.68,1542684.0,19863082.0,20731719.0,6.9,16.13,13.88,False,AVG_DOLLAR_VOLUME|MEDIAN_DOLLAR_VOLUME,Cybin Inc. - Common Stock,NASDAQ,0.7450189753320684
IT,189.0,1067786.0,202965913.0,199147022.0,3.9,-1.98,9.73,True,,"Gartner, Inc. Common Stock",NYSE,0.744753320683112
MCHP,70.65,7425530.0,542576555.0,521320838.0,2.88,-7.79,13.89,True,,Microchip Technology Incorporated - Common Stock,NASDAQ,0.7446774193548388
BSP,38.04,1356507.0,54943987.0,49283820.0,6.22,-8.25,15.7,True,,Bending Spoons S.p.A. - Ordinary Shares,NASDAQ,0.744326375711575
TARS,77.69,759625.0,60480580.0,46507890.0,4.18,5.79,11.76,False,SHARE_VOLUME,"Tarsus Pharmaceuticals, Inc. - Common Stock",NASDAQ,0.7439373814041745
UMC,24.48,10771939.0,222846324.0,202971621.0,2.95,35.07,8.63,True,,United Microelectronics Corporation (NEW) Common Stock,NYSE,0.7438614800759014
LHAI,1.28,5340820.0,5931233.0,189160.0,11.6,72.04,33.98,False,PRICE|AVG_DOLLAR_VOLUME|MEDIAN_DOLLAR_VOLUME,Linkhome Holdings Inc. - Common stock,NASDAQ,0.7438519924098672
APA,45.37,5111918.0,224918367.0,198437798.0,3.18,4.41,9.01,True,,APA Corporation - Common Stock,NASDAQ,0.7437428842504743
TGTX,56.24,1859877.0,102120766.0,82562800.0,4.81,8.81,7.34,True,,"TG Therapeutics, Inc. - Common Stock",NASDAQ,0.7435151802656547
CHAI,0.28,16357670.0,6450013.0,155090.0,12.53,6.44,56.86,False,PRICE|AVG_DOLLAR_VOLUME|MEDIAN_DOLLAR_VOLUME,"Core AI Holdings, Inc. - Common Shares",NASDAQ,0.7434060721062619
VLO,410.95,2727478.0,1017594871.0,1016189900.0,3.28,18.68,5.58,True,,Valero Energy Corporation Common Stock,NYSE,0.7433633776091083
GDDY,98.2,1720774.0,169774330.0,176238161.0,3.56,1.4,9.45,True,,GoDaddy Inc. Class A Common Stock,NYSE,0.743292220113852
BRLS,1.32,2549830.0,4403403.0,54229.0,19.24,44.74,91.89,False,PRICE|AVG_DOLLAR_VOLUME|MEDIAN_DOLLAR_VOLUME,Borealis Foods Inc. - Class A Common Shares,NASDAQ,0.7430265654648956
CHTR,135.21,2508384.0,368527582.0,331184894.0,4.7,-11.32,8.74,True,,"Charter Communications, Inc. - Class A Common Stock",NASDAQ,0.742803605313093
SM,37.29,3679516.0,138249873.0,127528059.0,3.44,3.79,9.97,True,,SM Energy Company Common Stock,NYSE,0.7423149905123341
SION,7.41,1350880.0,8958731.0,9195610.0,8.64,18.48,22.55,False,AVG_DOLLAR_VOLUME|MEDIAN_DOLLAR_VOLUME,"Sionna Therapeutics, Inc. - Common Stock",NASDAQ,0.742006641366224
QCOM,189.41,11414064.0,1959487423.0,1748259404.0,3.71,17.62,4.66,True,,QUALCOMM Incorporated - Common Stock,NASDAQ,0.7420018975332069
ONDS,7.45,59551296.0,460411456.0,467109137.0,5.08,-16.24,8.1,True,,Ondas Inc - Common Stock,NASDAQ,0.7419307400379507
SSRM,36.17,2409174.0,89428709.0,85857278.0,3.69,2.25,11.64,True,,SSR Mining Inc. - Common Stock,NASDAQ,0.7419212523719165
DSS,0.75,6107488.0,5172433.0,32743.0,11.82,39.25,53.99,False,PRICE|AVG_DOLLAR_VOLUME|MEDIAN_DOLLAR_VOLUME,"DSS, Inc. Common Stock",NYSE American,0.741641366223909
AXON,453.19,938567.0,484044699.0,375276287.0,4.87,-29.82,9.29,False,SHARE_VOLUME,"Axon Enterprise, Inc. - Common Stock",NASDAQ,0.7415559772296015
EDRY,68.5,173931.0,10059833.0,8921968.0,9.3,58.24,16.43,False,SHARE_VOLUME|AVG_DOLLAR_VOLUME|MEDIAN_DOLLAR_VOLUME,EuroDry Ltd. - Common Shares,NASDAQ,0.741337760910816
RZLV,2.26,22070512.0,57538534.0,31195758.0,5.14,-9.6,21.81,False,PRICE,Rezolve AI PLC - Ordinary Shares,NASDAQ,0.7411100569259962
ABNB,165.85,4242020.0,766630718.0,790582605.0,2.53,-11.02,17.43,True,,"Airbnb, Inc. - Class A Common Stock",NASDAQ,0.7410910815939279
TSLA,366.73,38926452.0,14008388701.0,11578697637.0,3.34,4.45,5.51,True,,"Tesla, Inc.  - Common Stock",NASDAQ,0.74030834914611
MLYS,28.17,1147463.0,32341701.0,22568550.0,5.32,4.53,13.57,False,MEDIAN_DOLLAR_VOLUME,"Mineralys Therapeutics, Inc. - Common Stock",NASDAQ,0.7401612903225807
CACI,637.99,250381.0,157015785.0,157935295.0,2.78,-3.73,21.38,False,SHARE_VOLUME,"CACI International, Inc. Class A Common Stock",NYSE,0.7400284629981024
SOC,4.4,7370812.0,35599523.0,33079877.0,6.89,-7.95,19.8,False,PRICE,Sable Offshore Corp. Common Stock,NYSE,0.7396869070208729
NRGV,4.25,3351317.0,13062980.0,12595929.0,7.21,10.1,17.91,False,PRICE|AVG_DOLLAR_VOLUME|MEDIAN_DOLLAR_VOLUME,"Energy Vault Holdings, Inc. Common Stock",NYSE,0.7395635673624289
HONA,165.58,3512169.0,561118622.0,506738141.0,3.61,-2.81,7.69,True,,Honeywell Aerospace Inc. - Common Stock,NASDAQ,0.739203036053131
EROC,12.91,2325636.0,29127436.0,22951198.0,8.36,-10.1,22.84,False,MEDIAN_DOLLAR_VOLUME,"ERock, Inc. Class A Common Stock",NYSE,0.739089184060721
MRK,147.01,9493753.0,1410099819.0,1260191859.0,2.08,-2.84,12.6,True,,"Merck & Company, Inc. Common Stock (new)",NYSE,0.7390749525616698
WING,104.26,1180887.0,129808378.0,113416417.0,5.53,-13.5,11.05,True,,Wingstop Inc. - Common Stock,NASDAQ,0.738771347248577
ARE,56.54,1830663.0,96189919.0,87378670.0,3.42,11.86,10.27,True,,"Alexandria Real Estate Equities, Inc. Common Stock",NYSE,0.7381451612903226
SST,3.08,1336283.0,4513635.0,799711.0,15.46,49.58,38.24,False,PRICE|AVG_DOLLAR_VOLUME|MEDIAN_DOLLAR_VOLUME,"System1, Inc. Class A Common Stock",NYSE,0.7377703984819735
FCFS,219.51,449758.0,100610305.0,89802860.0,3.89,3.55,9.41,False,SHARE_VOLUME,"FirstCash Holdings, Inc. - Common Stock",NASDAQ,0.7365891840607212
ALM,14.07,6308367.0,108477915.0,95964937.0,7.01,-13.01,9.33,True,,Almonty Industries Inc. - Common Shares,NASDAQ,0.736285578747628
FTH,34.78,304826.0,10939795.0,10073097.0,9.47,5.03,17.14,False,SHARE_VOLUME|AVG_DOLLAR_VOLUME|MEDIAN_DOLLAR_VOLUME,"Faeth Therapeutics, Inc.  - Common Stock",NASDAQ,0.7359819734345352
NESR,32.24,1571987.0,52976312.0,52095712.0,4.18,-3.89,23.33,True,,National Energy Services Reunited Corp - Ordinary Shares,NASDAQ,0.7358965844402278
NEM,124.73,7722885.0,986027683.0,907664254.0,2.88,-0.07,7.85,True,,Newmont Corporation,NYSE,0.7358396584440228
SKYQ,2.92,2699163.0,8295830.0,2522239.0,9.42,14.96,19.48,False,PRICE|AVG_DOLLAR_VOLUME|MEDIAN_DOLLAR_VOLUME,Sky Quarry Inc. - Common Stock,NASDAQ,0.7358254269449716
LGPS,0.91,4195854.0,5632303.0,95424.0,11.78,5.21,74.91,False,PRICE|AVG_DOLLAR_VOLUME|MEDIAN_DOLLAR_VOLUME,LogProstyle Inc. Common Shares,NYSE American,0.7353225806451613
BMGL,4.75,1642167.0,11634384.0,13822.0,11.03,-3.65,55.9,False,PRICE|AVG_DOLLAR_VOLUME|MEDIAN_DOLLAR_VOLUME,Basel Medical Group Ltd - ordinary shares,NASDAQ,0.7353225806451612
RNG,74.02,1382832.0,97015359.0,98863439.0,4.12,12.25,7.79,True,,"RingCentral, Inc. Class A Common Stock",NYSE,0.7346489563567362
FWDI,6.36,2262764.0,13996864.0,12542037.0,8.46,28.64,12.31,False,AVG_DOLLAR_VOLUME|MEDIAN_DOLLAR_VOLUME,"Forward Industries, Inc. - Common Stock",NASDAQ,0.7345351043643265
EMAT,3.95,1263577.0,4467640.0,3807261.0,15.07,38.6,34.07,False,PRICE|AVG_DOLLAR_VOLUME|MEDIAN_DOLLAR_VOLUME,Evolution Metals & Technologies Corp. - Common Stock,NASDAQ,0.7341176470588235
INDP,3.72,1980491.0,3937124.0,1003741.0,15.98,295.74,51.64,False,PRICE|AVG_DOLLAR_VOLUME|MEDIAN_DOLLAR_VOLUME,"Indaptus Therapeutics, Inc. - Common Stock",NASDAQ,0.7339278937381404
XMTR,97.23,576621.0,51498682.0,42144613.0,4.77,14.94,9.29,False,SHARE_VOLUME,"Xometry, Inc. - Class A Common Stock",NASDAQ,0.7337666034155599
CYAB,0.29,11787372.0,5275580.0,98100.0,15.44,5.36,45.16,False,PRICE|AVG_DOLLAR_VOLUME|MEDIAN_DOLLAR_VOLUME,"Cyabra, Inc. - Common Stock",NASDAQ,0.7335863377609109
AMBA,68.67,1764241.0,117574584.0,87867497.0,5.52,-7.94,9.4,True,,"Ambarella, Inc. - Ordinary Shares",NASDAQ,0.7334203036053131
BTGO,6.84,1816622.0,12910024.0,10875353.0,7.44,9.36,15.96,False,AVG_DOLLAR_VOLUME|MEDIAN_DOLLAR_VOLUME,"BitGo Holdings, Inc. Class A Common Stock",NYSE,0.7333159392789373
CRSP,57.24,1480478.0,83322835.0,73181970.0,4.34,-4.29,12.91,True,,CRISPR Therapeutics AG - Common Shares,NASDAQ,0.7328557874762809
GEMI,4.5,2837276.0,12543903.0,9521969.0,9.08,14.5,12.82,False,PRICE|AVG_DOLLAR_VOLUME|MEDIAN_DOLLAR_VOLUME,"Gemini Space Station, Inc. - Class A Common Stock",NASDAQ,0.7328130929791272
TTAN,54.72,3570648.0,233369495.0,129711211.0,5.8,-42.41,9.12,True,,"ServiceTitan, Inc. - Class A Common Stock",NASDAQ,0.7327798861480076
AU,102.44,2779549.0,312660800.0,268532570.0,3.19,-5.02,10.81,True,,AngloGold Ashanti PLC Ordinary Shares,NYSE,0.7326518026565465
BAND,49.46,790956.0,38930860.0,29642768.0,8.07,-5.44,11.94,False,SHARE_VOLUME,Bandwidth Inc. - Class A Common Stock,NASDAQ,0.7324383301707781
APPN,37.97,910384.0,34749149.0,33590237.0,5.08,1.17,13.91,False,SHARE_VOLUME,Appian Corporation - Class A Common Stock,NASDAQ,0.7316508538899431
GELS,0.58,7265693.0,5780762.0,34543.0,14.57,4.32,31.58,False,PRICE|AVG_DOLLAR_VOLUME|MEDIAN_DOLLAR_VOLUME,Gelteq Limited - Ordinary Shares,NASDAQ,0.7315180265654649
CNXC,28.32,1247895.0,36136487.0,32968994.0,6.35,10.11,8.66,True,,Concentrix Corporation - Common Stock,NASDAQ,0.7311717267552182
TMC,3.75,6466659.0,29262670.0,21985578.0,6.29,-5.54,20.65,False,PRICE|MEDIAN_DOLLAR_VOLUME,TMC the metals company Inc. - Common Stock,NASDAQ,0.7308538899430741
LUMN,6.64,11957400.0,77688374.0,76814319.0,5.32,8.4,6.74,True,,"Lumen Technologies, Inc. Common Stock",NYSE,0.730787476280835
TRUG,0.41,35656732.0,21624932.0,937693.0,20.17,-57.02,76.01,False,PRICE|MEDIAN_DOLLAR_VOLUME,"TruGolf Holdings, Inc. - Class A Common Stock",NASDAQ,0.7307495256166983
ON,68.26,8817053.0,634603409.0,555076983.0,3.88,-10.86,8.51,True,,ON Semiconductor Corporation - Common Stock,NASDAQ,0.7306973434535105
PRAX,306.52,316659.0,110321362.0,105771226.0,4.73,-20.63,15.95,False,SHARE_VOLUME,"Praxis Precision Medicines, Inc. - Common Stock",NASDAQ,0.7303984819734346
AFRM,70.59,5778721.0,429818081.0,282489439.0,4.88,-8.72,6.7,True,,"Affirm Holdings, Inc. - Class A Common Stock",NASDAQ,0.7299240986717267
DUOL,146.12,1073765.0,160619563.0,155924894.0,4.35,0.07,7.28,True,,"Duolingo, Inc. - Class A Common Stock",NASDAQ,0.7295540796963947
DPRO,5.82,1806192.0,10122076.0,5633585.0,6.44,30.59,21.39,False,AVG_DOLLAR_VOLUME|MEDIAN_DOLLAR_VOLUME,Draganfly Inc. - Common Shares,NASDAQ,0.7294592030360532
XP,20.26,6882727.0,130424569.0,104189852.0,3.94,22.6,6.78,True,,XP Inc. - Class A Common Stock,NASDAQ,0.7292931688804555
BBY,94.36,4266931.0,371950512.0,350061636.0,3.8,5.77,5.29,True,,"Best Buy Co., Inc. Common Stock",NYSE,0.7288519924098672
RIVN,15.72,20318689.0,326398063.0,287117121.0,3.96,-0.1,6.43,True,,"Rivian Automotive, Inc. - Class A Common Stock",NASDAQ,0.7284582542694498
EIX,55.88,6920806.0,410553023.0,270637220.0,4.55,-23.91,8.93,True,,Edison International Common Stock,NYSE,0.7280407969639469
IPDN,3.5,28730121.0,3061304.0,153283.0,18.08,2122.22,3600.0,False,PRICE|AVG_DOLLAR_VOLUME|MEDIAN_DOLLAR_VOLUME,"Professional Diversity Network, Inc. - Common Stock",NASDAQ,0.7277798861480077
FLEX,110.92,2800535.0,307913942.0,307678268.0,3.87,-1.87,7.19,True,,Flex Ltd. - Ordinary Shares,NASDAQ,0.7277656546489565
URBN,76.25,1300607.0,102051067.0,81841242.0,3.64,2.51,9.46,True,,"Urban Outfitters, Inc. - Common Stock",NASDAQ,0.7275806451612904
KGC,28.51,7931324.0,244607165.0,227023602.0,3.34,-4.5,10.25,True,,Kinross Gold Corporation Common Stock,NYSE,0.7270493358633776
LEU,149.75,710691.0,119631201.0,111909326.0,6.6,-18.47,9.17,False,SHARE_VOLUME,Centrus Energy Corp. Class A Common Stock,NYSE,0.7267457305502847
EGO,42.55,2925948.0,128518647.0,130195238.0,3.89,2.06,7.88,True,,Eldorado Gold Corporation Ordinary Shares,NYSE,0.7265464895635674
MOS,25.53,8202924.0,202949360.0,196871230.0,4.26,15.84,5.16,True,,Mosaic Company (The) Common Stock,NYSE,0.7264848197343454
SOUN,6.05,23429108.0,157675402.0,160565542.0,4.14,-15.43,13.28,True,,"SoundHound AI, Inc. - Class A Common Stock",NASDAQ,0.7260199240986717
DINO,115.95,2305679.0,239633851.0,234611254.0,4.07,22.54,4.99,True,,HF Sinclair Corporation Common Stock,NYSE,0.7258396584440228
AEON,0.24,15206418.0,4264952.0,339218.0,16.3,21.82,25.54,False,PRICE|AVG_DOLLAR_VOLUME|MEDIAN_DOLLAR_VOLUME,"AEON Biopharma, Inc. Class A Common Stock",NYSE American,0.7256451612903226
ACN,190.8,4429673.0,826233793.0,795382449.0,2.93,4.17,6.04,True,,Accenture plc Class A Ordinary Shares (Ireland),NYSE,0.7256214421252372
HTZ,1.85,15463944.0,33073315.0,31647377.0,6.42,-14.35,29.49,False,PRICE,"Hertz Global Holdings, Inc - Common Stock",NASDAQ,0.7254079696394686
APP,316.0,4384376.0,1383319530.0,1253716527.0,4.28,1.68,4.0,True,,Applovin Corporation - Class A Common Stock,NASDAQ,0.7253225806451613
SG,6.84,4571098.0,31281148.0,29894839.0,5.65,6.46,10.31,True,,"Sweetgreen, Inc. Class A Common Stock",NYSE,0.7249667931688806
WCT,7.82,1483611.0,2977565.0,338016.0,17.96,754.64,381.94,False,AVG_DOLLAR_VOLUME|MEDIAN_DOLLAR_VOLUME,Wellchange Holdings Company Limited - Class A Ordinary shares,NASDAQ,0.7248197343453511
VSH,31.99,3628020.0,112361869.0,98729997.0,4.19,0.41,8.02,True,,"Vishay Intertechnology, Inc. Common Stock",NYSE,0.7247343453510436
KVYO,15.79,5766241.0,105044909.0,97523465.0,5.13,-13.24,11.42,True,,"Klaviyo, Inc. Series A Common Stock",NYSE,0.7245018975332069
OMER,18.33,1501051.0,27924689.0,26600853.0,4.5,-0.35,26.55,True,,Omeros Corporation - Common Stock,NASDAQ,0.7244022770398482
AGCO,122.06,1257330.0,150249290.0,126876608.0,3.97,22.65,6.02,True,,AGCO Corporation Common Stock,NYSE,0.7243690702087286
WYFI,17.86,2054423.0,39607669.0,37488304.0,7.05,-16.46,18.0,True,,"WhiteFiber, Inc. - Ordinary Shares",NASDAQ,0.7240037950664137
PSX,273.49,2648772.0,668432209.0,660027900.0,2.89,12.88,5.69,True,,Phillips 66 Common Stock,NYSE,0.7239800759013282
CLGN,3.94,1081504.0,4145009.0,402861.0,20.33,22.36,23.45,False,PRICE|AVG_DOLLAR_VOLUME|MEDIAN_DOLLAR_VOLUME,CollPlant Biotechnologies Ltd. - Ordinary Shares,NASDAQ,0.7236005692599621
PAAS,49.96,4601060.0,239254758.0,226597973.0,3.42,-0.34,7.94,True,,Pan American Silver Corp. Common Stock,NYSE,0.7234724857685009
PSNYW,4.2,736778.0,3464928.0,204467.0,13.99,51.62,44.24,False,PRICE|SHARE_VOLUME|AVG_DOLLAR_VOLUME|MEDIAN_DOLLAR_VOLUME,Polestar Automotive Holding UK Limited - Class C-1 ADS (ADW),NASDAQ,0.7234155597722961
EXYN,2.74,1281700.0,3312730.0,428210.0,16.72,35.64,40.0,False,PRICE|AVG_DOLLAR_VOLUME|MEDIAN_DOLLAR_VOLUME,"Exyn Technologies, Inc. - Common Stock",NASDAQ,0.7220493358633776
EAT,201.95,957643.0,214743055.0,212309346.0,3.99,-13.5,11.07,False,SHARE_VOLUME,"Brinker International, Inc. Common Stock",NYSE,0.7220303605313093
DNN,2.89,26166820.0,86960328.0,76950045.0,5.01,-10.09,11.46,False,PRICE,Denison Mines Corp Ordinary Shares (Canada),NYSE American,0.7219829222011386
COHU,54.69,923775.0,47092696.0,44904750.0,5.55,-0.91,10.31,False,SHARE_VOLUME,"Cohu, Inc. - Common Stock",NASDAQ,0.7217979127134725
NCRA,1.95,3432499.0,9494516.0,232508.0,11.11,-3.94,49.74,False,PRICE|AVG_DOLLAR_VOLUME|MEDIAN_DOLLAR_VOLUME,"Nocera, Inc. - common stock",NASDAQ,0.7215939278937381
EQX,12.18,11444710.0,146850026.0,144029953.0,3.54,-3.79,10.79,True,,Equinox Gold Corp. Common Shares,NYSE American,0.7213472485768501
ACHR,5.41,23851575.0,137087402.0,132784649.0,4.48,-16.12,11.99,True,,Archer Aviation Inc. Class A Common Stock,NYSE,0.7209250474383302
SPOT,536.23,1442073.0,781076016.0,761863228.0,3.23,0.54,5.81,True,,Spotify Technology S.A. Ordinary Shares,NYSE,0.7208254269449715
FOUR,41.74,1973699.0,87870680.0,86229184.0,6.14,-11.44,9.29,True,,"Shift4 Payments, Inc. Class A Common Stock",NYSE,0.7207115749525618
WSHP,5.75,741338.0,4516064.0,229027.0,9.83,19.05,31.88,False,SHARE_VOLUME|AVG_DOLLAR_VOLUME|MEDIAN_DOLLAR_VOLUME,WeShop Holdings Limited - Class A Ordinary Shares,NASDAQ,0.7205977229601519
FORM,111.58,1035199.0,110097758.0,109585305.0,5.03,-2.93,7.65,True,,"FormFactor, Inc. - Common Stock",NASDAQ,0.7199715370018976
HCA,432.02,1303248.0,545116605.0,555526003.0,3.02,6.33,5.64,True,,"HCA Healthcare, Inc. Common Stock",NYSE,0.7198624288425048
EPAM,117.71,1116442.0,129206674.0,122044034.0,3.67,9.63,7.1,True,,"EPAM Systems, Inc. Common Stock",NYSE,0.7198102466793169
SATL,5.49,4016852.0,20337957.0,20503860.0,6.79,-0.81,15.3,False,MEDIAN_DOLLAR_VOLUME,Satellogic Inc. - Class A Common Stock,NASDAQ,0.7197817836812145
TER,354.95,2328680.0,830498012.0,853547321.0,4.07,-6.47,6.11,True,,"Teradyne, Inc. - Common Stock",NASDAQ,0.7197485768500949
CORZ,17.51,10858488.0,188600873.0,181917309.0,5.53,-6.44,6.48,True,,"Core Scientific, Inc. - Common Stock",NASDAQ,0.7189468690702088
ATEC,10.14,2118681.0,20793354.0,14958744.0,4.65,3.95,19.68,False,MEDIAN_DOLLAR_VOLUME,"Alphatec Holdings, Inc. - Common Stock",NASDAQ,0.7187666034155598
FTAI,194.55,1337791.0,255185619.0,227671013.0,4.37,-7.75,7.59,True,,FTAI Aviation Ltd. - Common Stock,NASDAQ,0.7187286527514231
GORO,3.59,1774888.0,6440432.0,5861369.0,8.51,26.8,19.34,False,PRICE|AVG_DOLLAR_VOLUME|MEDIAN_DOLLAR_VOLUME,Goldgroup Mining Inc. Common Shares,NYSE American,0.7187096774193549
ERO,33.46,1612019.0,59399397.0,51595753.0,4.82,-1.83,10.32,True,,Ero Copper Corp. Common Shares,NYSE,0.7185483870967743
CAVA,51.78,2939833.0,173642912.0,149569608.0,3.97,-27.65,14.24,True,,"CAVA Group, Inc. Common Stock",NYSE,0.7181214421252372
RR,1.7,5807434.0,10416341.0,7636388.0,6.46,4.29,21.6,False,PRICE|AVG_DOLLAR_VOLUME|MEDIAN_DOLLAR_VOLUME,Richtech Robotics Inc. - Class B Common Stock,NASDAQ,0.7180929791271348
PSIX,44.38,329290.0,12953566.0,10509040.0,4.88,19.03,23.62,False,SHARE_VOLUME|AVG_DOLLAR_VOLUME|MEDIAN_DOLLAR_VOLUME,"Power Solutions International, Inc. - Common Stock",NASDAQ,0.7179696394686907
MOVE,10.26,535293.0,6149509.0,1795726.0,13.05,7.77,16.99,False,SHARE_VOLUME|AVG_DOLLAR_VOLUME|MEDIAN_DOLLAR_VOLUME,"Corvex, Inc. - Common Stock",NASDAQ,0.7177893738140417
KLAC,168.81,8586451.0,1531982770.0,1496810837.0,3.59,-9.86,7.32,True,,KLA Corporation  - Common Stock,NASDAQ,0.717618595825427
FIVE,235.25,1255165.0,310105959.0,274372744.0,4.32,-2.82,5.89,True,,"Five Below, Inc. - Common Stock",NASDAQ,0.7174715370018976
NEOV,3.53,1672519.0,6328243.0,4007361.0,8.48,5.69,26.95,False,PRICE|AVG_DOLLAR_VOLUME|MEDIAN_DOLLAR_VOLUME,NeoVolta Inc. - Common Stock,NASDAQ,0.7173908918406072
DKNG,22.78,9202525.0,225609273.0,207362213.0,4.35,-10.0,8.39,True,,DraftKings Inc. - Class A Common Stock,NASDAQ,0.7169259962049336
GOLD,47.29,704732.0,31415427.0,25968078.0,4.83,6.54,11.21,False,SHARE_VOLUME,"Gold.com, Inc. Common Stock",NYSE,0.7165891840607211
FSM,11.95,4691698.0,56974095.0,59067770.0,3.71,2.75,11.29,True,,Fortuna Mining Corp. Common Shares,NYSE,0.7161053130929791
ATI,182.5,1892104.0,384831489.0,299198948.0,3.87,-15.51,8.93,True,,ATI Inc. Common Stock,NYSE,0.7157637571157496
TENX,1.83,5797454.0,11329504.0,7521660.0,8.82,-3.68,25.41,False,PRICE|AVG_DOLLAR_VOLUME|MEDIAN_DOLLAR_VOLUME,"Tenax Therapeutics, Inc. - Common Stock",NASDAQ,0.7155692599620493
PSIG,4.68,913606.0,2592897.0,578486.0,21.49,129.41,47.22,False,PRICE|SHARE_VOLUME|AVG_DOLLAR_VOLUME|MEDIAN_DOLLAR_VOLUME,PS International Group Ltd. - Ordinary Shares,NASDAQ,0.7154079696394687
