signal_id,as_of_session,strategy,ticker,strategy_score,reference_close,stop_price,target_price,shadow_status,market_data_source,broker_execution_enabled,production_applied,vote_count,market_regime_state,theme,theme_state,final_decision
2026-09-18|CROSS_SECTIONAL_MOMENTUM|QCOM,2026-09-18,CROSS_SECTIONAL_MOMENTUM,QCOM,95.1228,177.72,171.0022,191.9376,SHADOW_ONLY,POSTGRESQL_DERIVED_SHADOW,False,False,,NEUTRAL,Semiconductors,STRONG,WATCHLIST
2026-09-18|CROSS_SECTIONAL_MOMENTUM|HRMY,2026-09-18,CROSS_SECTIONAL_MOMENTUM,HRMY,87.9913,42.02,40.97,45.3816,SHADOW_ONLY,POSTGRESQL_DERIVED_SHADOW,False,False,,NEUTRAL,UNCLASSIFIED,NONE,WATCHLIST
2026-09-18|CROSS_SECTIONAL_MOMENTUM|SWKS,2026-09-18,CROSS_SECTIONAL_MOMENTUM,SWKS,87.3199,88.76,87.19,95.8608,SHADOW_ONLY,POSTGRESQL_DERIVED_SHADOW,False,False,,NEUTRAL,UNCLASSIFIED,NONE,WATCHLIST
2026-09-18|CROSS_SECTIONAL_MOMENTUM|BE,2026-09-18,CROSS_SECTIONAL_MOMENTUM,BE,86.7849,265.63,255.0048,286.8804,SHADOW_ONLY,POSTGRESQL_DERIVED_SHADOW,False,False,,NEUTRAL,UNCLASSIFIED,NONE,WATCHLIST
2026-09-18|CROSS_SECTIONAL_MOMENTUM|UNM,2026-09-18,CROSS_SECTIONAL_MOMENTUM,UNM,86.5693,95.19,93.19,102.8052,SHADOW_ONLY,POSTGRESQL_DERIVED_SHADOW,False,False,,NEUTRAL,UNCLASSIFIED,NONE,WATCHLIST
2026-09-18|CROSS_SECTIONAL_MOMENTUM|ILMN,2026-09-18,CROSS_SECTIONAL_MOMENTUM,ILMN,86.0153,239.62,232.71,258.7896,SHADOW_ONLY,POSTGRESQL_DERIVED_SHADOW,False,False,,NEUTRAL,UNCLASSIFIED,NONE,WATCHLIST
2026-09-18|CROSS_SECTIONAL_MOMENTUM|EQH,2026-09-18,CROSS_SECTIONAL_MOMENTUM,EQH,85.8433,53.95,52.33,58.266,SHADOW_ONLY,POSTGRESQL_DERIVED_SHADOW,False,False,,NEUTRAL,UNCLASSIFIED,NONE,WATCHLIST
2026-09-18|CROSS_SECTIONAL_MOMENTUM|HTFL,2026-09-18,CROSS_SECTIONAL_MOMENTUM,HTFL,85.554,50.75,48.87,54.81,SHADOW_ONLY,POSTGRESQL_DERIVED_SHADOW,False,False,,NEUTRAL,UNCLASSIFIED,NONE,WATCHLIST
2026-09-18|CROSS_SECTIONAL_MOMENTUM|MLYS,2026-09-18,CROSS_SECTIONAL_MOMENTUM,MLYS,85.5322,28.02,26.8992,30.2616,SHADOW_ONLY,POSTGRESQL_DERIVED_SHADOW,False,False,,NEUTRAL,UNCLASSIFIED,NONE,WATCHLIST
2026-09-18|CROSS_SECTIONAL_MOMENTUM|HCA,2026-09-18,CROSS_SECTIONAL_MOMENTUM,HCA,85.3657,427.71,416.27,461.9268,SHADOW_ONLY,POSTGRESQL_DERIVED_SHADOW,False,False,,NEUTRAL,UNCLASSIFIED,NONE,WATCHLIST
2026-09-18|REGIME_ENSEMBLE|QCOM,2026-09-18,REGIME_ENSEMBLE,QCOM,94.50946666666665,177.72,171.0022,191.9376,SHADOW_ONLY,POSTGRESQL_DERIVED_SHADOW,False,False,3.0,NEUTRAL,Semiconductors,STRONG,WATCHLIST
2026-09-18|REGIME_ENSEMBLE|VRNS,2026-09-18,REGIME_ENSEMBLE,VRNS,93.08539999999999,47.56,45.64,51.3648,SHADOW_ONLY,POSTGRESQL_DERIVED_SHADOW,False,False,2.0,NEUTRAL,Cybersecurity,LEADING,WATCHLIST
2026-09-18|REGIME_ENSEMBLE|UNM,2026-09-18,REGIME_ENSEMBLE,UNM,92.01169999999999,95.19,93.19,102.8052,SHADOW_ONLY,POSTGRESQL_DERIVED_SHADOW,False,False,2.0,NEUTRAL,UNCLASSIFIED,NONE,WATCHLIST
2026-09-18|REGIME_ENSEMBLE|HCA,2026-09-18,REGIME_ENSEMBLE,HCA,91.50545,427.71,416.27,461.9268,SHADOW_ONLY,POSTGRESQL_DERIVED_SHADOW,False,False,2.0,NEUTRAL,UNCLASSIFIED,NONE,WATCHLIST
2026-09-18|REGIME_ENSEMBLE|HTFL,2026-09-18,REGIME_ENSEMBLE,HTFL,91.03465,50.75,48.87,54.81,SHADOW_ONLY,POSTGRESQL_DERIVED_SHADOW,False,False,2.0,NEUTRAL,UNCLASSIFIED,NONE,WATCHLIST
2026-09-18|REGIME_ENSEMBLE|HRMY,2026-09-18,REGIME_ENSEMBLE,HRMY,90.93613333333333,42.02,40.97,45.3816,SHADOW_ONLY,POSTGRESQL_DERIVED_SHADOW,False,False,3.0,NEUTRAL,UNCLASSIFIED,NONE,WATCHLIST
2026-09-18|REGIME_ENSEMBLE|EQH,2026-09-18,REGIME_ENSEMBLE,EQH,90.381,53.95,52.33,58.266,SHADOW_ONLY,POSTGRESQL_DERIVED_SHADOW,False,False,2.0,NEUTRAL,UNCLASSIFIED,NONE,WATCHLIST
2026-09-18|REGIME_ENSEMBLE|SWKS,2026-09-18,REGIME_ENSEMBLE,SWKS,87.24889999999999,88.76,87.19,95.8608,SHADOW_ONLY,POSTGRESQL_DERIVED_SHADOW,False,False,2.0,NEUTRAL,UNCLASSIFIED,NONE,WATCHLIST
2026-09-18|REGIME_ENSEMBLE|BE,2026-09-18,REGIME_ENSEMBLE,BE,86.9978,265.63,255.0048,286.8804,SHADOW_ONLY,POSTGRESQL_DERIVED_SHADOW,False,False,2.0,NEUTRAL,UNCLASSIFIED,NONE,WATCHLIST
2026-09-18|REGIME_ENSEMBLE|NVDA,2026-09-18,REGIME_ENSEMBLE,NVDA,81.67005,222.27,217.8246,240.0516,SHADOW_ONLY,POSTGRESQL_DERIVED_SHADOW,False,False,2.0,NEUTRAL,Semiconductors,STRONG,WATCHLIST
2026-09-18|RESIDUAL_SECTOR_STRENGTH|QCOM,2026-09-18,RESIDUAL_SECTOR_STRENGTH,QCOM,95.958,177.72,171.0022,191.9376,SHADOW_ONLY,POSTGRESQL_DERIVED_SHADOW,False,False,,NEUTRAL,Semiconductors,STRONG,WATCHLIST
2026-09-18|RESIDUAL_SECTOR_STRENGTH|VRNS,2026-09-18,RESIDUAL_SECTOR_STRENGTH,VRNS,90.2183,47.56,45.64,51.3648,SHADOW_ONLY,POSTGRESQL_DERIVED_SHADOW,False,False,,NEUTRAL,Cybersecurity,LEADING,WATCHLIST
2026-09-18|RESIDUAL_SECTOR_STRENGTH|HUT,2026-09-18,RESIDUAL_SECTOR_STRENGTH,HUT,89.5879,98.74,96.29,106.6392,SHADOW_ONLY,POSTGRESQL_DERIVED_SHADOW,False,False,,NEUTRAL,Crypto & Digital Infrastructure,LEADING,WATCHLIST
2026-09-18|RESIDUAL_SECTOR_STRENGTH|RIOT,2026-09-18,RESIDUAL_SECTOR_STRENGTH,RIOT,84.0939,23.75,22.8,25.65,SHADOW_ONLY,POSTGRESQL_DERIVED_SHADOW,False,False,,NEUTRAL,Crypto & Digital Infrastructure,LEADING,WATCHLIST
2026-09-18|RESIDUAL_SECTOR_STRENGTH|AMD,2026-09-18,RESIDUAL_SECTOR_STRENGTH,AMD,83.6818,559.82,543.0674,604.6056,SHADOW_ONLY,POSTGRESQL_DERIVED_SHADOW,False,False,,NEUTRAL,Semiconductors,STRONG,WATCHLIST
2026-09-18|RESIDUAL_SECTOR_STRENGTH|NVDA,2026-09-18,RESIDUAL_SECTOR_STRENGTH,NVDA,83.5235,222.27,217.8246,240.0516,SHADOW_ONLY,POSTGRESQL_DERIVED_SHADOW,False,False,,NEUTRAL,Semiconductors,STRONG,WATCHLIST
2026-09-18|RESIDUAL_SECTOR_STRENGTH|BE,2026-09-18,RESIDUAL_SECTOR_STRENGTH,BE,77.2107,265.63,255.0048,286.8804,SHADOW_ONLY,POSTGRESQL_DERIVED_SHADOW,False,False,,NEUTRAL,UNCLASSIFIED,NONE,WATCHLIST
2026-09-18|RESIDUAL_SECTOR_STRENGTH|SWKS,2026-09-18,RESIDUAL_SECTOR_STRENGTH,SWKS,77.1779,88.76,87.19,95.8608,SHADOW_ONLY,POSTGRESQL_DERIVED_SHADOW,False,False,,NEUTRAL,UNCLASSIFIED,NONE,WATCHLIST
2026-09-18|RESIDUAL_SECTOR_STRENGTH|HRMY,2026-09-18,RESIDUAL_SECTOR_STRENGTH,HRMY,76.0535,42.02,40.97,45.3816,SHADOW_ONLY,POSTGRESQL_DERIVED_SHADOW,False,False,,NEUTRAL,UNCLASSIFIED,NONE,WATCHLIST
2026-09-18|RESIDUAL_SECTOR_STRENGTH|DK,2026-09-18,RESIDUAL_SECTOR_STRENGTH,DK,75.685,78.12,77.41,84.3696,SHADOW_ONLY,POSTGRESQL_DERIVED_SHADOW,False,False,,NEUTRAL,UNCLASSIFIED,NONE,WATCHLIST
2026-09-18|TREND_PULLBACK|QCOM,2026-09-18,TREND_PULLBACK,QCOM,70.4476,177.72,171.0022,191.9376,SHADOW_ONLY,POSTGRESQL_DERIVED_SHADOW,False,False,,NEUTRAL,Semiconductors,STRONG,WATCHLIST
2026-09-18|TREND_PULLBACK|NVDA,2026-09-18,TREND_PULLBACK,NVDA,67.8166,222.27,217.8246,240.0516,SHADOW_ONLY,POSTGRESQL_DERIVED_SHADOW,False,False,,NEUTRAL,Semiconductors,STRONG,WATCHLIST
2026-09-18|TREND_PULLBACK|AGCO,2026-09-18,TREND_PULLBACK,AGCO,67.137,119.79,115.81,129.3732,SHADOW_ONLY,POSTGRESQL_DERIVED_SHADOW,False,False,,NEUTRAL,UNCLASSIFIED,NONE,WATCHLIST
2026-09-18|TREND_PULLBACK|VOYA,2026-09-18,TREND_PULLBACK,VOYA,66.9678,101.57,100.98,109.6956,SHADOW_ONLY,POSTGRESQL_DERIVED_SHADOW,False,False,,NEUTRAL,UNCLASSIFIED,NONE,WATCHLIST
2026-09-18|TREND_PULLBACK|CDW,2026-09-18,TREND_PULLBACK,CDW,66.8641,146.19,141.7385,157.8852,SHADOW_ONLY,POSTGRESQL_DERIVED_SHADOW,False,False,,NEUTRAL,UNCLASSIFIED,NONE,WATCHLIST
2026-09-18|TREND_PULLBACK|NTR,2026-09-18,TREND_PULLBACK,NTR,65.554,77.09,75.3439,83.2572,SHADOW_ONLY,POSTGRESQL_DERIVED_SHADOW,False,False,,NEUTRAL,UNCLASSIFIED,NONE,WATCHLIST
2026-09-18|TREND_PULLBACK|CRGY,2026-09-18,TREND_PULLBACK,CRGY,65.3029,13.9,13.507,15.012,SHADOW_ONLY,POSTGRESQL_DERIVED_SHADOW,False,False,,NEUTRAL,UNCLASSIFIED,NONE,NO TRADE
2026-09-18|TREND_PULLBACK|ZETA,2026-09-18,TREND_PULLBACK,ZETA,65.2702,30.23,29.1667,32.6484,SHADOW_ONLY,POSTGRESQL_DERIVED_SHADOW,False,False,,NEUTRAL,UNCLASSIFIED,NONE,WATCHLIST
2026-09-18|TREND_PULLBACK|FIVN,2026-09-18,TREND_PULLBACK,FIVN,65.0328,32.47,31.1712,35.0676,SHADOW_ONLY,POSTGRESQL_DERIVED_SHADOW,False,False,,NEUTRAL,UNCLASSIFIED,NONE,NO TRADE
2026-09-18|TREND_PULLBACK|MDT,2026-09-18,TREND_PULLBACK,MDT,64.4514,92.13,91.49,99.5004,SHADOW_ONLY,POSTGRESQL_DERIVED_SHADOW,False,False,,NEUTRAL,UNCLASSIFIED,NONE,WATCHLIST
2026-09-18|V3_BASELINE|XP,2026-09-18,V3_BASELINE,XP,100.0,20.01,19.57,21.6108,SHADOW_ONLY,POSTGRESQL_DERIVED_SHADOW,False,False,,NEUTRAL,UNCLASSIFIED,NONE,WATCHLIST
2026-09-18|V3_BASELINE|PAGS,2026-09-18,V3_BASELINE,PAGS,99.8908,9.26,8.9912,10.0008,SHADOW_ONLY,POSTGRESQL_DERIVED_SHADOW,False,False,,NEUTRAL,UNCLASSIFIED,NONE,WATCHLIST
2026-09-18|V3_BASELINE|CNH,2026-09-18,V3_BASELINE,CNH,99.7817,13.45,12.87,14.526,SHADOW_ONLY,POSTGRESQL_DERIVED_SHADOW,False,False,,NEUTRAL,UNCLASSIFIED,NONE,WATCHLIST
2026-09-18|V3_BASELINE|VRNS,2026-09-18,V3_BASELINE,VRNS,99.6725,47.56,45.64,51.3648,SHADOW_ONLY,POSTGRESQL_DERIVED_SHADOW,False,False,,NEUTRAL,Cybersecurity,LEADING,WATCHLIST
2026-09-18|V3_BASELINE|ANET,2026-09-18,V3_BASELINE,ANET,99.5633,199.39,194.35,215.3412,SHADOW_ONLY,POSTGRESQL_DERIVED_SHADOW,False,False,,NEUTRAL,UNCLASSIFIED,NONE,WATCHLIST
2026-09-18|V3_BASELINE|DE,2026-09-18,V3_BASELINE,DE,99.4541,683.99,664.81,738.7092,SHADOW_ONLY,POSTGRESQL_DERIVED_SHADOW,False,False,,NEUTRAL,UNCLASSIFIED,NONE,WATCHLIST
2026-09-18|V3_BASELINE|MLYS,2026-09-18,V3_BASELINE,MLYS,99.345,28.02,26.8992,30.2616,SHADOW_ONLY,POSTGRESQL_DERIVED_SHADOW,False,False,,NEUTRAL,UNCLASSIFIED,NONE,WATCHLIST
2026-09-18|V3_BASELINE|HRMY,2026-09-18,V3_BASELINE,HRMY,99.2358,42.02,40.97,45.3816,SHADOW_ONLY,POSTGRESQL_DERIVED_SHADOW,False,False,,NEUTRAL,UNCLASSIFIED,NONE,WATCHLIST
2026-09-18|V3_BASELINE|SMMT,2026-09-18,V3_BASELINE,SMMT,99.1266,17.85,17.136,19.278,SHADOW_ONLY,POSTGRESQL_DERIVED_SHADOW,False,False,,NEUTRAL,UNCLASSIFIED,NONE,WATCHLIST
2026-09-18|V3_BASELINE|QRVO,2026-09-18,V3_BASELINE,QRVO,98.9629,117.18,113.7,126.5544,SHADOW_ONLY,POSTGRESQL_DERIVED_SHADOW,False,False,,NEUTRAL,UNCLASSIFIED,NONE,WATCHLIST
2026-09-18|VOLATILITY_CONTRACTION_BREAKOUT|HCA,2026-09-18,VOLATILITY_CONTRACTION_BREAKOUT,HCA,89.6452,427.71,416.27,461.9268,SHADOW_ONLY,POSTGRESQL_DERIVED_SHADOW,False,False,,NEUTRAL,UNCLASSIFIED,NONE,WATCHLIST
2026-09-18|VOLATILITY_CONTRACTION_BREAKOUT|UNM,2026-09-18,VOLATILITY_CONTRACTION_BREAKOUT,UNM,89.4541,95.19,93.19,102.8052,SHADOW_ONLY,POSTGRESQL_DERIVED_SHADOW,False,False,,NEUTRAL,UNCLASSIFIED,NONE,WATCHLIST
2026-09-18|VOLATILITY_CONTRACTION_BREAKOUT|WKC,2026-09-18,VOLATILITY_CONTRACTION_BREAKOUT,WKC,88.8537,35.95,35.51,38.826,SHADOW_ONLY,POSTGRESQL_DERIVED_SHADOW,False,False,,NEUTRAL,UNCLASSIFIED,NONE,WAIT FOR TRIGGER
2026-09-18|VOLATILITY_CONTRACTION_BREAKOUT|HRMY,2026-09-18,VOLATILITY_CONTRACTION_BREAKOUT,HRMY,88.7636,42.02,40.97,45.3816,SHADOW_ONLY,POSTGRESQL_DERIVED_SHADOW,False,False,,NEUTRAL,UNCLASSIFIED,NONE,WATCHLIST
2026-09-18|VOLATILITY_CONTRACTION_BREAKOUT|HTFL,2026-09-18,VOLATILITY_CONTRACTION_BREAKOUT,HTFL,88.5153,50.75,48.87,54.81,SHADOW_ONLY,POSTGRESQL_DERIVED_SHADOW,False,False,,NEUTRAL,UNCLASSIFIED,NONE,WATCHLIST
2026-09-18|VOLATILITY_CONTRACTION_BREAKOUT|GILD,2026-09-18,VOLATILITY_CONTRACTION_BREAKOUT,GILD,87.4973,150.11,145.2,162.1188,SHADOW_ONLY,POSTGRESQL_DERIVED_SHADOW,False,False,,NEUTRAL,UNCLASSIFIED,NONE,WATCHLIST
2026-09-18|VOLATILITY_CONTRACTION_BREAKOUT|EQH,2026-09-18,VOLATILITY_CONTRACTION_BREAKOUT,EQH,86.9187,53.95,52.33,58.266,SHADOW_ONLY,POSTGRESQL_DERIVED_SHADOW,False,False,,NEUTRAL,UNCLASSIFIED,NONE,WATCHLIST
2026-09-18|VOLATILITY_CONTRACTION_BREAKOUT|OPCH,2026-09-18,VOLATILITY_CONTRACTION_BREAKOUT,OPCH,86.7931,24.3,23.76,26.244,SHADOW_ONLY,POSTGRESQL_DERIVED_SHADOW,False,False,,NEUTRAL,UNCLASSIFIED,NONE,WATCHLIST
2026-09-18|VOLATILITY_CONTRACTION_BREAKOUT|VRNS,2026-09-18,VOLATILITY_CONTRACTION_BREAKOUT,VRNS,85.9525,47.56,45.64,51.3648,SHADOW_ONLY,POSTGRESQL_DERIVED_SHADOW,False,False,,NEUTRAL,Cybersecurity,LEADING,WATCHLIST
2026-09-18|VOLATILITY_CONTRACTION_BREAKOUT|BGC,2026-09-18,VOLATILITY_CONTRACTION_BREAKOUT,BGC,85.726,12.22,11.88,13.1976,SHADOW_ONLY,POSTGRESQL_DERIVED_SHADOW,False,False,,NEUTRAL,UNCLASSIFIED,NONE,WATCHLIST
