trader,legendary_setup,ticker,company_name,price,stage,theme,market_hunt_score,technical_score,formation_score,rs20_vs_spy,rsi14,atr_pct,adr20_pct,entry_trigger,entry_model,stop,effective_target,effective_rr,runway_to_next_resistance_pct,catalyst_status,catalyst_score,max_up_day_30d_pct,ten_pct_up_days_30d,explosive_move_30d,ema20,ema50,ema200,daily_support,daily_resistance,weekly_support,weekly_resistance,monthly_support,monthly_resistance,target_5,target_8,target_10,next_higher_resistance,intraday_rvol,pattern,legendary_score,setup_match,setup_reason,rsi_state,momentum_grade
High Momentum / High Beta Agent,Fast-Mover Momentum + Beta/Volatility,COIN,"Coinbase Global, Inc. - Class A Common Stock",184.53,FORMING,UNCLASSIFIED,89.9,92,68,26.59,52.4,6.17,5.51,196.76,RESISTANCE_BREAKOUT,184.95,212.5,1.33,13.01,STRONG,46,10.14,1,True,175.55,170.31,198.58,146.02,195.85,139.11,195.85,139.11,222.35,206.6,212.5,216.44,222.35,2.29,"20/50 uptrend, rising EMA50, tight range, bull flag/pullback, volume contraction, low-volume pullback",100.0,STRONG,"Fast-mover discovery: strong relative strength/RVOL plus high ATR/ADR; reported beta is rewarded when available, with R/R and runway used for ranking",NEUTRAL / RESET,GOOD SETUP
High Momentum / High Beta Agent,Fast-Mover Momentum + Beta/Volatility,BMNR,"BitMine Immersion Technologies, Inc. Common Stock",24.95,FORMING,UNCLASSIFIED,87.4,94,70,40.33,53.0,7.18,6.5,27.11,RESISTANCE_BREAKOUT,25.49,29.28,1.33,,ACTIVE,38,14.7,2,True,23.35,20.96,24.66,18.11,26.97,12.8,26.97,12.8,26.91,28.47,29.28,29.82,,0.86,"20/50 uptrend, rising EMA50, near EMA200 pivot, tight range, bull flag/pullback, volume contraction",100.0,STRONG,"Fast-mover discovery: strong relative strength/RVOL plus high ATR/ADR; reported beta is rewarded when available, with R/R and runway used for ranking",NEUTRAL / RESET,WEAK SETUP
High Momentum / High Beta Agent,Fast-Mover Momentum + Beta/Volatility,CRM,"Salesforce, Inc. Common Stock",253.04,FORMING,Cloud Computing,87.3,86,68,31.27,72.9,4.82,3.7,269.25,RESISTANCE_BREAKOUT,253.09,290.79,1.33,,ACTIVE,38,22.58,1,True,235.45,211.53,202.46,189.91,268.27,146.32,268.27,146.32,263.53,282.71,290.79,296.17,,1.25,"20/50 uptrend, rising EMA50, tight range, bull flag/pullback, volume contraction, low-volume pullback",100.0,STRONG,"Fast-mover discovery: strong relative strength/RVOL plus high ATR/ADR; reported beta is rewarded when available, with R/R and runway used for ranking",STRONG / EXTENDED WATCH,WEAK SETUP
High Momentum / High Beta Agent,Fast-Mover Momentum + Beta/Volatility,ANF,Abercrombie & Fitch Company Common Stock,142.14,FORMING,UNCLASSIFIED,79.0,84,60,33.75,66.8,6.42,4.87,155.95,RESISTANCE_BREAKOUT,146.59,168.43,1.33,,ACTIVE,38,35.67,1,True,134.81,118.47,99.27,100.43,155.22,83.98,155.22,69.68,154.58,163.75,168.43,171.54,,1.05,"20/50 uptrend, rising EMA50, tight range, bull flag/pullback, volume contraction, low-volume pullback",100.0,STRONG,"Fast-mover discovery: strong relative strength/RVOL plus high ATR/ADR; reported beta is rewarded when available, with R/R and runway used for ranking",MOMENTUM SWEET SPOT,WEAK SETUP
High Momentum / High Beta Agent,Fast-Mover Momentum + Beta/Volatility,IOVA,"Iovance Biotherapeutics, Inc. - Common Stock",8.77,FORMING,Biotechnology,75.1,82,58,27.87,60.9,4.54,6.33,9.39,RESISTANCE_BREAKOUT,8.83,10.14,1.33,,HISTORICAL / CONTEXT,20,43.09,3,True,8.03,6.78,4.57,6.7,9.36,3.76,9.36,3.18,9.36,9.86,10.14,10.33,,,"20/50 uptrend, rising EMA50, bull flag/pullback, volume contraction, low-volume pullback",100.0,STRONG,"Fast-mover discovery: strong relative strength/RVOL plus high ATR/ADR; reported beta is rewarded when available, with R/R and runway used for ranking",MOMENTUM SWEET SPOT,WEAK SETUP
High Momentum / High Beta Agent,Fast-Mover Momentum + Beta/Volatility,MSTR,Strategy Inc - Class A Common Stock,134.29,DISCOVER,UNCLASSIFIED,62.8,74,50,46.63,56.4,7.0,6.3,145.67,RESISTANCE_BREAKOUT,136.93,157.33,1.33,35.24,NOT CHECKED,0,17.56,3,True,125.22,117.71,152.07,92.45,144.92,81.81,144.92,81.81,197.0,152.96,157.33,160.24,197.0,,"20/50 uptrend, rising EMA50, bull flag/pullback, volume contraction, low-volume pullback",100.0,STRONG,"Fast-mover discovery: strong relative strength/RVOL plus high ATR/ADR; reported beta is rewarded when available, with R/R and runway used for ranking",MOMENTUM SWEET SPOT,GOOD SETUP
High Momentum / High Beta Agent,Fast-Mover Momentum + Beta/Volatility,CRCL,"Circle Internet Group, Inc. Class A Common Stock",92.54,DISCOVER,UNCLASSIFIED,59.4,70,46,31.55,53.8,7.57,6.79,103.84,RESISTANCE_BREAKOUT,97.61,112.15,1.33,34.82,NOT CHECKED,0,16.46,1,True,88.57,82.57,90.42,70.73,103.28,57.84,103.28,57.84,140.0,109.03,112.15,114.22,140.0,,"20/50 uptrend, rising EMA50, tight range, volume contraction, low-volume pullback",100.0,STRONG,"Fast-mover discovery: strong relative strength/RVOL plus high ATR/ADR; reported beta is rewarded when available, with R/R and runway used for ranking",NEUTRAL / RESET,GOOD SETUP
High Momentum / High Beta Agent,Fast-Mover Momentum + Beta/Volatility,BTDR,Bitdeer Technologies Group - Ordinary Shares,11.93,DISCOVER,UNCLASSIFIED,59.4,70,46,32.97,56.7,7.29,7.75,13.02,RESISTANCE_BREAKOUT,12.24,14.06,1.33,48.39,NOT CHECKED,0,10.89,1,True,11.34,11.66,12.83,8.52,12.95,8.44,19.32,6.92,20.72,13.67,14.06,14.32,19.32,,"rising EMA50, near EMA50 support, bull flag/pullback, volume contraction, low-volume pullback",100.0,STRONG,"Fast-mover discovery: strong relative strength/RVOL plus high ATR/ADR; reported beta is rewarded when available, with R/R and runway used for ranking",MOMENTUM SWEET SPOT,GOOD SETUP
High Momentum / High Beta Agent,Fast-Mover Momentum + Beta/Volatility,SBET,"Sharplink, Inc. - Common Stock",8.93,DISCOVER,UNCLASSIFIED,54.4,64,40,44.95,57.3,6.58,6.2,9.54,RESISTANCE_BREAKOUT,8.96,10.3,1.33,,NOT CHECKED,0,12.56,2,True,8.15,7.3,8.22,6.16,9.49,4.46,9.49,4.46,9.06,10.01,10.3,10.49,,,"20/50 uptrend, rising EMA50, volume contraction",100.0,STRONG,"Fast-mover discovery: strong relative strength/RVOL plus high ATR/ADR; reported beta is rewarded when available, with R/R and runway used for ranking",MOMENTUM SWEET SPOT,WEAK SETUP
High Momentum / High Beta Agent,Fast-Mover Momentum + Beta/Volatility,ASST,"Strive, Inc. - Class A Common Stock",28.56,DISCOVER,UNCLASSIFIED,54.2,66,48,134.22,84.0,7.86,8.73,29.22,RESISTANCE_BREAKOUT,27.47,31.56,1.33,,NOT CHECKED,0,15.08,4,True,23.03,18.64,25.37,12.27,29.04,10.53,29.04,7.66,24.48,30.68,31.56,32.14,,,"20/50 uptrend, rising EMA50, compressed below 20d resistance, volume contraction",100.0,STRONG,"Fast-mover discovery: strong relative strength/RVOL plus high ATR/ADR; reported beta is rewarded when available, with R/R and runway used for ranking",NEUTRAL / RESET,WEAK SETUP
High Momentum / High Beta Agent,Fast-Mover Momentum + Beta/Volatility,SMMT,Summit Therapeutics Inc.  - Common Stock,18.32,DISCOVER,UNCLASSIFIED,54.2,66,48,39.53,82.0,5.63,5.54,18.4,RESISTANCE_BREAKOUT,17.3,19.88,1.33,58.82,NOT CHECKED,0,17.33,1,True,15.67,15.02,16.28,12.07,18.32,12.07,18.32,12.07,29.23,19.32,19.88,20.24,29.23,,"20/50 uptrend, rising EMA50, compressed below 20d resistance, volume contraction",100.0,STRONG,"Fast-mover discovery: strong relative strength/RVOL plus high ATR/ADR; reported beta is rewarded when available, with R/R and runway used for ranking",NEUTRAL / RESET,GOOD SETUP
High Momentum / High Beta Agent,Fast-Mover Momentum + Beta/Volatility,MARA,"MARA Holdings, Inc. - Common Stock",11.65,REJECT,UNCLASSIFIED,45.8,54,30,28.88,53.1,7.45,7.8,12.54,RESISTANCE_BREAKOUT,11.79,13.54,1.33,31.03,NOT CHECKED,0,15.54,2,True,11.23,11.38,12.03,8.68,12.47,8.68,16.43,7.63,16.43,13.17,13.54,13.79,16.43,,"near EMA50 support, near EMA200 pivot, volume contraction",100.0,STRONG,"Fast-mover discovery: strong relative strength/RVOL plus high ATR/ADR; reported beta is rewarded when available, with R/R and runway used for ranking",NEUTRAL / RESET,GOOD SETUP
High Momentum / High Beta Agent,Fast-Mover Momentum + Beta/Volatility,BLSH,Bullish Ordinary Shares,37.71,REJECT,UNCLASSIFIED,43.6,50,32,56.91,72.3,5.75,5.94,37.71,RESISTANCE_BREAKOUT,35.45,40.73,1.33,29.75,NOT CHECKED,0,11.57,2,True,32.58,29.84,34.36,23.96,37.1,20.55,37.1,20.55,48.93,39.6,40.73,41.48,48.93,,"20/50 uptrend, rising EMA50, volume contraction",100.0,STRONG,"Fast-mover discovery: strong relative strength/RVOL plus high ATR/ADR; reported beta is rewarded when available, with R/R and runway used for ranking",STRONG / EXTENDED WATCH,GOOD SETUP
High Momentum / High Beta Agent,Fast-Mover Momentum + Beta/Volatility,SOC,Sable Offshore Corp. Common Stock,5.25,REJECT,UNCLASSIFIED,36.1,46,22,28.84,63.4,5.62,7.27,5.46,RESISTANCE_BREAKOUT,5.13,5.9,1.33,83.56,NOT CHECKED,0,19.8,1,True,4.84,5.53,9.78,3.78,5.43,2.88,10.02,2.88,19.25,5.73,5.9,6.0,10.02,,"compressed below 20d resistance, volume contraction",97.6,STRONG,"Fast-mover discovery: strong relative strength/RVOL plus high ATR/ADR; reported beta is rewarded when available, with R/R and runway used for ranking",MOMENTUM SWEET SPOT,GOOD SETUP
High Momentum / High Beta Agent,Fast-Mover Momentum + Beta/Volatility,DOCU,"DocuSign, Inc. - Common Stock",67.03,FORMING,UNCLASSIFIED,82.9,92,68,10.34,60.0,4.12,3.62,70.62,RESISTANCE_BREAKOUT,66.38,76.27,1.33,,ACTIVE,38,10.31,1,True,63.72,59.01,56.95,58.73,70.4,42.25,70.4,41.37,66.33,74.15,76.27,77.68,,1.49,"20/50 uptrend, rising EMA50, tight range, bull flag/pullback, volume contraction, low-volume pullback",89.3,STRONG,"Fast-mover discovery: strong relative strength/RVOL plus high ATR/ADR; reported beta is rewarded when available, with R/R and runway used for ranking",MOMENTUM SWEET SPOT,WEAK SETUP
High Momentum / High Beta Agent,Fast-Mover Momentum + Beta/Volatility,CRWD,"CrowdStrike Holdings, Inc. - Class A Common Stock",232.25,FORMING,Cybersecurity,75.9,78,58,9.35,64.3,6.33,5.43,235.06,RESISTANCE_BREAKOUT,220.95,253.86,1.33,,ACTIVE,41,20.5,2,True,210.63,200.55,159.21,181.24,233.88,165.5,233.88,90.45,233.88,246.81,253.86,258.56,,,"20/50 uptrend, rising EMA50, compressed below 20d resistance, tight range, volume contraction",87.9,STRONG,"Fast-mover discovery: strong relative strength/RVOL plus high ATR/ADR; reported beta is rewarded when available, with R/R and runway used for ranking",MOMENTUM SWEET SPOT,WEAK SETUP
High Momentum / High Beta Agent,Fast-Mover Momentum + Beta/Volatility,BE,Bloom Energy Corporation Class A Common Stock,256.99,DISCOVER,UNCLASSIFIED,51.4,64,40,14.06,67.4,6.67,6.51,285.2,RESISTANCE_BREAKOUT,268.09,308.02,1.33,23.17,NOT CHECKED,0,12.29,1,True,238.82,234.2,200.82,185.93,283.83,157.33,351.28,116.5,351.28,299.46,308.02,313.72,351.28,,"20/50 uptrend, rising EMA50, bull flag/pullback",87.0,STRONG,"Fast-mover discovery: strong relative strength/RVOL plus high ATR/ADR; reported beta is rewarded when available, with R/R and runway used for ranking",MOMENTUM SWEET SPOT,GOOD SETUP
High Momentum / High Beta Agent,Fast-Mover Momentum + Beta/Volatility,SEDG,"SolarEdge Technologies, Inc. - Common Stock",37.0,REJECT,UNCLASSIFIED,36.0,48,24,16.43,68.7,7.22,6.73,37.92,RESISTANCE_BREAKOUT,35.65,40.96,1.33,60.72,NOT CHECKED,0,10.71,1,True,34.77,38.94,41.96,29.51,37.71,29.51,60.95,29.51,81.25,39.82,40.96,41.72,60.95,,compressed below 20d resistance,86.8,STRONG,"Fast-mover discovery: strong relative strength/RVOL plus high ATR/ADR; reported beta is rewarded when available, with R/R and runway used for ranking",MOMENTUM SWEET SPOT,GOOD SETUP
High Momentum / High Beta Agent,Fast-Mover Momentum + Beta/Volatility,AMLX,"Amylyx Pharmaceuticals, Inc. - Common Stock",31.9,DISCOVER,UNCLASSIFIED,60.6,70,52,49.78,14.4,5.19,6.16,41.27,RESISTANCE_BREAKOUT,38.8,44.57,1.33,,NOT CHECKED,0,63.84,2,True,32.12,27.39,19.19,21.28,41.14,15.71,41.14,12.44,41.14,43.34,44.57,45.4,,,"above EMA50, rising EMA50, tight range, bull flag/pullback, volume contraction, low-volume pullback",85.8,STRONG,"Fast-mover discovery: strong relative strength/RVOL plus high ATR/ADR; reported beta is rewarded when available, with R/R and runway used for ranking",WEAK MOMENTUM,WEAK SETUP
High Momentum / High Beta Agent,Fast-Mover Momentum + Beta/Volatility,DELL,Dell Technologies Inc. Class C Common Stock ,531.99,FORMING,UNCLASSIFIED,55.6,82,58,10.69,65.4,6.35,5.98,570.45,RESISTANCE_BREAKOUT,536.22,616.09,1.33,,NEGATIVE RISK,28,15.81,2,True,493.01,452.37,310.75,421.89,567.75,358.88,567.75,136.85,514.0,598.97,616.09,627.5,,,"20/50 uptrend, rising EMA50, bull flag/pullback, volume contraction, low-volume pullback",85.8,STRONG,"Fast-mover discovery: strong relative strength/RVOL plus high ATR/ADR; reported beta is rewarded when available, with R/R and runway used for ranking",MOMENTUM SWEET SPOT,WEAK SETUP
High Momentum / High Beta Agent,Fast-Mover Momentum + Beta/Volatility,CVI,CVR Energy Inc. Common Stock,49.56,REJECT,UNCLASSIFIED,42.4,52,34,42.87,96.0,4.66,5.22,52.58,RESISTANCE_BREAKOUT,49.43,56.79,1.33,,NOT CHECKED,0,10.27,1,True,42.96,38.3,33.07,34.86,52.4,25.97,52.4,24.16,43.47,55.21,56.79,57.84,,,"20/50 uptrend, rising EMA50",85.5,STRONG,"Fast-mover discovery: strong relative strength/RVOL plus high ATR/ADR; reported beta is rewarded when available, with R/R and runway used for ranking",NEUTRAL / RESET,WEAK SETUP
High Momentum / High Beta Agent,Fast-Mover Momentum + Beta/Volatility,OKTA,"Okta, Inc. - Class A Common Stock",182.26,DISCOVER,UNCLASSIFIED,52.2,60,42,25.93,74.7,5.97,5.12,182.26,RESISTANCE_BREAKOUT,171.32,196.84,1.33,,NOT CHECKED,0,28.63,1,True,161.59,148.27,115.29,127.6,179.44,113.87,179.44,62.66,174.85,191.37,196.84,200.49,,,"20/50 uptrend, rising EMA50, tight range, volume contraction",84.9,STRONG,"Fast-mover discovery: strong relative strength/RVOL plus high ATR/ADR; reported beta is rewarded when available, with R/R and runway used for ranking",STRONG / EXTENDED WATCH,WEAK SETUP
High Momentum / High Beta Agent,Fast-Mover Momentum + Beta/Volatility,HOOD,"Robinhood Markets, Inc. - Class A Common Stock",113.32,DISCOVER,UNCLASSIFIED,62.8,74,50,20.89,58.9,5.71,5.65,125.77,RESISTANCE_BREAKOUT,118.22,135.83,1.33,,NOT CHECKED,0,16.57,2,True,109.18,103.28,99.14,91.44,125.25,83.68,125.25,63.51,120.05,132.06,135.83,138.34,,,"20/50 uptrend, rising EMA50, bull flag/pullback, volume contraction, low-volume pullback",83.3,STRONG,"Fast-mover discovery: strong relative strength/RVOL plus high ATR/ADR; reported beta is rewarded when available, with R/R and runway used for ranking",MOMENTUM SWEET SPOT,WEAK SETUP
High Momentum / High Beta Agent,Fast-Mover Momentum + Beta/Volatility,CLSK,"CleanSpark, Inc. - Common Stock",13.48,REJECT,UNCLASSIFIED,36.0,46,22,13.81,59.4,6.82,7.1,14.1,RESISTANCE_BREAKOUT,13.26,15.23,1.33,35.07,NOT CHECKED,0,11.03,1,True,12.7,13.03,12.92,10.77,14.03,10.77,19.05,8.0,19.17,14.81,15.23,15.51,19.05,,volume contraction,83.3,STRONG,"Fast-mover discovery: strong relative strength/RVOL plus high ATR/ADR; reported beta is rewarded when available, with R/R and runway used for ranking",MOMENTUM SWEET SPOT,GOOD SETUP
High Momentum / High Beta Agent,Fast-Mover Momentum + Beta/Volatility,DK,"Delek US Holdings, Inc. Common Stock",77.45,DISCOVER,UNCLASSIFIED,60.6,70,52,20.6,73.5,5.42,5.72,78.77,RESISTANCE_BREAKOUT,74.04,85.07,1.33,,NOT CHECKED,0,11.6,1,True,71.79,65.62,49.79,63.13,78.43,40.74,78.43,36.68,75.24,82.7,85.07,86.64,,,"20/50 uptrend, rising EMA50, compressed below 20d resistance, tight range",82.0,STRONG,"Fast-mover discovery: strong relative strength/RVOL plus high ATR/ADR; reported beta is rewarded when available, with R/R and runway used for ranking",STRONG / EXTENDED WATCH,WEAK SETUP
High Momentum / High Beta Agent,Fast-Mover Momentum + Beta/Volatility,NVAX,"Novavax, Inc. - Common Stock",9.18,DISCOVER,UNCLASSIFIED,54.2,66,42,16.28,54.3,6.75,6.18,10.8,RESISTANCE_BREAKOUT,10.15,11.61,1.25,7.5,NOT CHECKED,0,10.84,1,True,9.32,8.94,8.69,7.84,10.75,7.15,10.75,7.15,11.61,11.34,11.66,11.88,11.61,,"above EMA50, rising EMA50, near EMA50 support, volume contraction, low-volume pullback",81.4,STRONG,"Fast-mover discovery: strong relative strength/RVOL plus high ATR/ADR; reported beta is rewarded when available, with R/R and runway used for ranking",NEUTRAL / RESET,GOOD SETUP
High Momentum / High Beta Agent,Fast-Mover Momentum + Beta/Volatility,TXG,"10x Genomics, Inc. - Common Stock",66.89,DISCOVER,UNCLASSIFIED,54.4,64,40,21.56,57.0,5.3,5.59,69.95,RESISTANCE_BREAKOUT,65.76,75.55,1.33,,NOT CHECKED,0,14.1,3,True,62.64,54.54,34.92,55.25,69.67,31.3,69.67,15.9,66.94,73.45,75.55,76.95,,,"20/50 uptrend, rising EMA50, volume contraction",80.2,STRONG,"Fast-mover discovery: strong relative strength/RVOL plus high ATR/ADR; reported beta is rewarded when available, with R/R and runway used for ranking",MOMENTUM SWEET SPOT,WEAK SETUP
High Momentum / High Beta Agent,Fast-Mover Momentum + Beta/Volatility,RIOT,"Riot Platforms, Inc. - Common Stock",20.79,REJECT,UNCLASSIFIED,45.5,62,38,11.64,53.2,6.86,6.96,22.98,RESISTANCE_BREAKOUT,21.61,24.82,1.33,31.92,NOT CHECKED,0,13.44,1,True,20.67,21.05,19.91,17.39,22.87,17.39,30.32,11.5,30.32,24.13,24.82,25.28,30.32,,"near EMA50 support, bull flag/pullback, volume contraction, low-volume pullback",80.2,STRONG,"Fast-mover discovery: strong relative strength/RVOL plus high ATR/ADR; reported beta is rewarded when available, with R/R and runway used for ranking",NEUTRAL / RESET,GOOD SETUP
High Momentum / High Beta Agent,Fast-Mover Momentum + Beta/Volatility,GLXY,Galaxy Digital Inc. - Class A common stock,23.83,REJECT,UNCLASSIFIED,40.7,56,32,12.34,53.3,7.42,6.78,27.66,RESISTANCE_BREAKOUT,26.0,29.87,1.33,30.51,NOT CHECKED,0,10.14,1,True,24.14,24.13,25.9,20.01,27.52,18.22,36.1,16.43,36.1,29.04,29.87,30.43,36.1,,"rising EMA50, near EMA50 support, volume contraction, low-volume pullback",80.1,STRONG,"Fast-mover discovery: strong relative strength/RVOL plus high ATR/ADR; reported beta is rewarded when available, with R/R and runway used for ranking",NEUTRAL / RESET,GOOD SETUP
High Momentum / High Beta Agent,Fast-Mover Momentum + Beta/Volatility,SG,"Sweetgreen, Inc. Class A Common Stock",7.11,DISCOVER,UNCLASSIFIED,53.8,66,42,15.44,52.3,5.37,5.82,7.39,RESISTANCE_BREAKOUT,6.95,7.98,1.33,28.41,NOT CHECKED,0,10.31,1,True,6.74,6.82,7.06,5.67,7.36,5.0,9.49,4.49,10.63,7.76,7.98,8.13,9.49,,"rising EMA50, near EMA200 pivot, compressed below 20d resistance",79.7,STRONG,"Fast-mover discovery: strong relative strength/RVOL plus high ATR/ADR; reported beta is rewarded when available, with R/R and runway used for ranking",NEUTRAL / RESET,GOOD SETUP
High Momentum / High Beta Agent,Fast-Mover Momentum + Beta/Volatility,BULL,Webull Corporation - Class A Ordinary Shares,9.15,DISCOVER,UNCLASSIFIED,60.9,74,50,16.17,57.8,5.49,5.82,10.23,RESISTANCE_BREAKOUT,9.62,11.05,1.33,,NOT CHECKED,0,11.11,1,True,9.01,8.29,8.05,7.83,10.19,6.32,10.19,4.5,9.95,10.74,11.05,11.25,,,"20/50 uptrend, rising EMA50, bull flag/pullback, volume contraction, low-volume pullback",78.0,STRONG,"Fast-mover discovery: strong relative strength/RVOL plus high ATR/ADR; reported beta is rewarded when available, with R/R and runway used for ranking",MOMENTUM SWEET SPOT,WEAK SETUP
High Momentum / High Beta Agent,Fast-Mover Momentum + Beta/Volatility,TEM,"Tempus AI, Inc. - Class A Common Stock",58.77,FORMING,UNCLASSIFIED,71.1,80,62,15.1,33.9,6.98,6.99,73.29,RESISTANCE_BREAKOUT,68.89,79.15,1.33,,WEAK,22,24.09,2,True,60.84,57.44,58.91,49.35,72.96,40.77,72.96,40.77,72.96,76.95,79.15,80.62,,,"above EMA50, rising EMA50, near EMA50 support, near EMA200 pivot, tight range, volume contraction",75.6,STRONG,"Fast-mover discovery: strong relative strength/RVOL plus high ATR/ADR; reported beta is rewarded when available, with R/R and runway used for ranking",WEAK MOMENTUM,WEAK SETUP
High Momentum / High Beta Agent,Fast-Mover Momentum + Beta/Volatility,HTFL,"Heartflow, Inc. - Common Stock",50.14,DISCOVER,UNCLASSIFIED,57.2,66,48,21.46,49.8,4.65,5.26,51.96,RESISTANCE_BREAKOUT,48.85,56.12,1.33,,NOT CHECKED,0,35.7,1,True,45.92,39.5,32.71,40.67,51.78,23.87,51.78,20.41,51.19,54.56,56.12,57.16,,,"20/50 uptrend, rising EMA50, compressed below 20d resistance, volume contraction",74.1,WATCH,"Fast-mover discovery: strong relative strength/RVOL plus high ATR/ADR; reported beta is rewarded when available, with R/R and runway used for ranking",NEUTRAL / RESET,WEAK SETUP
High Momentum / High Beta Agent,Fast-Mover Momentum + Beta/Volatility,SMTC,Semtech Corporation - Common Stock,153.8,REJECT,UNCLASSIFIED,43.5,56,32,11.88,67.6,7.21,7.21,171.32,RESISTANCE_BREAKOUT,161.04,175.69,0.43,2.55,NOT CHECKED,0,11.16,2,True,144.72,138.66,115.64,115.0,170.43,103.1,175.69,69.16,177.35,179.88,185.02,188.45,175.69,,"20/50 uptrend, rising EMA50, volume contraction",74.1,WATCH,"Fast-mover discovery: strong relative strength/RVOL plus high ATR/ADR; reported beta is rewarded when available, with R/R and runway used for ranking",MOMENTUM SWEET SPOT,WEAK SETUP
High Momentum / High Beta Agent,Fast-Mover Momentum + Beta/Volatility,TEAM,Atlassian Corporation  - Class A Common Stock,182.18,DISCOVER,UNCLASSIFIED,60.2,74,50,14.61,57.5,5.3,4.79,199.37,RESISTANCE_BREAKOUT,187.41,215.32,1.33,,NOT CHECKED,0,35.31,2,True,173.51,146.77,121.93,156.55,198.6,74.41,198.6,56.01,197.3,209.34,215.32,219.31,,,"20/50 uptrend, rising EMA50, bull flag/pullback, volume contraction, low-volume pullback",73.6,WATCH,"Fast-mover discovery: strong relative strength/RVOL plus high ATR/ADR; reported beta is rewarded when available, with R/R and runway used for ranking",MOMENTUM SWEET SPOT,WEAK SETUP
High Momentum / High Beta Agent,Fast-Mover Momentum + Beta/Volatility,FIGR,"Figure Technology Solutions, Inc. - Class A Common Stock",35.5,DISCOVER,UNCLASSIFIED,56.6,68,50,15.25,43.2,7.9,7.37,41.72,RESISTANCE_BREAKOUT,39.22,44.67,1.18,7.07,NOT CHECKED,0,13.76,2,True,35.44,33.65,35.09,31.45,41.5,24.11,41.5,24.11,44.67,43.81,45.06,45.9,44.67,,"20/50 uptrend, rising EMA50, near EMA200 pivot, bull flag/pullback",73.6,WATCH,"Fast-mover discovery: strong relative strength/RVOL plus high ATR/ADR; reported beta is rewarded when available, with R/R and runway used for ranking",WEAK MOMENTUM,WEAK SETUP
High Momentum / High Beta Agent,Fast-Mover Momentum + Beta/Volatility,FMC,FMC Corporation Common Stock,11.24,REJECT,UNCLASSIFIED,37.2,50,32,13.04,49.6,5.78,4.99,13.51,RESISTANCE_BREAKOUT,12.7,14.59,1.33,34.42,NOT CHECKED,0,12.21,1,True,11.67,11.53,15.15,9.98,13.46,9.95,13.46,9.95,18.16,14.19,14.59,14.86,18.16,,"rising EMA50, near EMA50 support, volume contraction, low-volume pullback",72.2,WATCH,"Fast-mover discovery: strong relative strength/RVOL plus high ATR/ADR; reported beta is rewarded when available, with R/R and runway used for ranking",NEUTRAL / RESET,GOOD SETUP
High Momentum / High Beta Agent,Fast-Mover Momentum + Beta/Volatility,ASO,"Academy Sports and Outdoors, Inc. - Common Stock",54.26,REJECT,UNCLASSIFIED,43.0,52,34,15.38,71.0,3.97,3.75,57.05,RESISTANCE_BREAKOUT,53.63,61.45,1.29,7.71,NOT CHECKED,0,14.4,1,True,48.01,47.93,50.17,42.02,56.88,42.02,56.88,42.02,61.45,59.91,61.62,62.76,61.45,,"20/50 uptrend, rising EMA50",70.7,WATCH,"Fast-mover discovery: strong relative strength/RVOL plus high ATR/ADR; reported beta is rewarded when available, with R/R and runway used for ranking",MOMENTUM SWEET SPOT,GOOD SETUP
High Momentum / High Beta Agent,Fast-Mover Momentum + Beta/Volatility,PTEN,"Patterson-UTI Energy, Inc. - Common Stock",12.69,DISCOVER,UNCLASSIFIED,60.2,74,50,14.76,63.0,4.43,4.14,13.44,RESISTANCE_BREAKOUT,12.63,14.51,1.33,,NOT CHECKED,0,11.35,1,True,12.24,11.44,9.69,10.95,13.39,8.43,13.39,8.34,12.86,14.11,14.51,14.78,,,"20/50 uptrend, rising EMA50, tight range, volume contraction",70.4,WATCH,"Fast-mover discovery: strong relative strength/RVOL plus high ATR/ADR; reported beta is rewarded when available, with R/R and runway used for ranking",MOMENTUM SWEET SPOT,WEAK SETUP
High Momentum / High Beta Agent,Fast-Mover Momentum + Beta/Volatility,NOW,"ServiceNow, Inc. Common Stock",137.84,DISCOVER,UNCLASSIFIED,59.6,74,50,13.46,57.4,5.07,4.08,150.16,RESISTANCE_BREAKOUT,141.15,162.17,1.33,,NOT CHECKED,0,10.04,1,True,132.76,123.59,124.83,117.59,149.6,89.39,149.6,81.24,149.6,157.67,162.17,165.17,,,"20/50 uptrend, rising EMA50, bull flag/pullback, volume contraction, low-volume pullback",70.3,WATCH,"Fast-mover discovery: strong relative strength/RVOL plus high ATR/ADR; reported beta is rewarded when available, with R/R and runway used for ranking",MOMENTUM SWEET SPOT,WEAK SETUP
High Momentum / High Beta Agent,Fast-Mover Momentum + Beta/Volatility,AVAH,Aveanna Healthcare Holdings Inc. - Common Stock,14.29,DISCOVER,UNCLASSIFIED,55.2,66,42,18.29,60.6,3.62,4.14,14.58,RESISTANCE_BREAKOUT,13.71,15.75,1.34,,NOT CHECKED,0,24.75,1,True,13.16,11.55,9.19,11.98,14.54,7.76,14.54,5.93,14.0,15.31,15.75,16.04,,,"20/50 uptrend, rising EMA50, compressed below 20d resistance",70.3,WATCH,"Fast-mover discovery: strong relative strength/RVOL plus high ATR/ADR; reported beta is rewarded when available, with R/R and runway used for ranking",MOMENTUM SWEET SPOT,WEAK SETUP
High Momentum / High Beta Agent,Fast-Mover Momentum + Beta/Volatility,ROIV,Roivant Sciences Ltd. - Common Shares,41.14,DISCOVER,UNCLASSIFIED,54.0,66,42,15.95,67.6,4.17,3.57,42.64,RESISTANCE_BREAKOUT,40.08,46.05,1.33,,NOT CHECKED,0,18.75,1,True,37.7,35.83,29.55,33.43,42.5,30.7,42.5,25.95,37.97,44.77,46.05,46.9,,,"20/50 uptrend, rising EMA50, compressed below 20d resistance",67.7,WATCH,"Fast-mover discovery: strong relative strength/RVOL plus high ATR/ADR; reported beta is rewarded when available, with R/R and runway used for ranking",MOMENTUM SWEET SPOT,WEAK SETUP
High Momentum / High Beta Agent,Fast-Mover Momentum + Beta/Volatility,CRK,"Comstock Resources, Inc. Common Stock",14.66,DISCOVER,UNCLASSIFIED,53.5,70,50,6.57,53.7,4.86,4.29,16.18,RESISTANCE_BREAKOUT,15.21,17.47,1.33,44.9,NOT CHECKED,0,11.02,1,True,14.64,14.32,16.23,13.4,16.12,12.12,16.12,12.12,23.44,16.99,17.47,17.79,23.44,,"20/50 uptrend, rising EMA50, near EMA50 support, volume contraction, low-volume pullback",67.0,WATCH,"Fast-mover discovery: strong relative strength/RVOL plus high ATR/ADR; reported beta is rewarded when available, with R/R and runway used for ranking",NEUTRAL / RESET,GOOD SETUP
High Momentum / High Beta Agent,Fast-Mover Momentum + Beta/Volatility,CAI,"Caris Life Sciences, Inc. - Common Stock",24.59,FORMING,Biotechnology,70.5,78,60,15.1,39.7,5.03,5.03,28.42,RESISTANCE_BREAKOUT,26.71,30.69,1.33,,HISTORICAL / CONTEXT,20,21.58,2,True,24.09,21.87,21.82,20.78,28.32,15.11,28.32,14.19,28.32,29.84,30.69,31.26,,,"20/50 uptrend, rising EMA50, tight range, bull flag/pullback, volume contraction, low-volume pullback",66.2,WATCH,"Fast-mover discovery: strong relative strength/RVOL plus high ATR/ADR; reported beta is rewarded when available, with R/R and runway used for ranking",WEAK MOMENTUM,WEAK SETUP
High Momentum / High Beta Agent,Fast-Mover Momentum + Beta/Volatility,FA,First Advantage Corporation - Common Stock,21.83,DISCOVER,UNCLASSIFIED,49.9,64,48,3.44,59.9,3.56,3.6,21.83,RESISTANCE_BREAKOUT,20.79,23.57,1.69,15.23,NOT CHECKED,0,17.32,1,True,20.93,20.26,16.89,19.9,21.73,15.82,25.15,10.28,25.15,22.92,23.57,24.01,25.15,,"20/50 uptrend, rising EMA50, compressed below 20d resistance, volume contraction",65.9,WATCH,"Fast-mover discovery: strong relative strength/RVOL plus high ATR/ADR; reported beta is rewarded when available, with R/R and runway used for ranking",MOMENTUM SWEET SPOT,GOOD SETUP
High Momentum / High Beta Agent,Fast-Mover Momentum + Beta/Volatility,NTSK,"Netskope, Inc. - Class A Common Stock",16.23,DISCOVER,UNCLASSIFIED,43.3,58,42,4.96,63.6,6.66,6.26,16.23,RESISTANCE_BREAKOUT,15.26,16.58,0.36,2.16,NOT CHECKED,0,10.41,2,True,14.59,13.73,13.93,13.14,15.64,8.69,16.58,7.66,16.58,17.04,17.53,17.85,16.58,,"20/50 uptrend, rising EMA50, compressed below 20d resistance",64.5,WATCH,"Fast-mover discovery: strong relative strength/RVOL plus high ATR/ADR; reported beta is rewarded when available, with R/R and runway used for ranking",MOMENTUM SWEET SPOT,WEAK SETUP
High Momentum / High Beta Agent,Fast-Mover Momentum + Beta/Volatility,CLMT,"Calumet, Inc - Common Stock",56.91,DISCOVER,UNCLASSIFIED,49.2,60,42,21.56,82.1,3.99,4.31,58.58,RESISTANCE_BREAKOUT,55.07,63.27,1.33,,NOT CHECKED,0,15.17,1,True,51.58,46.55,35.06,45.73,58.4,31.7,58.4,26.41,51.5,61.51,63.27,64.44,,,"20/50 uptrend, rising EMA50, compressed below 20d resistance",64.0,WATCH,"Fast-mover discovery: strong relative strength/RVOL plus high ATR/ADR; reported beta is rewarded when available, with R/R and runway used for ranking",NEUTRAL / RESET,WEAK SETUP
High Momentum / High Beta Agent,Fast-Mover Momentum + Beta/Volatility,WIX,Wix.com Ltd. - Ordinary Shares,81.33,DISCOVER,UNCLASSIFIED,48.2,60,42,12.01,45.7,6.2,5.56,97.2,RESISTANCE_BREAKOUT,91.37,104.98,1.33,,NOT CHECKED,0,17.49,2,True,77.75,70.72,81.51,69.27,96.8,40.16,96.8,40.16,94.83,102.06,104.98,106.92,,,"20/50 uptrend, rising EMA50, near EMA200 pivot, volume contraction",61.1,WATCH,"Fast-mover discovery: strong relative strength/RVOL plus high ATR/ADR; reported beta is rewarded when available, with R/R and runway used for ranking",NEUTRAL / RESET,WEAK SETUP
High Momentum / High Beta Agent,Fast-Mover Momentum + Beta/Volatility,SNAP,Snap Inc. Class A Common Stock,5.63,DISCOVER,UNCLASSIFIED,46.6,62,42,6.38,52.0,5.66,5.29,6.07,RESISTANCE_BREAKOUT,5.7,6.36,0.8,4.77,NOT CHECKED,0,14.88,1,True,5.44,5.28,5.74,5.03,6.04,4.27,6.04,3.81,6.36,6.37,6.55,6.67,6.36,,"20/50 uptrend, rising EMA50, near EMA200 pivot, volume contraction",60.5,WATCH,"Fast-mover discovery: strong relative strength/RVOL plus high ATR/ADR; reported beta is rewarded when available, with R/R and runway used for ranking",NEUTRAL / RESET,WEAK SETUP
High Momentum / High Beta Agent,Fast-Mover Momentum + Beta/Volatility,HUBS,"HubSpot, Inc. Common Stock",238.49,REJECT,UNCLASSIFIED,37.1,48,34,8.7,47.3,5.17,4.48,265.99,RESISTANCE_BREAKOUT,250.03,287.26,1.33,11.66,NOT CHECKED,0,14.46,1,True,237.69,230.02,269.78,214.8,265.0,169.63,265.0,169.63,297.0,279.28,287.26,292.58,297.0,,"20/50 uptrend, rising EMA50",59.8,WATCH,"Fast-mover discovery: strong relative strength/RVOL plus high ATR/ADR; reported beta is rewarded when available, with R/R and runway used for ranking",NEUTRAL / RESET,WEAK SETUP
