trader,legendary_setup,ticker,company_name,price,stage,theme,market_hunt_score,technical_score,formation_score,rs20_vs_spy,rsi14,atr_pct,adr20_pct,entry_trigger,entry_model,stop,effective_target,effective_rr,runway_to_next_resistance_pct,catalyst_status,catalyst_score,max_up_day_30d_pct,ten_pct_up_days_30d,explosive_move_30d,ema20,ema50,ema200,daily_support,daily_resistance,weekly_support,weekly_resistance,monthly_support,monthly_resistance,target_5,target_8,target_10,next_higher_resistance,intraday_rvol,pattern,legendary_score,setup_match,setup_reason,rsi_state,superstock_grade,superstock_action
Superstock Agent,Explosive Leader / Early Supertrend Candidate,SIG,Signet Jewelers Limited Common Shares,102.96,FORMING,UNCLASSIFIED,70.1,74,56,22.47,72.6,4.55,4.01,103.86,RESISTANCE_BREAKOUT,97.63,112.17,1.33,,ACTIVE,30,23.96,1,True,92.08,89.77,89.16,79.01,103.49,79.01,103.49,71.34,100.41,109.06,112.17,114.25,,,"20/50 uptrend, rising EMA50, compressed below 20d resistance, bull flag/pullback",100.0,STRONG,Explosive 30-day behavior + liquid leadership + high relative strength + constructive structure + catalyst/theme support + asymmetric runway,STRONG / EXTENDED WATCH,B WATCH,MONITOR ONLY
Superstock Agent,Explosive Leader / Early Supertrend Candidate,NOW,"ServiceNow, Inc. Common Stock",141.11,DISCOVER,Cloud Computing,67.9,74,50,19.09,61.0,5.18,4.15,150.18,RESISTANCE_BREAKOUT,141.17,162.2,1.33,,NOT CHECKED,0,10.04,1,True,134.69,125.13,124.96,118.51,149.6,89.39,149.6,81.24,149.6,157.69,162.2,165.2,,,"20/50 uptrend, rising EMA50, tight range, volume contraction",100.0,STRONG,Explosive 30-day behavior + liquid leadership + high relative strength + constructive structure + catalyst/theme support + asymmetric runway,MOMENTUM SWEET SPOT,B WATCH,MONITOR ONLY
Superstock Agent,Explosive Leader / Early Supertrend Candidate,SG,"Sweetgreen, Inc. Class A Common Stock",6.78,FORMING,UNCLASSIFIED,65.8,74,56,17.58,48.7,6.15,5.89,7.43,RESISTANCE_BREAKOUT,6.99,8.03,1.33,27.67,ACTIVE,30,10.31,1,True,6.77,6.82,7.09,5.95,7.4,5.0,9.49,4.49,10.63,7.81,8.03,8.18,9.49,,"rising EMA50, near EMA50 support, near EMA200 pivot, tight range, bull flag/pullback",100.0,STRONG,Explosive 30-day behavior + liquid leadership + high relative strength + constructive structure + catalyst/theme support + asymmetric runway,NEUTRAL / RESET,B WATCH,MONITOR ONLY
Superstock Agent,Explosive Leader / Early Supertrend Candidate,MSTR,Strategy Inc - Class A Common Stock,125.81,DISCOVER,UNCLASSIFIED,64.6,76,52,36.98,51.3,7.55,6.31,145.68,RESISTANCE_BREAKOUT,136.94,157.33,1.33,35.23,NOT CHECKED,0,17.56,3,True,125.86,118.58,152.2,94.3,144.92,81.81,144.92,81.81,197.0,152.96,157.33,160.25,197.0,,"above EMA50, rising EMA50, tight range, bull flag/pullback, volume contraction, low-volume pullback",100.0,STRONG,Explosive 30-day behavior + liquid leadership + high relative strength + constructive structure + catalyst/theme support + asymmetric runway,NEUTRAL / RESET,B WATCH,MONITOR ONLY
Superstock Agent,Explosive Leader / Early Supertrend Candidate,SMMT,Summit Therapeutics Inc.  - Common Stock,17.48,DISCOVER,UNCLASSIFIED,62.8,74,50,37.31,69.2,5.67,5.55,18.91,RESISTANCE_BREAKOUT,17.77,20.42,1.33,54.58,NOT CHECKED,0,17.33,1,True,16.0,15.21,16.24,12.22,18.83,12.07,18.32,12.07,29.23,19.85,20.42,20.8,29.23,,"20/50 uptrend, rising EMA50, bull flag/pullback, volume contraction, low-volume pullback",100.0,STRONG,Explosive 30-day behavior + liquid leadership + high relative strength + constructive structure + catalyst/theme support + asymmetric runway,MOMENTUM SWEET SPOT,B WATCH,MONITOR ONLY
Superstock Agent,Explosive Leader / Early Supertrend Candidate,NVAX,"Novavax, Inc. - Common Stock",9.32,DISCOVER,UNCLASSIFIED,62.1,74,50,18.59,51.8,6.36,6.22,10.8,RESISTANCE_BREAKOUT,10.15,11.61,1.25,7.53,NOT CHECKED,0,10.84,1,True,9.34,8.98,8.75,8.02,10.75,7.15,10.75,7.15,11.61,11.34,11.66,11.88,11.61,,"above EMA50, rising EMA50, bull flag/pullback, volume contraction, low-volume pullback",100.0,STRONG,Explosive 30-day behavior + liquid leadership + high relative strength + constructive structure + catalyst/theme support + asymmetric runway,NEUTRAL / RESET,B WATCH,MONITOR ONLY
Superstock Agent,Explosive Leader / Early Supertrend Candidate,TEAM,Atlassian Corporation  - Class A Common Stock,189.71,DISCOVER,UNCLASSIFIED,61.5,74,50,17.39,63.4,5.15,4.8,199.38,RESISTANCE_BREAKOUT,187.42,215.33,1.33,,NOT CHECKED,0,35.31,2,True,177.28,150.46,123.23,160.96,198.6,74.41,198.6,56.01,197.3,209.35,215.33,219.32,,,"20/50 uptrend, rising EMA50, tight range, volume contraction",100.0,STRONG,Explosive 30-day behavior + liquid leadership + high relative strength + constructive structure + catalyst/theme support + asymmetric runway,MOMENTUM SWEET SPOT,B WATCH,MONITOR ONLY
Superstock Agent,Explosive Leader / Early Supertrend Candidate,BE,Bloom Energy Corporation Class A Common Stock,270.2,DISCOVER,UNCLASSIFIED,61.2,72,48,30.28,67.3,6.32,6.23,285.2,RESISTANCE_BREAKOUT,268.08,308.01,1.33,23.17,NOT CHECKED,0,12.29,1,True,243.58,236.56,202.59,185.93,283.83,157.33,351.28,116.5,351.28,299.46,308.01,313.72,351.28,,"20/50 uptrend, rising EMA50, bull flag/pullback",100.0,STRONG,Explosive 30-day behavior + liquid leadership + high relative strength + constructive structure + catalyst/theme support + asymmetric runway,MOMENTUM SWEET SPOT,B WATCH,MONITOR ONLY
Superstock Agent,Explosive Leader / Early Supertrend Candidate,TEM,"Tempus AI, Inc. - Class A Common Stock",70.73,DISCOVER,UNCLASSIFIED,61.2,72,48,44.29,53.6,6.11,7.57,73.31,RESISTANCE_BREAKOUT,68.91,79.17,1.33,,NOT CHECKED,0,24.09,3,True,62.74,58.52,59.31,54.81,72.96,40.77,72.96,40.77,72.96,76.97,79.17,80.64,,,"20/50 uptrend, rising EMA50, compressed below 20d resistance, volume contraction",100.0,STRONG,Explosive 30-day behavior + liquid leadership + high relative strength + constructive structure + catalyst/theme support + asymmetric runway,NEUTRAL / RESET,B WATCH,MONITOR ONLY
Superstock Agent,Explosive Leader / Early Supertrend Candidate,SMTC,Semtech Corporation - Common Stock,167.58,DISCOVER,Semiconductors,61.2,72,48,24.92,63.3,6.66,7.05,171.32,RESISTANCE_BREAKOUT,161.04,175.69,0.42,2.55,NOT CHECKED,0,11.16,3,True,146.91,140.01,116.43,115.0,170.43,103.1,175.69,69.16,177.35,179.89,185.03,188.46,175.69,,"20/50 uptrend, rising EMA50, compressed below 20d resistance, volume contraction",100.0,STRONG,Explosive 30-day behavior + liquid leadership + high relative strength + constructive structure + catalyst/theme support + asymmetric runway,MOMENTUM SWEET SPOT,B WATCH,MONITOR ONLY
Superstock Agent,Explosive Leader / Early Supertrend Candidate,CRM,"Salesforce, Inc. Common Stock",251.15,DISCOVER,UNCLASSIFIED,59.0,68,50,29.05,71.2,4.97,3.74,269.27,RESISTANCE_BREAKOUT,253.11,290.81,1.33,,NOT CHECKED,0,22.58,1,True,239.18,214.98,203.27,194.21,268.27,146.32,268.27,146.32,263.53,282.73,290.81,296.19,,,"20/50 uptrend, rising EMA50, tight range, volume contraction",100.0,STRONG,Explosive 30-day behavior + liquid leadership + high relative strength + constructive structure + catalyst/theme support + asymmetric runway,MOMENTUM SWEET SPOT,B WATCH,MONITOR ONLY
Superstock Agent,Explosive Leader / Early Supertrend Candidate,ANF,Abercrombie & Fitch Company Common Stock,142.15,DISCOVER,UNCLASSIFIED,59.0,68,50,38.5,45.4,4.52,4.83,155.73,RESISTANCE_BREAKOUT,146.39,168.19,1.33,,NOT CHECKED,0,35.67,1,True,135.42,119.97,99.96,102.3,155.22,83.98,155.22,69.68,154.58,163.52,168.19,171.31,,,"20/50 uptrend, rising EMA50, bull flag/pullback, volume contraction, low-volume pullback",100.0,STRONG,Explosive 30-day behavior + liquid leadership + high relative strength + constructive structure + catalyst/theme support + asymmetric runway,NEUTRAL / RESET,B WATCH,MONITOR ONLY
Superstock Agent,Explosive Leader / Early Supertrend Candidate,AUGO,Aura Minerals Inc. - Common Shares,87.24,DISCOVER,UNCLASSIFIED,58.4,70,52,15.43,46.3,5.19,4.62,91.0,RESISTANCE_BREAKOUT,85.54,98.28,1.33,18.88,NOT CHECKED,0,13.79,3,True,83.57,76.75,66.43,78.59,90.64,47.61,90.64,47.61,108.18,95.55,98.28,100.1,108.18,,"20/50 uptrend, rising EMA50, compressed below 20d resistance, tight range",100.0,STRONG,Explosive 30-day behavior + liquid leadership + high relative strength + constructive structure + catalyst/theme support + asymmetric runway,NEUTRAL / RESET,B WATCH,MONITOR ONLY
Superstock Agent,Explosive Leader / Early Supertrend Candidate,TXG,"10x Genomics, Inc. - Common Stock",74.26,DISCOVER,UNCLASSIFIED,57.2,66,48,34.49,70.2,5.3,5.89,75.92,RESISTANCE_BREAKOUT,71.37,82.0,1.33,,NOT CHECKED,0,14.1,3,True,65.01,56.18,35.72,57.83,75.61,31.3,69.67,15.9,66.94,79.72,82.0,83.52,,,"20/50 uptrend, rising EMA50, compressed below 20d resistance, volume contraction",100.0,STRONG,Explosive 30-day behavior + liquid leadership + high relative strength + constructive structure + catalyst/theme support + asymmetric runway,MOMENTUM SWEET SPOT,B WATCH,MONITOR ONLY
Superstock Agent,Explosive Leader / Early Supertrend Candidate,DELL,Dell Technologies Inc. Class C Common Stock ,565.72,DISCOVER,UNCLASSIFIED,56.0,66,42,21.71,65.9,6.29,5.87,571.51,RESISTANCE_BREAKOUT,537.22,617.24,1.33,,NOT CHECKED,0,15.81,2,True,504.46,460.33,315.67,421.89,568.67,358.88,567.75,136.85,514.0,600.09,617.24,628.67,,,"20/50 uptrend, rising EMA50, compressed below 20d resistance",100.0,STRONG,Explosive 30-day behavior + liquid leadership + high relative strength + constructive structure + catalyst/theme support + asymmetric runway,MOMENTUM SWEET SPOT,B WATCH,MONITOR ONLY
Superstock Agent,Explosive Leader / Early Supertrend Candidate,CLSK,"CleanSpark, Inc. - Common Stock",12.98,DISCOVER,UNCLASSIFIED,54.0,72,48,11.7,55.0,6.86,7.02,14.1,RESISTANCE_BREAKOUT,13.26,15.23,1.33,35.09,NOT CHECKED,0,11.03,1,True,12.7,13.01,12.98,10.77,14.03,10.77,19.05,8.0,19.17,14.81,15.23,15.51,19.05,,"near EMA50 support, near EMA200 pivot, bull flag/pullback, volume contraction, low-volume pullback",100.0,STRONG,Explosive 30-day behavior + liquid leadership + high relative strength + constructive structure + catalyst/theme support + asymmetric runway,MOMENTUM SWEET SPOT,B WATCH,MONITOR ONLY
Superstock Agent,Explosive Leader / Early Supertrend Candidate,MARA,"MARA Holdings, Inc. - Common Stock",11.19,DISCOVER,UNCLASSIFIED,52.6,64,46,25.91,49.8,7.03,7.59,12.53,RESISTANCE_BREAKOUT,11.78,13.54,1.33,31.09,NOT CHECKED,0,15.54,2,True,11.22,11.36,12.12,8.68,12.47,8.68,16.43,7.63,16.43,13.16,13.54,13.79,16.43,,"rising EMA50, near EMA50 support, bull flag/pullback, volume contraction, low-volume pullback",100.0,STRONG,Explosive 30-day behavior + liquid leadership + high relative strength + constructive structure + catalyst/theme support + asymmetric runway,NEUTRAL / RESET,B WATCH,MONITOR ONLY
Superstock Agent,Explosive Leader / Early Supertrend Candidate,OKTA,"Okta, Inc. - Class A Common Stock",187.81,DISCOVER,UNCLASSIFIED,52.2,60,42,31.5,74.2,6.08,5.28,192.9,RESISTANCE_BREAKOUT,181.33,208.34,1.33,,NOT CHECKED,0,28.63,2,True,166.9,151.57,116.71,127.6,191.99,113.87,179.44,62.66,174.85,202.55,208.34,212.19,,,"20/50 uptrend, rising EMA50, compressed below 20d resistance",100.0,STRONG,Explosive 30-day behavior + liquid leadership + high relative strength + constructive structure + catalyst/theme support + asymmetric runway,STRONG / EXTENDED WATCH,B WATCH,MONITOR ONLY
Superstock Agent,Explosive Leader / Early Supertrend Candidate,BLSH,Bullish Ordinary Shares,32.78,DISCOVER,UNCLASSIFIED,52.2,60,42,34.16,49.1,6.87,6.24,39.74,RESISTANCE_BREAKOUT,37.35,42.91,1.33,23.14,NOT CHECKED,0,11.57,2,True,32.84,30.17,34.38,24.9,39.56,20.55,37.1,20.55,48.93,41.72,42.91,43.71,48.93,,"above EMA50, rising EMA50, near EMA200 pivot, bull flag/pullback",100.0,STRONG,Explosive 30-day behavior + liquid leadership + high relative strength + constructive structure + catalyst/theme support + asymmetric runway,NEUTRAL / RESET,B WATCH,MONITOR ONLY
Superstock Agent,Explosive Leader / Early Supertrend Candidate,AVAH,Aveanna Healthcare Holdings Inc. - Common Stock,14.57,DISCOVER,UNCLASSIFIED,59.2,72,48,16.04,65.6,3.56,3.98,14.74,RESISTANCE_BREAKOUT,13.86,15.92,1.35,,NOT CHECKED,0,24.75,1,True,13.4,11.78,9.28,12.39,14.69,7.76,14.54,5.93,14.0,15.47,15.92,16.21,,,"20/50 uptrend, rising EMA50, compressed below 20d resistance, volume contraction",99.2,STRONG,Explosive 30-day behavior + liquid leadership + high relative strength + constructive structure + catalyst/theme support + asymmetric runway,MOMENTUM SWEET SPOT,B WATCH,MONITOR ONLY
Superstock Agent,Explosive Leader / Early Supertrend Candidate,CRWD,"CrowdStrike Holdings, Inc. - Class A Common Stock",241.62,DISCOVER,UNCLASSIFIED,53.3,66,42,14.48,67.8,6.27,5.73,245.19,RESISTANCE_BREAKOUT,230.48,264.81,1.33,,NOT CHECKED,0,20.5,2,True,216.57,203.86,160.89,181.24,243.98,165.5,233.88,90.45,233.88,257.45,264.81,269.71,,,"20/50 uptrend, rising EMA50, compressed below 20d resistance",97.5,STRONG,Explosive 30-day behavior + liquid leadership + high relative strength + constructive structure + catalyst/theme support + asymmetric runway,MOMENTUM SWEET SPOT,B WATCH,MONITOR ONLY
Superstock Agent,Explosive Leader / Early Supertrend Candidate,DK,"Delek US Holdings, Inc. Common Stock",78.86,DISCOVER,UNCLASSIFIED,62.8,76,52,16.6,69.2,5.32,5.84,79.49,RESISTANCE_BREAKOUT,74.72,85.84,1.33,,NOT CHECKED,0,11.6,1,True,72.78,66.5,50.56,63.13,79.15,40.74,78.43,36.68,75.24,83.46,85.84,87.43,,,"20/50 uptrend, rising EMA50, compressed below 20d resistance, tight range",96.5,STRONG,Explosive 30-day behavior + liquid leadership + high relative strength + constructive structure + catalyst/theme support + asymmetric runway,MOMENTUM SWEET SPOT,B WATCH,MONITOR ONLY
Superstock Agent,Explosive Leader / Early Supertrend Candidate,ARE,"Alexandria Real Estate Equities, Inc. Common Stock",52.75,FORMING,UNCLASSIFIED,75.0,84,66,16.07,48.9,3.05,3.55,54.84,RESISTANCE_BREAKOUT,51.55,55.74,0.27,1.64,WEAK,22,10.27,1,True,51.52,50.86,52.95,46.74,54.71,45.78,55.74,38.9,55.74,57.58,59.23,60.32,55.74,0.78,"20/50 uptrend, rising EMA50, near EMA200 pivot, compressed below 20d resistance, volume contraction",95.9,STRONG,Explosive 30-day behavior + liquid leadership + high relative strength + constructive structure + catalyst/theme support + asymmetric runway,NEUTRAL / RESET,B WATCH,MONITOR ONLY
Superstock Agent,Explosive Leader / Early Supertrend Candidate,HOOD,"Robinhood Markets, Inc. - Class A Common Stock",105.61,DISCOVER,UNCLASSIFIED,50.3,60,42,16.38,47.2,6.24,5.94,125.78,RESISTANCE_BREAKOUT,118.23,135.84,1.33,,NOT CHECKED,0,16.57,2,True,109.03,103.68,99.53,92.19,125.25,83.68,125.25,63.51,120.05,132.07,135.84,138.35,,,"above EMA50, rising EMA50, near EMA50 support, volume contraction, low-volume pullback",94.4,STRONG,Explosive 30-day behavior + liquid leadership + high relative strength + constructive structure + catalyst/theme support + asymmetric runway,NEUTRAL / RESET,B WATCH,MONITOR ONLY
Superstock Agent,Explosive Leader / Early Supertrend Candidate,NTSK,"Netskope, Inc. - Class A Common Stock",17.37,DISCOVER,UNCLASSIFIED,49.2,60,42,14.01,70.5,6.77,6.71,17.81,RESISTANCE_BREAKOUT,16.75,19.24,1.33,,NOT CHECKED,0,15.65,2,True,15.16,14.04,14.01,13.14,17.72,8.69,16.58,7.66,16.58,18.7,19.24,19.6,,,"20/50 uptrend, rising EMA50, compressed below 20d resistance",94.1,STRONG,Explosive 30-day behavior + liquid leadership + high relative strength + constructive structure + catalyst/theme support + asymmetric runway,MOMENTUM SWEET SPOT,B WATCH,MONITOR ONLY
Superstock Agent,Explosive Leader / Early Supertrend Candidate,ASO,"Academy Sports and Outdoors, Inc. - Common Stock",51.54,DISCOVER,UNCLASSIFIED,49.8,64,40,10.94,68.6,4.5,3.88,57.07,RESISTANCE_BREAKOUT,53.64,61.45,1.28,7.69,NOT CHECKED,0,14.4,1,True,48.55,48.17,50.18,42.02,56.88,42.02,56.88,42.02,61.45,59.92,61.63,62.77,61.45,,"20/50 uptrend, rising EMA50, bull flag/pullback",94.0,STRONG,Explosive 30-day behavior + liquid leadership + high relative strength + constructive structure + catalyst/theme support + asymmetric runway,MOMENTUM SWEET SPOT,B WATCH,MONITOR ONLY
Superstock Agent,Explosive Leader / Early Supertrend Candidate,NTRA,"Natera, Inc. - Common Stock",349.1,DISCOVER,UNCLASSIFIED,54.8,66,42,13.0,58.0,2.99,3.22,352.62,RESISTANCE_BREAKOUT,335.07,380.82,1.61,,NOT CHECKED,0,21.37,1,True,328.15,303.86,247.76,313.46,351.78,219.5,343.18,181.0,343.18,370.25,380.82,387.88,,,"20/50 uptrend, rising EMA50, compressed below 20d resistance",93.5,STRONG,Explosive 30-day behavior + liquid leadership + high relative strength + constructive structure + catalyst/theme support + asymmetric runway,MOMENTUM SWEET SPOT,B WATCH,MONITOR ONLY
Superstock Agent,Explosive Leader / Early Supertrend Candidate,DOCU,"DocuSign, Inc. - Common Stock",70.97,DISCOVER,UNCLASSIFIED,50.1,58,40,19.26,73.4,4.32,3.87,74.31,RESISTANCE_BREAKOUT,69.85,80.25,1.33,,NOT CHECKED,0,10.31,1,True,65.32,60.06,57.27,58.73,74.07,42.25,70.4,41.37,66.33,78.03,80.25,81.74,,,"20/50 uptrend, rising EMA50, volume contraction",87.0,STRONG,Explosive 30-day behavior + liquid leadership + high relative strength + constructive structure + catalyst/theme support + asymmetric runway,STRONG / EXTENDED WATCH,B WATCH,MONITOR ONLY
Superstock Agent,Explosive Leader / Early Supertrend Candidate,EL,"Estee Lauder Companies, Inc. (The) Common Stock",96.31,DISCOVER,UNCLASSIFIED,59.0,68,50,15.68,31.4,3.25,3.26,108.26,RESISTANCE_BREAKOUT,103.01,116.92,1.65,,NOT CHECKED,0,16.3,1,True,97.53,92.93,89.6,93.18,108.01,76.57,108.01,65.74,108.01,113.68,116.92,119.09,,,"above EMA50, rising EMA50, bull flag/pullback, volume contraction, low-volume pullback",85.6,STRONG,Explosive 30-day behavior + liquid leadership + high relative strength + constructive structure + catalyst/theme support + asymmetric runway,WEAK MOMENTUM,B WATCH,MONITOR ONLY
Superstock Agent,Explosive Leader / Early Supertrend Candidate,ZETA,Zeta Global Holdings Corp. Class A Common Stock,31.12,DISCOVER,UNCLASSIFIED,58.5,74,50,11.24,63.9,4.72,4.45,32.93,RESISTANCE_BREAKOUT,30.95,35.56,1.33,,NOT CHECKED,0,11.58,1,True,29.94,27.1,22.07,27.11,32.81,17.77,32.81,14.36,31.05,34.57,35.56,36.22,,,"20/50 uptrend, rising EMA50, tight range, volume contraction",85.1,STRONG,Explosive 30-day behavior + liquid leadership + high relative strength + constructive structure + catalyst/theme support + asymmetric runway,MOMENTUM SWEET SPOT,B WATCH,MONITOR ONLY
Superstock Agent,Explosive Leader / Early Supertrend Candidate,TH,Target Hospitality Corp. - Common Stock,19.1,DISCOVER,UNCLASSIFIED,49.5,64,40,10.33,64.9,5.06,4.9,20.55,RESISTANCE_BREAKOUT,19.31,20.85,0.25,1.47,NOT CHECKED,0,12.99,1,True,18.48,17.75,14.42,16.7,20.47,14.08,20.85,7.48,20.85,21.57,22.19,22.6,20.85,,"20/50 uptrend, rising EMA50, bull flag/pullback",83.0,STRONG,Explosive 30-day behavior + liquid leadership + high relative strength + constructive structure + catalyst/theme support + asymmetric runway,MOMENTUM SWEET SPOT,B WATCH,MONITOR ONLY
Superstock Agent,Explosive Leader / Early Supertrend Candidate,WPM,Wheaton Precious Metals Corp Common Shares (Canada),148.95,FORMING,UNCLASSIFIED,71.7,78,60,13.39,42.1,3.8,3.27,164.35,RESISTANCE_BREAKOUT,154.84,165.03,0.07,0.41,ACTIVE,38,11.1,1,True,148.9,138.78,127.91,138.32,163.9,101.46,163.9,101.46,165.03,172.57,177.5,180.79,165.03,,"20/50 uptrend, rising EMA50, tight range, bull flag/pullback, volume contraction, low-volume pullback",82.7,STRONG,Explosive 30-day behavior + liquid leadership + high relative strength + constructive structure + catalyst/theme support + asymmetric runway,WEAK MOMENTUM,B WATCH,MONITOR ONLY
Superstock Agent,Explosive Leader / Early Supertrend Candidate,PSNL,"Personalis, Inc. - Common Stock",16.14,DISCOVER,UNCLASSIFIED,59.2,70,52,17.03,35.4,3.58,4.43,18.94,RESISTANCE_BREAKOUT,17.97,20.45,1.56,,NOT CHECKED,0,13.66,1,True,16.17,14.83,10.98,14.42,18.89,9.65,18.89,4.95,18.89,19.88,20.45,20.83,,,"above EMA50, rising EMA50, tight range, bull flag/pullback, volume contraction, low-volume pullback",82.6,STRONG,Explosive 30-day behavior + liquid leadership + high relative strength + constructive structure + catalyst/theme support + asymmetric runway,WEAK MOMENTUM,B WATCH,MONITOR ONLY
Superstock Agent,Explosive Leader / Early Supertrend Candidate,ROIV,Roivant Sciences Ltd. - Common Shares,39.92,DISCOVER,UNCLASSIFIED,49.1,64,44,7.82,60.6,4.57,3.51,42.65,RESISTANCE_BREAKOUT,40.09,46.06,1.33,,NOT CHECKED,0,18.75,1,True,38.06,36.12,29.77,33.43,42.5,30.7,42.5,25.95,37.97,44.78,46.06,46.91,,,"20/50 uptrend, rising EMA50, volume contraction, low-volume pullback",82.0,STRONG,Explosive 30-day behavior + liquid leadership + high relative strength + constructive structure + catalyst/theme support + asymmetric runway,MOMENTUM SWEET SPOT,B WATCH,MONITOR ONLY
Superstock Agent,Explosive Leader / Early Supertrend Candidate,IAG,Iamgold Corporation Ordinary Shares,19.75,DISCOVER,UNCLASSIFIED,52.8,66,52,9.55,36.2,4.12,3.53,22.39,RESISTANCE_BREAKOUT,21.04,24.18,1.33,11.1,NOT CHECKED,0,14.29,1,True,19.82,18.62,17.12,19.2,22.32,13.62,22.32,13.62,24.87,23.5,24.18,24.62,24.87,,"above EMA50, rising EMA50, tight range, bull flag/pullback, volume contraction, low-volume pullback",80.1,STRONG,Explosive 30-day behavior + liquid leadership + high relative strength + constructive structure + catalyst/theme support + asymmetric runway,WEAK MOMENTUM,B WATCH,MONITOR ONLY
Superstock Agent,Explosive Leader / Early Supertrend Candidate,WIX,Wix.com Ltd. - Ordinary Shares,81.52,DISCOVER,UNCLASSIFIED,42.9,56,42,6.65,48.9,6.36,5.75,97.21,RESISTANCE_BREAKOUT,91.38,104.99,1.33,,NOT CHECKED,0,16.45,1,True,78.68,71.66,82.11,69.27,96.8,40.16,96.8,40.16,94.83,102.08,104.99,106.94,,,"20/50 uptrend, rising EMA50, near EMA200 pivot, volume contraction",80.1,STRONG,Explosive 30-day behavior + liquid leadership + high relative strength + constructive structure + catalyst/theme support + asymmetric runway,NEUTRAL / RESET,B WATCH,MONITOR ONLY
Superstock Agent,Explosive Leader / Early Supertrend Candidate,CDE,"Coeur Mining, Inc. Common Stock",19.5,DISCOVER,UNCLASSIFIED,42.7,56,42,6.38,37.3,5.1,4.57,22.53,RESISTANCE_BREAKOUT,21.18,24.33,1.33,20.59,NOT CHECKED,0,13.07,2,True,20.16,19.06,18.46,19.38,22.45,13.93,22.45,13.93,27.17,23.66,24.33,24.78,27.17,,"above EMA50, rising EMA50, near EMA50 support, volume contraction, low-volume pullback",80.1,STRONG,Explosive 30-day behavior + liquid leadership + high relative strength + constructive structure + catalyst/theme support + asymmetric runway,WEAK MOMENTUM,B WATCH,MONITOR ONLY
Superstock Agent,Explosive Leader / Early Supertrend Candidate,HNGE,"Hinge Health, Inc. Class A Common Stock",93.03,DISCOVER,UNCLASSIFIED,55.2,72,52,6.43,53.7,4.84,4.95,95.93,RESISTANCE_BREAKOUT,90.17,103.6,1.33,,NOT CHECKED,0,11.55,1,True,90.27,85.04,66.46,84.23,95.57,67.86,95.57,34.64,95.57,100.73,103.6,105.52,,,"20/50 uptrend, rising EMA50, compressed below 20d resistance, tight range",76.2,STRONG,Explosive 30-day behavior + liquid leadership + high relative strength + constructive structure + catalyst/theme support + asymmetric runway,NEUTRAL / RESET,B WATCH,MONITOR ONLY
Superstock Agent,Explosive Leader / Early Supertrend Candidate,FSM,Fortuna Mining Corp. Common Shares,11.65,DISCOVER,UNCLASSIFIED,48.4,60,42,12.48,39.9,4.31,3.76,12.98,RESISTANCE_BREAKOUT,12.2,13.85,1.12,6.7,NOT CHECKED,0,11.29,1,True,11.73,10.87,9.93,11.11,12.94,7.92,12.94,7.92,13.85,13.63,14.02,14.28,13.85,,"above EMA50, rising EMA50, bull flag/pullback, volume contraction, low-volume pullback",76.0,STRONG,Explosive 30-day behavior + liquid leadership + high relative strength + constructive structure + catalyst/theme support + asymmetric runway,WEAK MOMENTUM,B WATCH,MONITOR ONLY
Superstock Agent,Explosive Leader / Early Supertrend Candidate,FIVN,"Five9, Inc. - Common Stock",34.18,DISCOVER,UNCLASSIFIED,46.6,62,42,6.33,58.5,4.78,4.51,35.31,RESISTANCE_BREAKOUT,33.19,38.14,1.33,,NOT CHECKED,0,19.81,1,True,32.19,29.9,24.33,30.1,35.18,18.15,35.18,13.29,35.17,37.08,38.14,38.84,,,"20/50 uptrend, rising EMA50, compressed below 20d resistance",75.7,STRONG,Explosive 30-day behavior + liquid leadership + high relative strength + constructive structure + catalyst/theme support + asymmetric runway,MOMENTUM SWEET SPOT,B WATCH,MONITOR ONLY
Superstock Agent,Explosive Leader / Early Supertrend Candidate,ZS,"Zscaler, Inc. - Common Stock",194.94,DISCOVER,UNCLASSIFIED,46.4,62,42,5.98,62.4,5.47,5.1,197.43,RESISTANCE_BREAKOUT,185.58,213.22,1.33,,NOT CHECKED,0,16.52,1,True,177.12,168.05,179.26,159.2,196.57,121.72,190.97,114.62,191.25,207.3,213.22,217.17,,,"20/50 uptrend, rising EMA50, compressed below 20d resistance",74.7,WATCH,Explosive 30-day behavior + liquid leadership + high relative strength + constructive structure + catalyst/theme support + asymmetric runway,MOMENTUM SWEET SPOT,B WATCH,MONITOR ONLY
Superstock Agent,Explosive Leader / Early Supertrend Candidate,NET,"Cloudflare, Inc. Class A Common Stock",326.96,DISCOVER,UNCLASSIFIED,48.2,62,42,9.49,63.4,5.15,5.17,335.95,RESISTANCE_BREAKOUT,315.79,362.82,1.33,,NOT CHECKED,0,10.51,1,True,303.06,287.12,244.29,269.3,334.6,212.32,332.22,164.05,332.22,352.75,362.82,369.54,,,"20/50 uptrend, rising EMA50, compressed below 20d resistance",73.3,WATCH,Explosive 30-day behavior + liquid leadership + high relative strength + constructive structure + catalyst/theme support + asymmetric runway,MOMENTUM SWEET SPOT,B WATCH,MONITOR ONLY
Superstock Agent,Explosive Leader / Early Supertrend Candidate,AEM,Agnico Eagle Mines Limited Common Stock,198.08,DISCOVER,UNCLASSIFIED,46.5,60,46,7.19,36.4,3.64,3.39,224.51,RESISTANCE_BREAKOUT,212.4,242.47,1.48,13.16,NOT CHECKED,0,11.12,1,True,197.74,186.36,179.82,192.93,223.93,134.08,223.93,134.08,254.05,235.74,242.47,246.96,254.05,,"20/50 uptrend, rising EMA50, tight range, volume contraction, low-volume pullback",70.9,WATCH,Explosive 30-day behavior + liquid leadership + high relative strength + constructive structure + catalyst/theme support + asymmetric runway,WEAK MOMENTUM,B WATCH,MONITOR ONLY
Superstock Agent,Explosive Leader / Early Supertrend Candidate,SSRM,SSR Mining Inc. - Common Stock,35.69,DISCOVER,UNCLASSIFIED,49.0,60,42,13.61,41.5,4.37,3.68,39.56,RESISTANCE_BREAKOUT,37.19,42.73,1.33,,NOT CHECKED,0,11.64,2,True,35.77,33.43,29.18,33.62,39.44,24.15,39.44,22.54,39.43,41.54,42.73,43.52,,,"above EMA50, rising EMA50, bull flag/pullback, volume contraction, low-volume pullback",70.6,WATCH,Explosive 30-day behavior + liquid leadership + high relative strength + constructive structure + catalyst/theme support + asymmetric runway,WEAK MOMENTUM,B WATCH,MONITOR ONLY
Superstock Agent,Explosive Leader / Early Supertrend Candidate,VRNS,"Varonis Systems, Inc. - Common Stock",47.56,DISCOVER,UNCLASSIFIED,48.3,62,42,9.77,69.8,4.42,4.16,48.38,RESISTANCE_BREAKOUT,45.48,49.54,0.4,2.4,NOT CHECKED,0,10.41,1,True,45.15,43.05,38.77,39.88,48.21,32.04,49.54,19.7,49.54,50.8,52.25,53.22,49.54,,"20/50 uptrend, rising EMA50, compressed below 20d resistance",70.2,WATCH,Explosive 30-day behavior + liquid leadership + high relative strength + constructive structure + catalyst/theme support + asymmetric runway,MOMENTUM SWEET SPOT,B WATCH,MONITOR ONLY
