trader,legendary_setup,ticker,company_name,price,stage,theme,market_hunt_score,technical_score,formation_score,rs20_vs_spy,rsi14,atr_pct,adr20_pct,entry_trigger,entry_model,stop,effective_target,effective_rr,runway_to_next_resistance_pct,catalyst_status,catalyst_score,max_up_day_30d_pct,ten_pct_up_days_30d,explosive_move_30d,intraday_rvol,pattern,legendary_score,setup_match,setup_reason,rsi_state
Mark Minervini,Trend Template / VCP,HESM,Hess Midstream LP Class A Representing Limited Partner Interests,39.97,FORMING,Energy,82.6,92,76,2.22,58.5,2.08,2.09,41.39,RESISTANCE_BREAKOUT,39.82,44.7,2.11,,HISTORICAL / CONTEXT,20,2.66,0,False,0.62,"20/50 uptrend, rising EMA50, near EMA50 support, compressed below 20d resistance, tight range, volume contraction",100.0,STRONG,Strong relative strength + tight constructive structure + favorable R/R,MOMENTUM SWEET SPOT
Mark Minervini,Trend Template / VCP,GS,"Goldman Sachs Group, Inc. (The) Common Stock",1029.18,FORMING,UNCLASSIFIED,67.8,78,68,0.94,48.2,2.15,2.11,1060.11,RESISTANCE_BREAKOUT,1025.19,1144.91,2.43,8.33,ACTIVE,30,3.73,0,False,,"20/50 uptrend, near EMA50 support, compressed below 20d resistance, tight range, volume contraction, low-volume pullback",93.5,STRONG,Strong relative strength + tight constructive structure + favorable R/R,NEUTRAL / RESET
Mark Minervini,Trend Template / VCP,GPC,Genuine Parts Company Common Stock,133.68,FORMING,UNCLASSIFIED,64.7,78,62,1.28,51.7,2.2,2.01,139.04,RESISTANCE_BREAKOUT,133.54,150.17,2.02,,HISTORICAL / CONTEXT,20,3.34,0,False,,"above EMA50, rising EMA50, compressed below 20d resistance, tight range, volume contraction, low-volume pullback",91.9,STRONG,Strong relative strength + tight constructive structure + favorable R/R,NEUTRAL / RESET
Mark Minervini,Trend Template / VCP,NBIX,"Neurocrine Biosciences, Inc. - Common Stock",156.22,DISCOVER,UNCLASSIFIED,55.2,70,50,5.33,61.5,2.73,2.56,160.77,RESISTANCE_BREAKOUT,157.58,173.63,4.03,15.77,NOT CHECKED,0,2.25,0,False,,"near EMA50 support, compressed below 20d resistance, tight range, volume contraction, low-volume pullback",80.8,STRONG,Strong relative strength + tight constructive structure + favorable R/R,MOMENTUM SWEET SPOT
Mark Minervini,Trend Template / VCP,MT,Arcelor Mittal NY Registry Shares NEW,74.51,DISCOVER,UNCLASSIFIED,53.4,68,52,3.52,58.4,2.39,2.13,79.82,RESISTANCE_BREAKOUT,76.83,86.21,2.13,,NOT CHECKED,0,4.71,0,False,,"20/50 uptrend, rising EMA50, volume contraction, low-volume pullback",79.2,STRONG,Strong relative strength + tight constructive structure + favorable R/R,MOMENTUM SWEET SPOT
Mark Minervini,Trend Template / VCP,MRK,"Merck & Company, Inc. Common Stock (new)",143.93,DISCOVER,UNCLASSIFIED,49.2,60,46,7.93,35.3,2.45,2.38,157.2,RESISTANCE_BREAKOUT,151.27,169.78,2.12,,NOT CHECKED,0,12.6,1,True,,"above EMA50, rising EMA50, tight range, volume contraction, low-volume pullback",78.1,STRONG,Strong relative strength + tight constructive structure + favorable R/R,WEAK MOMENTUM
Mark Minervini,Trend Template / VCP,CE,Celanese Corporation Common Stock,46.09,DISCOVER,UNCLASSIFIED,46.8,62,48,5.79,46.8,3.74,3.61,47.98,RESISTANCE_BREAKOUT,46.08,51.82,2.02,12.48,NOT CHECKED,0,5.73,0,False,,"near EMA50 support, compressed below 20d resistance, tight range, 20d volume expansion",77.7,STRONG,Strong relative strength + tight constructive structure + favorable R/R,NEUTRAL / RESET
Mark Minervini,Trend Template / VCP,KR,Kroger Company (The) Common Stock,58.49,DISCOVER,UNCLASSIFIED,53.5,64,48,4.65,53.1,2.47,2.25,59.32,RESISTANCE_BREAKOUT,57.89,64.06,3.34,8.8,NOT CHECKED,0,2.81,0,False,,"near EMA50 support, compressed below 20d resistance, tight range, 20d volume expansion",77.5,STRONG,Strong relative strength + tight constructive structure + favorable R/R,NEUTRAL / RESET
Mark Minervini,Trend Template / VCP,OPLN,"OPENLANE, Inc. Common Stock",35.28,DISCOVER,UNCLASSIFIED,50.7,66,50,1.69,64.3,2.46,2.63,36.1,RESISTANCE_BREAKOUT,35.22,38.99,3.29,18.84,NOT CHECKED,0,3.55,0,False,,"near EMA50 support, compressed below 20d resistance, tight range, volume contraction, low-volume pullback",76.5,STRONG,Strong relative strength + tight constructive structure + favorable R/R,MOMENTUM SWEET SPOT
